<?xml version="1.0" encoding="utf-8"?>
<COLLADA xmlns="http://www.collada.org/2005/11/COLLADASchema" version="1.4.1">
  <asset><contributor><author></author><authoring_tool>FBX COLLADA exporter</authoring_tool><comments></comments></contributor><created>2017-08-17T10:30:52Z</created><keywords></keywords><modified>2017-08-17T10:30:52Z</modified><revision></revision><subject></subject><title></title><unit meter="0.010000" name="centimeter"></unit><up_axis>Y_UP</up_axis></asset>
  <library_images>
    <image id="file6-image" name="file6"><init_from>file:///Users/simonthiele/Desktop/stanColorMap.jpg</init_from></image>
  </library_images>
  <library_materials>
    <material id="lambert8" name="lambert8">
      <instance_effect url="#lambert8-fx"/>
    </material>
  </library_materials>
  <library_effects>
    <effect id="lambert8-fx" name="lambert8">
      <profile_COMMON>
        <technique sid="standard">
          <lambert>
            <emission>
              <color sid="emission">0.000000  0.000000 0.000000 1.000000</color>
            </emission>
            <ambient>
              <color sid="ambient">0.000000  0.000000 0.000000 1.000000</color>
            </ambient>
            <diffuse>
              <texture texture="file6-image" texcoord="CHANNEL0">
                <extra>
                  <technique profile="MAYA">
                    <wrapU sid="wrapU0">TRUE</wrapU>
                    <wrapV sid="wrapV0">TRUE</wrapV>
                    <blend_mode>NONE</blend_mode>
                  </technique>
                </extra>
              </texture>
            </diffuse>
            <transparent opaque="RGB_ZERO">
              <color sid="transparent">0.000000  0.000000 0.000000 1.000000</color>
            </transparent>
            <transparency>
              <float sid="transparency">1.000000</float>
            </transparency>
          </lambert>
        </technique>
      </profile_COMMON>
    </effect>
  </library_effects>
  <library_geometries>
    <geometry id="stanMesh-lib" name="stanMeshMesh">
      <mesh>
        <source id="stanMesh-POSITION">
          <float_array id="stanMesh-POSITION-array" count="4746">
0.485674 1.644831 0.401205
0.640203 2.197664 0.300293
0.525502 1.687139 0.484266
0.625051 2.021290 0.435745
0.557660 1.762402 0.509889
0.594309 1.887293 0.490359
0.368050 1.666880 0.052882
0.600031 2.422975 -0.011194
0.333024 1.719867 -0.097169
0.544372 2.430457 -0.182073
0.312531 1.793699 -0.214576
0.505067 2.401199 -0.276626
0.317603 1.923369 -0.331698
0.436713 2.330944 -0.379125
0.333254 2.050014 -0.402418
0.385090 2.204990 -0.420130
0.400589 1.642849 0.159844
0.623320 2.368807 0.086911
0.635455 2.297065 0.201687
0.439056 1.632956 0.275602
0.329516 1.602603 0.493088
0.285912 1.584602 0.333045
0.532093 2.365229 0.540837
0.528144 2.509555 0.376784
0.367118 1.649215 0.599240
0.503242 2.106235 0.647137
0.405318 1.742189 0.660335
0.459577 1.902797 0.674185
0.240047 1.653719 0.069362
0.223421 1.704585 -0.102259
0.480069 2.596552 0.063645
0.406454 2.553823 -0.190790
0.192646 1.769608 -0.238293
0.361853 2.501963 -0.319055
0.192800 1.923315 -0.395163
0.302478 2.400158 -0.434835
0.211704 2.065353 -0.463328
0.252601 2.252299 -0.487487
0.264371 1.612825 0.205908
0.506867 2.579896 0.188039
0.446836 2.590980 -0.052026
0.572091 2.436910 -0.095700
0.350467 1.693479 -0.022441
0.230987 1.676635 -0.007938
0.184965 1.581316 0.526760
0.158486 1.572300 0.345746
0.352556 2.377008 0.676552
0.356767 2.574234 0.510840
0.211180 1.626659 0.643553
0.327053 2.118830 0.764639
0.239590 1.719496 0.721644
0.276998 1.889051 0.771963
0.126903 1.651563 0.078708
0.117908 1.675610 -0.001648
0.313831 2.693465 0.091002
0.279972 2.668490 -0.075663
0.105756 1.704585 -0.102259
0.081117 1.782276 -0.303028
0.243629 2.607146 -0.237521
0.211702 2.541682 -0.364344
0.086157 1.929895 -0.435070
0.181657 2.445971 -0.453719
0.113267 2.163293 -0.514691
0.140254 2.314648 -0.513060
0.142681 1.610968 0.213134
0.343936 2.662010 0.313721
0.095049 1.573732 0.533560
0.081666 1.566998 0.360820
0.171151 2.354326 0.759365
0.176450 2.592751 0.592650
0.105911 1.618883 0.660248
0.155786 2.103418 0.825484
0.119242 1.708311 0.746253
0.137241 1.877989 0.811304
0.065469 1.650298 0.083266
0.062773 1.674434 0.002679
0.154078 2.747399 0.130154
0.139137 2.704000 -0.089835
0.055839 1.705729 -0.104183
0.046362 1.778699 -0.307675
0.119308 2.631865 -0.249707
0.101248 2.554227 -0.387395
0.047749 1.930328 -0.442851
0.087078 2.455844 -0.466984
0.063948 2.165531 -0.521869
0.073610 2.318578 -0.522318
0.075110 1.608147 0.222457
0.175443 2.705297 0.391114
0.000000 1.570533 0.533657
0.000000 1.558542 0.398565
0.000000 2.333415 0.789857
0.000000 2.587837 0.628471
0.000000 1.616627 0.668459
0.000000 2.082967 0.844135
0.000000 1.705702 0.755118
0.000000 1.873610 0.823423
0.000000 1.647883 0.091262
0.000000 1.679389 -0.017601
0.000000 2.763313 0.151015
0.000000 2.706257 -0.096537
0.000000 1.716698 -0.163286
0.000000 1.763456 -0.295549
0.000000 2.639987 -0.254762
0.000000 2.558570 -0.394822
0.000000 1.933661 -0.453426
0.000000 2.462328 -0.473406
0.000000 2.167085 -0.529761
0.000000 2.328473 -0.528995
0.000000 1.602036 0.242423
0.000000 2.713514 0.428587
0.590900 2.436187 -0.005498
0.562557 2.448637 -0.092376
0.533875 2.439847 -0.182736
0.494166 2.408868 -0.279856
0.426496 2.336212 -0.383366
0.375006 2.208591 -0.425256
0.324002 2.051181 -0.407054
0.308104 1.923365 -0.336528
0.303406 1.791865 -0.216381
0.324682 1.718704 -0.097556
0.341372 1.692197 -0.021337
0.358307 1.665878 0.054137
0.390222 1.640564 0.163350
0.427400 1.629276 0.279974
0.473788 1.641617 0.408199
0.513447 1.684253 0.493017
0.546065 1.760864 0.521340
0.584054 1.888473 0.504351
0.615779 2.027756 0.451835
0.631974 2.210418 0.318602
0.627287 2.313239 0.215014
0.614456 2.384874 0.094608
-0.485674 1.644831 0.401205
-0.640203 2.197664 0.300293
-0.525502 1.687139 0.484266
-0.625051 2.021290 0.435745
-0.557660 1.762402 0.509889
-0.594309 1.887293 0.490359
-0.368050 1.666880 0.052882
-0.600031 2.422975 -0.011194
-0.333024 1.719867 -0.097169
-0.544372 2.430457 -0.182073
-0.312531 1.793699 -0.214576
-0.505067 2.401199 -0.276626
-0.317603 1.923369 -0.331698
-0.436713 2.330944 -0.379125
-0.333254 2.050014 -0.402418
-0.385090 2.204990 -0.420130
-0.400589 1.642849 0.159844
-0.623320 2.368807 0.086911
-0.635455 2.297065 0.201687
-0.439056 1.632956 0.275602
-0.329516 1.602603 0.493088
-0.285912 1.584602 0.333045
-0.532093 2.365229 0.540837
-0.528144 2.509555 0.376784
-0.367118 1.649215 0.599240
-0.503242 2.106235 0.647137
-0.405318 1.742189 0.660335
-0.459577 1.902797 0.674185
-0.240047 1.653719 0.069362
-0.223421 1.704585 -0.102259
-0.480069 2.596552 0.063645
-0.406454 2.553823 -0.190790
-0.192646 1.769608 -0.238293
-0.361853 2.501963 -0.319055
-0.192800 1.923315 -0.395163
-0.302478 2.400158 -0.434835
-0.211704 2.065353 -0.463328
-0.252601 2.252299 -0.487487
-0.264371 1.612825 0.205908
-0.506867 2.579896 0.188039
-0.446836 2.590980 -0.052026
-0.572091 2.436910 -0.095700
-0.350467 1.693479 -0.022441
-0.230987 1.676635 -0.007938
-0.184965 1.581316 0.526760
-0.158486 1.572300 0.345746
-0.352556 2.377008 0.676552
-0.356767 2.574234 0.510840
-0.211180 1.626659 0.643553
-0.327053 2.118830 0.764639
-0.239590 1.719496 0.721644
-0.276998 1.889051 0.771963
-0.126903 1.651563 0.078708
-0.117908 1.675610 -0.001648
-0.313831 2.693465 0.091002
-0.279972 2.668490 -0.075663
-0.105756 1.704585 -0.102259
-0.081117 1.782276 -0.303028
-0.243629 2.607146 -0.237521
-0.211702 2.541682 -0.364344
-0.086157 1.929895 -0.435070
-0.181657 2.445971 -0.453719
-0.113267 2.163293 -0.514691
-0.140254 2.314648 -0.513060
-0.142681 1.610968 0.213134
-0.343936 2.662010 0.313721
-0.095049 1.573732 0.533560
-0.081666 1.566998 0.360820
-0.171151 2.354326 0.759365
-0.176450 2.592751 0.592650
-0.105911 1.618883 0.660248
-0.155786 2.103418 0.825484
-0.119242 1.708311 0.746253
-0.137241 1.877989 0.811304
-0.065469 1.650298 0.083266
-0.062773 1.674434 0.002679
-0.154078 2.747399 0.130154
-0.139137 2.704000 -0.089835
-0.055839 1.705729 -0.104183
-0.046362 1.778699 -0.307675
-0.119308 2.631865 -0.249707
-0.101248 2.554227 -0.387395
-0.047749 1.930328 -0.442851
-0.087078 2.455844 -0.466984
-0.063948 2.165531 -0.521869
-0.073610 2.318578 -0.522318
-0.075110 1.608147 0.222457
-0.175443 2.705297 0.391114
-0.590900 2.436187 -0.005498
-0.562557 2.448637 -0.092376
-0.533875 2.439847 -0.182736
-0.494166 2.408868 -0.279856
-0.426496 2.336212 -0.383366
-0.375006 2.208591 -0.425256
-0.324002 2.051181 -0.407054
-0.308104 1.923365 -0.336528
-0.303406 1.791865 -0.216381
-0.324682 1.718704 -0.097556
-0.341372 1.692197 -0.021337
-0.358307 1.665878 0.054137
-0.390222 1.640564 0.163350
-0.427400 1.629276 0.279974
-0.473788 1.641617 0.408199
-0.513447 1.684253 0.493017
-0.546065 1.760864 0.521340
-0.584054 1.888473 0.504351
-0.615779 2.027756 0.451835
-0.631974 2.210418 0.318602
-0.627287 2.313239 0.215014
-0.614456 2.384874 0.094608
0.134560 1.439809 0.320361
0.000000 1.442559 0.350489
0.224414 1.629491 -0.203263
0.000000 1.652286 -0.241856
0.000000 1.549567 0.127254
0.277118 1.512886 0.117475
0.000000 1.613610 -0.050512
0.280933 1.579872 -0.049895
0.000000 1.507291 0.233670
0.226259 1.452496 0.249531
0.186986 1.386924 0.345082
0.000000 1.363511 0.426214
0.285936 1.403518 0.242862
0.355573 1.461200 0.089300
0.378778 1.526466 -0.086737
0.000000 1.598860 -0.331587
0.228388 1.601936 -0.284529
0.221991 1.316311 0.360710
0.000000 1.283052 0.467152
0.321528 1.354462 0.230096
0.398260 1.410436 0.060721
0.434960 1.471163 -0.122106
0.000000 1.515920 -0.362211
0.318437 1.510558 -0.311575
0.244915 1.230602 0.367859
0.000000 1.189010 0.492513
0.354766 1.264922 0.212459
0.436800 1.327350 0.041331
0.493155 1.365522 -0.153162
0.000000 1.426743 -0.355522
0.435800 1.386208 -0.284843
0.244787 1.123488 0.379796
0.000000 1.068784 0.502291
0.350950 1.169095 0.226210
0.421865 1.225204 0.082471
0.491369 1.285049 -0.106499
0.000000 1.310755 -0.258605
0.376905 1.303956 -0.230551
0.232306 0.993416 0.383900
0.000000 0.941936 0.494514
0.311649 1.031290 0.275112
0.370301 1.073992 0.156563
0.410606 1.117318 0.028958
0.000000 1.231882 -0.184145
0.376905 1.242863 -0.167347
0.199229 0.823932 0.383348
0.000000 0.778430 0.466395
0.260440 0.848677 0.300285
0.295857 0.877106 0.205098
0.290127 0.896937 0.120907
0.000000 0.929231 0.013240
0.204060 0.921030 0.042595
0.144304 0.628475 0.368761
0.000000 0.609164 0.416198
0.193732 0.638615 0.313917
0.225471 0.662534 0.231598
0.213147 0.681093 0.155040
0.000000 0.696314 0.063710
0.146014 0.692793 0.093583
0.114239 0.447272 0.308039
0.000000 0.419644 0.333090
0.155709 0.468714 0.272631
0.175900 0.480762 0.221120
0.164804 0.494655 0.150803
0.000000 0.501191 0.065163
0.114852 0.500754 0.096972
0.102140 0.287740 0.224835
0.000000 0.263831 0.249414
0.123318 0.300868 0.205148
0.138855 0.320793 0.166791
0.127732 0.320806 0.119717
0.000000 0.311276 0.036126
0.099710 0.317410 0.079582
0.072389 0.127298 0.124920
0.000000 0.111117 0.136801
0.091217 0.138882 0.109994
0.102269 0.154873 0.087772
0.100524 0.172871 0.063522
0.000000 0.172807 -0.007562
0.077031 0.175777 0.026688
0.000000 0.049310 0.076647
0.000000 0.085942 0.114239
0.000000 0.018950 0.039390
0.000000 0.000000 0.000000
0.000000 0.001720 -0.034940
0.000000 0.020189 -0.048935
0.000000 0.076535 -0.043508
-0.134561 1.439809 0.320361
-0.224414 1.629491 -0.203263
-0.277118 1.512886 0.117475
-0.280933 1.579872 -0.049895
-0.226258 1.452496 0.249531
-0.186986 1.386924 0.345082
-0.285936 1.403518 0.242862
-0.355574 1.461200 0.089300
-0.378778 1.526466 -0.086737
-0.228388 1.601936 -0.284529
-0.221991 1.316311 0.360710
-0.321528 1.354462 0.230096
-0.398260 1.410436 0.060721
-0.434960 1.471163 -0.122106
-0.318438 1.510558 -0.311575
-0.244915 1.230602 0.367859
-0.354766 1.264922 0.212459
-0.436800 1.327350 0.041331
-0.493155 1.365522 -0.153162
-0.435801 1.386208 -0.284843
-0.244787 1.123488 0.379796
-0.350950 1.169095 0.226210
-0.421865 1.225204 0.082471
-0.491369 1.285049 -0.106499
-0.376905 1.303956 -0.230551
-0.232306 0.993416 0.383900
-0.311649 1.031290 0.275112
-0.370301 1.073992 0.156563
-0.410605 1.117318 0.028958
-0.376905 1.242863 -0.167347
-0.199229 0.823932 0.383348
-0.260440 0.848677 0.300285
-0.295857 0.877106 0.205098
-0.290127 0.896937 0.120907
-0.204060 0.921030 0.042595
-0.144304 0.628475 0.368761
-0.193731 0.638615 0.313917
-0.225471 0.662534 0.231598
-0.213147 0.681093 0.155040
-0.146014 0.692793 0.093583
-0.114239 0.447272 0.308039
-0.155709 0.468714 0.272631
-0.175900 0.480762 0.221120
-0.164804 0.494655 0.150803
-0.114852 0.500754 0.096972
-0.102140 0.287740 0.224835
-0.123318 0.300868 0.205148
-0.138855 0.320793 0.166791
-0.127731 0.320806 0.119717
-0.099710 0.317410 0.079582
-0.072389 0.127298 0.124920
-0.091217 0.138882 0.109994
-0.102269 0.154873 0.087772
-0.100524 0.172871 0.063522
-0.077031 0.175777 0.026688
-0.473722 2.243017 -0.138884
-0.394991 2.119263 -0.237993
-0.335680 1.952478 -0.238409
-0.318442 1.806364 -0.139973
-0.349862 1.736733 0.019715
-0.417939 1.770184 0.179661
-0.496669 1.893938 0.278770
-0.555980 2.060723 0.279186
-0.573219 2.206838 0.180750
-0.541798 2.276466 0.021062
-0.529456 2.223246 -0.158471
-0.450725 2.099492 -0.257580
-0.391415 1.932707 -0.257996
-0.374177 1.786593 -0.159560
-0.405596 1.716962 0.000128
-0.473673 1.750413 0.160074
-0.552404 1.874167 0.259183
-0.611715 2.040952 0.259599
-0.628953 2.187067 0.161163
-0.597532 2.256695 0.001475
-0.445831 2.006601 0.020388
-0.548756 2.208738 -0.160604
-0.472475 2.088834 -0.256630
-0.415008 1.927236 -0.257033
-0.398307 1.785667 -0.161660
-0.428749 1.718202 -0.006938
-0.494709 1.750613 0.148032
-0.570990 1.870517 0.244058
-0.628456 2.032115 0.244461
-0.645158 2.173684 0.149087
-0.614715 2.241147 -0.005634
-0.572665 2.176632 -0.154671
-0.503935 2.068598 -0.241191
-0.452157 1.922996 -0.241554
-0.437109 1.795442 -0.155622
-0.464538 1.734656 -0.016217
-0.523968 1.763858 0.123413
-0.592698 1.871892 0.209933
-0.644476 2.017494 0.210296
-0.659524 2.145048 0.124363
-0.632095 2.205833 -0.015041
-0.584611 2.132170 -0.134459
-0.528738 2.044344 -0.204794
-0.486647 1.925982 -0.205089
-0.474414 1.822289 -0.135232
-0.496711 1.772874 -0.021906
-0.545024 1.796613 0.091603
-0.600896 1.884438 0.161938
-0.642987 2.002800 0.162233
-0.655221 2.106494 0.092376
-0.632923 2.155907 -0.020950
-0.595711 2.040064 -0.084858
-0.568020 1.996538 -0.119717
-0.547159 1.937874 -0.119863
-0.541096 1.886484 -0.085241
-0.552147 1.861993 -0.029075
-0.576091 1.873758 0.027182
-0.603782 1.917284 0.062041
-0.624644 1.975948 0.062187
-0.630707 2.027339 0.027565
-0.619655 2.051830 -0.028601
-0.578935 2.037862 -0.074014
-0.553850 1.998431 -0.105593
-0.570049 1.962535 -0.023267
-0.534952 1.945290 -0.105725
-0.529460 1.898735 -0.074361
-0.539471 1.876549 -0.023481
-0.561162 1.887208 0.027481
-0.586247 1.926638 0.059059
-0.605145 1.979779 0.059192
-0.610637 2.026335 0.027828
-0.600626 2.048520 -0.023052
-0.557076 2.168445 -0.140869
-0.492731 2.067302 -0.221870
-0.510575 2.050964 -0.198924
-0.566594 2.139019 -0.128405
-0.444256 1.930989 -0.222210
-0.468373 1.932291 -0.199220
-0.430168 1.811571 -0.141759
-0.456108 1.828326 -0.129180
-0.455847 1.754663 -0.011247
-0.478464 1.778782 -0.015557
-0.511486 1.782002 0.119476
-0.526903 1.802583 0.098249
-0.575832 1.883145 0.200477
-0.582922 1.890638 0.168768
-0.624306 2.019458 0.200817
-0.625123 2.009311 0.169064
-0.638394 2.138876 0.120366
-0.637389 2.113276 0.099024
-0.612715 2.195784 -0.010146
-0.615032 2.162818 -0.014599
0.473722 2.243017 -0.138884
0.394991 2.119263 -0.237993
0.335680 1.952478 -0.238409
0.318442 1.806364 -0.139973
0.349862 1.736733 0.019715
0.417939 1.770184 0.179661
0.496669 1.893938 0.278770
0.555980 2.060723 0.279186
0.573219 2.206838 0.180750
0.541798 2.276466 0.021062
0.529456 2.223246 -0.158471
0.450725 2.099492 -0.257580
0.391415 1.932707 -0.257996
0.374177 1.786593 -0.159560
0.405596 1.716962 0.000128
0.473673 1.750413 0.160074
0.552404 1.874167 0.259183
0.611715 2.040952 0.259599
0.628953 2.187067 0.161163
0.597532 2.256695 0.001475
0.445831 2.006601 0.020388
0.548756 2.208738 -0.160604
0.472475 2.088834 -0.256630
0.415008 1.927236 -0.257033
0.398307 1.785667 -0.161660
0.428749 1.718202 -0.006938
0.494709 1.750613 0.148032
0.570990 1.870517 0.244058
0.628456 2.032115 0.244461
0.645158 2.173684 0.149087
0.614715 2.241147 -0.005634
0.572665 2.176632 -0.154671
0.503935 2.068598 -0.241191
0.452157 1.922996 -0.241554
0.437109 1.795442 -0.155622
0.464538 1.734656 -0.016217
0.523968 1.763858 0.123413
0.592698 1.871892 0.209933
0.644476 2.017494 0.210296
0.659524 2.145048 0.124363
0.632095 2.205833 -0.015041
0.584611 2.132170 -0.134459
0.528738 2.044344 -0.204794
0.486647 1.925982 -0.205089
0.474414 1.822289 -0.135232
0.496711 1.772874 -0.021906
0.545024 1.796613 0.091603
0.600896 1.884438 0.161938
0.642987 2.002800 0.162233
0.655221 2.106494 0.092376
0.632923 2.155907 -0.020950
0.595711 2.040064 -0.084858
0.568020 1.996538 -0.119717
0.547159 1.937874 -0.119863
0.541096 1.886484 -0.085241
0.552147 1.861993 -0.029075
0.576091 1.873758 0.027182
0.603782 1.917284 0.062041
0.624644 1.975948 0.062187
0.630707 2.027339 0.027565
0.619655 2.051830 -0.028601
0.578935 2.037862 -0.074014
0.553850 1.998431 -0.105593
0.570049 1.962535 -0.023267
0.534952 1.945290 -0.105725
0.529460 1.898735 -0.074361
0.539471 1.876549 -0.023481
0.561162 1.887208 0.027481
0.586247 1.926638 0.059059
0.605145 1.979779 0.059192
0.610637 2.026335 0.027828
0.600626 2.048520 -0.023052
0.557076 2.168445 -0.140869
0.492731 2.067302 -0.221870
0.510575 2.050964 -0.198924
0.566594 2.139019 -0.128405
0.444256 1.930989 -0.222210
0.468373 1.932291 -0.199220
0.430168 1.811571 -0.141759
0.456108 1.828326 -0.129180
0.455847 1.754663 -0.011247
0.478464 1.778782 -0.015557
0.511486 1.782002 0.119476
0.526903 1.802583 0.098249
0.575832 1.883145 0.200477
0.582922 1.890638 0.168768
0.624306 2.019458 0.200817
0.625123 2.009311 0.169064
0.638394 2.138876 0.120366
0.637389 2.113276 0.099024
0.612715 2.195784 -0.010146
0.615032 2.162818 -0.014599
-0.586897 1.290626 -0.163933
-0.550025 1.205609 -0.181687
-0.513181 1.122291 -0.142886
-0.497942 1.089481 -0.067929
-0.513241 1.126397 0.022694
-0.550110 1.211414 0.052699
-0.583769 1.294777 0.018893
-0.597954 1.336909 -0.073307
-0.550067 1.208512 -0.070618
-0.681972 1.181886 -0.171387
-0.604767 1.131145 -0.213119
-0.527588 1.082428 -0.168777
-0.495648 1.064278 -0.059582
-0.527659 1.087324 0.048993
-0.604868 1.138068 0.093021
-0.682044 1.186782 0.046710
-0.713983 1.204932 -0.062813
-0.724131 1.085694 -0.172616
-0.630812 1.045697 -0.220941
-0.537526 1.007910 -0.170809
-0.498916 0.994471 -0.051587
-0.537604 1.013248 0.066884
-0.630922 1.053243 0.115208
-0.724208 1.091030 0.065076
-0.762819 1.104471 -0.054146
-0.768587 0.976004 -0.170039
-0.659116 0.944838 -0.221494
-0.549677 0.916013 -0.168621
-0.504380 0.906417 -0.042392
-0.549759 0.921668 0.083250
-0.659233 0.952834 0.134703
-0.768669 0.981656 0.081830
-0.813968 0.991254 -0.044399
-0.792762 0.893061 -0.164619
-0.674481 0.867766 -0.217954
-0.556232 0.844893 -0.163460
-0.507289 0.837836 -0.033055
-0.556317 0.850737 0.096870
-0.674601 0.876032 0.150208
-0.792848 0.898905 0.095713
-0.841790 0.905959 -0.034692
-0.812025 0.816450 -0.157901
-0.684479 0.799713 -0.212135
-0.561631 0.785361 -0.157120
-0.510015 0.781878 -0.025082
-0.561717 0.791280 0.106630
-0.684601 0.808087 0.160866
-0.812111 0.822372 0.105851
-0.867611 0.825795 -0.026186
-0.821408 0.753628 -0.155994
-0.691935 0.745577 -0.212001
-0.562500 0.740050 -0.155602
-0.509075 0.750787 -0.019838
-0.562588 0.746142 0.115767
-0.692061 0.754193 0.171774
-0.821497 0.759720 0.115378
-0.877015 0.759458 -0.020389
-0.820830 0.674472 -0.144958
-0.691151 0.691747 -0.200817
-0.561573 0.716011 -0.145703
-0.508697 0.727428 -0.011897
-0.561661 0.722025 0.122218
-0.691275 0.700252 0.178081
-0.820918 0.680489 0.122963
-0.875258 0.663047 -0.010843
-0.802422 0.606625 -0.134989
-0.682980 0.650058 -0.190201
-0.560756 0.691362 -0.137166
-0.507683 0.703899 -0.006956
-0.560841 0.697229 0.124159
-0.683101 0.658354 0.179368
-0.802508 0.612492 0.126333
-0.848850 0.564788 -0.003877
-0.774591 0.556009 -0.129628
-0.660219 0.614533 -0.184862
-0.559700 0.672512 -0.132462
-0.506072 0.682076 -0.003124
-0.559786 0.678348 0.127387
-0.669529 0.631024 0.182619
-0.774677 0.561845 0.130221
-0.809015 0.508296 0.000880
-0.722569 0.537641 -0.125941
-0.657317 0.607917 0.002568
-0.654283 0.605017 -0.181172
-0.557194 0.646372 -0.128774
-0.506871 0.651763 0.000566
-0.557279 0.652207 0.131074
-0.660352 0.610821 0.186308
-0.722654 0.543474 0.133908
-0.749960 0.459910 0.004570
-0.464391 0.466374 0.129457
-0.711597 0.571207 0.091315
-0.616461 0.384685 0.090436
-0.740893 0.465878 0.007163
-0.623555 0.641773 -0.043015
-0.528870 0.615062 -0.087658
-0.545008 0.534750 -0.087828
-0.603174 0.629199 0.118329
-0.695035 0.518687 0.110455
-0.610828 0.494480 -0.137555
-0.514859 0.605985 -0.063663
-0.598498 0.534946 0.138771
-0.520182 0.562400 0.115730
-0.576473 0.502922 0.097750
-0.465379 0.447131 0.193566
-0.499988 0.415523 0.162368
-0.719880 0.562865 -0.081669
-0.558346 0.488213 -0.035806
-0.682086 0.437682 -0.023116
-0.638854 0.345196 -0.031623
-0.654734 0.433621 0.001929
-0.549557 0.335323 -0.042814
-0.559470 0.328029 -0.052507
-0.608659 0.453135 -0.051244
-0.642471 0.307954 0.049554
-0.650280 0.376348 0.028609
-0.526251 0.623042 0.087276
-0.587627 0.416341 -0.144884
-0.535491 0.443683 -0.136332
-0.676495 0.513010 -0.120150
-0.462368 0.482143 0.143556
-0.627820 0.568928 -0.145893
-0.585913 0.306904 0.080739
-0.586180 0.297898 0.062503
-0.663563 0.469779 0.091366
-0.668258 0.624248 0.038944
-0.523729 0.529791 0.184393
-0.574276 0.317195 -0.027461
-0.537247 0.400931 -0.138506
-0.542759 0.568256 0.149699
-0.515383 0.427357 -0.107707
-0.766245 0.531780 -0.002046
-0.618908 0.425793 -0.122771
-0.538028 0.548639 0.074702
-0.568173 0.507240 -0.092211
-0.613350 0.445154 0.039774
-0.601969 0.397370 -0.010539
-0.598449 0.532721 -0.134808
-0.597288 0.409115 -0.040721
-0.628250 0.350482 -0.059286
-0.507289 0.599654 0.015184
-0.554786 0.518998 0.185186
-0.633633 0.319336 0.094275
-0.621951 0.288367 0.074151
-0.651465 0.620957 -0.076128
-0.500481 0.490803 0.115069
-0.730419 0.469471 0.041818
-0.495822 0.529495 0.150009
-0.714080 0.585836 -0.060915
-0.682108 0.449784 0.056199
-0.640469 0.464946 -0.121100
-0.663182 0.344028 0.055267
-0.753898 0.503651 0.043384
-0.569628 0.485210 0.165234
-0.555125 0.651406 -0.050011
-0.600187 0.585558 0.149056
-0.609054 0.463205 0.076695
-0.645324 0.382860 -0.001623
-0.544270 0.418807 -0.148046
-0.576824 0.655058 0.042562
-0.623450 0.534499 0.141056
-0.547385 0.403468 -0.097257
-0.608606 0.444312 -0.024952
-0.512938 0.444628 0.192572
-0.538908 0.653741 -0.016169
-0.601094 0.377813 0.054800
-0.637123 0.436590 0.099695
-0.537667 0.474998 0.115375
-0.645768 0.587758 -0.134266
-0.591571 0.327917 -0.012565
-0.749473 0.513867 -0.056073
-0.593103 0.552232 0.144671
-0.683312 0.565923 0.120353
-0.474482 0.421725 0.139037
-0.571396 0.452146 -0.091363
-0.623381 0.382530 0.031000
-0.670832 0.439258 0.035405
-0.568678 0.484102 -0.058479
-0.660346 0.452430 -0.067772
-0.566418 0.640911 0.098052
-0.708039 0.453330 -0.043062
-0.564560 0.360257 -0.063120
-0.583940 0.334860 0.053187
-0.452340 0.435874 0.171764
-0.710004 0.496496 -0.091886
-0.613063 0.387152 -0.067873
-0.724632 0.591123 0.027604
-0.758701 0.543534 -0.026195
-0.711106 0.450115 0.028117
-0.513092 0.585771 -0.044875
-0.625289 0.303737 0.037915
-0.556755 0.469220 0.134746
-0.626835 0.538813 -0.141581
-0.544608 0.354223 -0.036585
-0.598805 0.324833 0.095401
-0.620897 0.462897 -0.079954
-0.550603 0.344004 -0.018457
-0.642553 0.434754 -0.072135
-0.565489 0.466656 -0.124069
-0.598554 0.417567 -0.096116
-0.664366 0.370918 0.088379
-0.638002 0.433581 0.025021
-0.573478 0.603023 0.139302
-0.569553 0.622402 -0.116922
-0.677129 0.418534 -0.041793
-0.638852 0.483184 -0.130926
-0.550944 0.607522 -0.115789
-0.665049 0.625077 -0.033343
-0.516736 0.430189 0.142682
-0.494087 0.514041 0.127844
-0.458632 0.483044 0.163321
-0.662456 0.561986 -0.133739
-0.747328 0.561032 0.042981
-0.521220 0.634655 0.062591
-0.659977 0.368350 -0.031418
-0.646029 0.316247 0.080216
-0.652167 0.490152 0.112493
-0.663569 0.438159 0.094568
-0.595625 0.508340 -0.117840
-0.629928 0.435386 0.000723
-0.686382 0.608280 0.065942
-0.535184 0.562611 -0.094128
-0.729888 0.515177 -0.081045
-0.570036 0.468113 -0.011303
-0.605897 0.490160 0.107484
-0.484031 0.417012 0.175444
-0.744144 0.549082 0.061002
-0.585429 0.435086 -0.085475
-0.601343 0.468868 -0.077257
-0.613411 0.388741 -0.000276
-0.583417 0.447413 -0.152093
-0.526103 0.443261 -0.111827
-0.599399 0.608578 -0.134633
-0.624327 0.612007 0.132307
-0.567194 0.659124 -0.005221
-0.586794 0.645516 -0.072819
-0.630303 0.381216 0.098240
-0.745134 0.485673 -0.043960
-0.503175 0.507286 0.190694
-0.488165 0.440912 0.122255
-0.578615 0.322603 -0.053209
-0.570355 0.480653 0.051418
-0.557987 0.395870 -0.111755
-0.552275 0.654757 0.042640
-0.628602 0.632252 0.084174
-0.497878 0.459940 0.200372
-0.557375 0.488791 0.027774
-0.558782 0.374899 -0.028728
-0.578215 0.348399 -0.001244
-0.605719 0.332816 0.030547
-0.571265 0.578022 0.141274
-0.514948 0.631715 -0.041048
-0.612972 0.384763 0.038875
-0.626644 0.573755 0.148541
-0.550600 0.524132 0.074854
-0.721436 0.522489 0.091298
-0.552674 0.554861 -0.115097
-0.706599 0.602392 -0.023943
-0.536694 0.426744 -0.091313
-0.454573 0.432090 0.148592
-0.649210 0.476057 -0.100215
-0.526420 0.567416 0.135542
-0.640709 0.393856 -0.070155
-0.520227 0.420198 -0.138283
-0.630496 0.345588 -0.015339
-0.765726 0.505653 -0.004443
-0.523201 0.600952 0.089664
-0.602650 0.323833 -0.028543
-0.518120 0.549080 0.100370
-0.523128 0.400122 -0.125112
-0.617134 0.646521 0.035769
-0.624269 0.287327 0.057267
-0.750743 0.479206 -0.020626
-0.464043 0.477560 0.183289
-0.652889 0.605493 -0.111062
-0.546617 0.489467 0.191597
-0.567262 0.500634 0.177367
-0.587922 0.334275 0.083190
-0.574059 0.461589 -0.141738
-0.750814 0.564854 0.013712
-0.649849 0.495540 -0.117642
-0.562420 0.330107 -0.012244
-0.603999 0.561813 -0.145019
-0.711994 0.496725 0.087939
-0.673088 0.367422 0.070554
-0.582714 0.350153 -0.069402
-0.480356 0.413491 0.156037
-0.617568 0.619369 -0.119497
-0.745068 0.542477 -0.058735
-0.644065 0.329475 0.037245
-0.543023 0.637209 0.088977
-0.623379 0.469925 0.092226
-0.541599 0.585314 -0.111849
-0.685529 0.462755 -0.074645
-0.683103 0.539680 0.123372
-0.595204 0.303026 0.039316
-0.673405 0.435554 -0.010266
-0.598327 0.408570 -0.128685
-0.653594 0.435743 0.025719
-0.620248 0.329871 0.099326
-0.603674 0.289533 0.078685
-0.660448 0.425891 -0.067785
-0.582346 0.621658 0.129564
-0.527615 0.506882 0.196456
-0.565620 0.358401 -0.006029
-0.528455 0.480761 0.110757
-0.480685 0.471295 0.197213
-0.562203 0.375218 -0.048938
-0.597075 0.391007 -0.059072
-0.565075 0.462548 -0.105189
-0.622821 0.318599 0.029938
-0.752722 0.486541 0.026079
-0.564866 0.638906 -0.090342
-0.511764 0.617457 0.056452
-0.529414 0.552595 0.033862
-0.589875 0.451280 0.002076
-0.715448 0.470974 -0.065012
-0.499799 0.530377 0.164916
-0.654901 0.595889 0.126159
-0.528419 0.400495 -0.105110
-0.508236 0.631438 -0.001946
-0.545831 0.629808 -0.092516
-0.463490 0.439599 0.131445
-0.624153 0.376009 0.002058
-0.675011 0.538839 -0.126955
-0.698467 0.552343 -0.109014
-0.764288 0.527210 0.026021
-0.646081 0.374905 0.098221
-0.542825 0.608499 0.116681
-0.599401 0.608988 0.141182
-0.563997 0.471742 0.151418
-0.620583 0.431789 -0.106073
-0.610915 0.430944 -0.142094
-0.465199 0.419777 0.163594
-0.713324 0.588113 0.065653
-0.587606 0.475963 0.074622
-0.542072 0.643730 -0.062788
-0.593243 0.643336 0.084266
-0.505861 0.615095 -0.023900
-0.687772 0.615616 0.003652
-0.516529 0.432220 0.179244
-0.559200 0.397763 -0.130837
-0.522803 0.647589 0.001356
-0.585539 0.462450 -0.042521
-0.645227 0.542004 0.140832
-0.574570 0.556525 -0.134421
-0.602163 0.288750 0.055690
-0.687632 0.605347 -0.060783
-0.658678 0.378342 -0.015928
-0.676694 0.448185 -0.055224
-0.538763 0.433981 -0.144761
-0.524067 0.431414 0.159298
-0.674130 0.381149 0.051243
-0.616064 0.438441 -0.009388
-0.718150 0.545349 0.095132
-0.641282 0.638538 0.001048
-0.711727 0.447255 0.001694
-0.683710 0.484021 -0.098597
-0.449650 0.456371 0.147070
-0.548462 0.500228 0.003658
-0.608507 0.303130 0.093630
-0.583874 0.339196 0.068774
-0.601430 0.378850 0.070160
-0.600217 0.439060 -0.150433
-0.625673 0.489412 -0.137883
-0.553801 0.622989 0.116906
-0.641191 0.616713 0.111817
-0.471413 0.428596 0.187897
-0.634040 0.507728 -0.126969
-0.448645 0.455674 0.171164
-0.677515 0.462365 0.077961
-0.687525 0.478708 0.090113
-0.625180 0.502315 0.123183
-0.589536 0.319079 -0.042644
-0.599692 0.411430 -0.024322
-0.538770 0.581923 0.111811
-0.500522 0.431471 0.129266
-0.651586 0.532850 -0.136488
-0.664524 0.366920 0.039988
-0.590664 0.583959 -0.143062
-0.685275 0.438091 0.009480
-0.607592 0.451739 0.052372
-0.617475 0.449926 -0.058261
-0.759465 0.505271 -0.031914
-0.622992 0.361705 -0.067619
-0.629320 0.341291 -0.046787
-0.560443 0.585749 -0.128142
-0.602939 0.651972 -0.019147
-0.587564 0.483855 -0.087208
-0.731490 0.581662 -0.027789
-0.487477 0.435905 0.195205
-0.655871 0.566125 0.138171
-0.539327 0.647266 0.060838
-0.507302 0.528449 0.177872
-0.516068 0.411738 -0.108737
-0.551321 0.359471 -0.048894
-0.742718 0.562741 -0.041642
-0.616740 0.589661 -0.142856
-0.733005 0.466394 -0.033417
-0.643376 0.472131 0.097381
-0.567166 0.372467 -0.013315
-0.685165 0.594980 0.095381
-0.565556 0.337619 -0.063566
-0.573477 0.604543 -0.130796
-0.595549 0.628742 -0.112350
-0.611300 0.558773 0.148700
-0.580941 0.462820 0.033279
-0.531294 0.553687 -0.073393
-0.589951 0.330397 0.040567
-0.478104 0.454365 0.121109
-0.601429 0.410939 -0.109720
-0.567670 0.530118 -0.115220
-0.635069 0.453797 -0.070027
-0.586263 0.497206 -0.101960
-0.725816 0.535217 -0.087038
-0.575856 0.424717 -0.151310
-0.554533 0.585730 0.130300
-0.623734 0.357241 -0.002945
-0.565604 0.507913 0.086781
-0.635469 0.465412 -0.087475
-0.681858 0.586628 -0.102475
-0.712193 0.469238 0.062964
-0.643406 0.303878 0.068853
-0.608356 0.386246 0.080702
-0.649764 0.357090 -0.043479
-0.676627 0.439381 0.080947
-0.579979 0.315514 0.069475
-0.495770 0.419459 0.143289
-0.613976 0.512894 -0.127795
-0.532260 0.568770 0.090876
-0.610393 0.295035 0.040838
-0.747930 0.530577 0.060832
-0.551636 0.471814 0.179774
-0.513451 0.635870 0.033767
-0.588918 0.338541 -0.003935
-0.527191 0.589457 -0.090656
-0.738518 0.486972 0.053260
-0.739937 0.510764 0.067893
-0.584228 0.567119 0.145419
-0.644281 0.586324 0.139064
-0.596066 0.515793 0.125709
-0.520238 0.438964 -0.125049
-0.588365 0.505916 0.112700
-0.763527 0.522820 -0.025602
-0.539132 0.393575 -0.115640
-0.514220 0.418752 -0.125212
-0.529139 0.414081 -0.094942
-0.625774 0.602716 -0.133554
-0.498807 0.506388 0.119079
-0.675644 0.507479 0.116977
-0.649088 0.368418 -0.058189
-0.581855 0.315463 0.053842
-0.651335 0.445662 0.099122
-0.733236 0.493793 -0.067445
-0.506313 0.617768 0.029493
-0.593299 0.331401 -0.060798
-0.526629 0.552957 -0.008197
-0.523940 0.478150 0.198045
-0.731581 0.586298 -0.000148
-0.749679 0.564324 -0.016708
-0.545541 0.510477 -0.032823
-0.757336 0.486060 0.001975
-0.559133 0.560731 0.159042
-0.763446 0.504086 0.016697
-0.528704 0.645054 -0.039797
-0.531870 0.439724 -0.100268
-0.663679 0.385422 -0.048516
-0.589353 0.395255 -0.022193
-0.673815 0.424681 -0.054530
-0.682790 0.442496 -0.037155
-0.494216 0.523967 0.137969
-0.549276 0.413917 -0.091028
-0.617933 0.596343 0.144863
-0.546347 0.469808 0.123250
-0.680031 0.421967 0.064948
-0.587286 0.396287 -0.041749
-0.608124 0.444196 -0.041495
-0.565563 0.318208 -0.036028
-0.645951 0.361323 -0.012051
-0.550949 0.359398 -0.021686
-0.574621 0.653521 -0.041352
-0.519418 0.502275 0.102257
-0.644464 0.512401 0.128837
-0.723880 0.455070 -0.019473
-0.682997 0.572499 -0.113332
-0.761404 0.548607 0.006240
-0.529566 0.648670 0.035542
-0.540425 0.532710 0.182316
-0.492244 0.423899 0.184977
-0.550698 0.332653 -0.028452
-0.605759 0.410765 -0.056341
-0.699550 0.526640 -0.110770
-0.604449 0.400725 0.065245
-0.607431 0.392958 0.048274
-0.514053 0.592832 0.058148
-0.603441 0.652530 0.017434
-0.549377 0.460215 0.168713
-0.551542 0.345102 -0.053344
-0.521472 0.581184 -0.074061
-0.624020 0.626688 -0.099910
-0.544645 0.656663 0.009752
-0.447550 0.447495 0.159796
-0.627985 0.438511 0.027432
-0.633125 0.376934 0.027621
-0.625888 0.295763 0.083920
-0.530618 0.631171 -0.072172
-0.512577 0.483235 0.111316
0.586897 1.290626 -0.163933
0.550025 1.205609 -0.181687
0.513181 1.122291 -0.142886
0.497942 1.089481 -0.067929
0.513241 1.126397 0.022694
0.550110 1.211414 0.052699
0.583769 1.294777 0.018893
0.597954 1.336909 -0.073307
0.550067 1.208512 -0.070618
0.681972 1.181886 -0.171387
0.604767 1.131145 -0.213119
0.527588 1.082428 -0.168777
0.495648 1.064278 -0.059582
0.527659 1.087324 0.048993
0.604868 1.138068 0.093021
0.682044 1.186782 0.046710
0.713983 1.204932 -0.062813
0.724131 1.085694 -0.172616
0.630812 1.045697 -0.220941
0.537526 1.007910 -0.170809
0.498916 0.994471 -0.051587
0.537604 1.013248 0.066884
0.630922 1.053243 0.115208
0.724208 1.091030 0.065076
0.762819 1.104471 -0.054146
0.768587 0.976004 -0.170039
0.659116 0.944838 -0.221494
0.549677 0.916013 -0.168621
0.504380 0.906417 -0.042392
0.549759 0.921668 0.083250
0.659233 0.952834 0.134703
0.768669 0.981656 0.081830
0.813968 0.991254 -0.044399
0.792762 0.893061 -0.164619
0.674481 0.867766 -0.217954
0.556232 0.844893 -0.163460
0.507289 0.837836 -0.033055
0.556317 0.850737 0.096870
0.674601 0.876032 0.150208
0.792848 0.898905 0.095713
0.841790 0.905959 -0.034692
0.812025 0.816450 -0.157901
0.684479 0.799713 -0.212135
0.561631 0.785361 -0.157120
0.510015 0.781878 -0.025082
0.561717 0.791280 0.106630
0.684601 0.808087 0.160866
0.812111 0.822372 0.105851
0.867611 0.825795 -0.026186
0.821408 0.753628 -0.155994
0.691935 0.745577 -0.212001
0.562500 0.740050 -0.155602
0.509075 0.750787 -0.019838
0.562588 0.746142 0.115767
0.692061 0.754193 0.171774
0.821497 0.759720 0.115378
0.877015 0.759458 -0.020389
0.820830 0.674472 -0.144958
0.691151 0.691747 -0.200817
0.561573 0.716011 -0.145703
0.508697 0.727428 -0.011897
0.561661 0.722025 0.122218
0.691275 0.700252 0.178081
0.820918 0.680489 0.122963
0.875258 0.663047 -0.010843
0.802422 0.606625 -0.134989
0.682980 0.650058 -0.190201
0.560756 0.691362 -0.137166
0.507683 0.703899 -0.006956
0.560841 0.697229 0.124159
0.683101 0.658354 0.179368
0.802508 0.612492 0.126333
0.848850 0.564788 -0.003877
0.774591 0.556009 -0.129628
0.660219 0.614533 -0.184862
0.559700 0.672512 -0.132462
0.506072 0.682076 -0.003124
0.559786 0.678348 0.127387
0.669529 0.631024 0.182619
0.774677 0.561845 0.130221
0.809015 0.508296 0.000880
0.722569 0.537641 -0.125941
0.657317 0.607917 0.002568
0.654283 0.605017 -0.181172
0.557194 0.646372 -0.128774
0.506871 0.651763 0.000566
0.557279 0.652207 0.131074
0.660352 0.610821 0.186308
0.722654 0.543474 0.133908
0.749960 0.459910 0.004570
0.464391 0.466374 0.129457
0.711597 0.571207 0.091315
0.616461 0.384685 0.090436
0.740893 0.465878 0.007163
0.623555 0.641773 -0.043015
0.528870 0.615062 -0.087658
0.545008 0.534750 -0.087828
0.603174 0.629199 0.118329
0.695035 0.518687 0.110455
0.610828 0.494480 -0.137555
0.514859 0.605985 -0.063663
0.598498 0.534946 0.138771
0.520182 0.562400 0.115730
0.576473 0.502922 0.097750
0.465379 0.447131 0.193566
0.499988 0.415523 0.162368
0.719880 0.562865 -0.081669
0.558346 0.488213 -0.035806
0.682086 0.437682 -0.023116
0.638854 0.345196 -0.031623
0.654734 0.433621 0.001929
0.549557 0.335323 -0.042814
0.559470 0.328029 -0.052507
0.608659 0.453135 -0.051244
0.642471 0.307954 0.049554
0.650280 0.376348 0.028609
0.526251 0.623042 0.087276
0.587626 0.416341 -0.144884
0.535491 0.443683 -0.136332
0.676495 0.513010 -0.120150
0.462368 0.482143 0.143556
0.627820 0.568928 -0.145893
0.585913 0.306904 0.080739
0.586180 0.297898 0.062503
0.663563 0.469779 0.091366
0.668258 0.624248 0.038944
0.523729 0.529791 0.184393
0.574276 0.317195 -0.027461
0.537247 0.400931 -0.138506
0.542759 0.568256 0.149699
0.515383 0.427357 -0.107707
0.766245 0.531780 -0.002046
0.618908 0.425793 -0.122771
0.538028 0.548639 0.074702
0.568173 0.507240 -0.092211
0.613350 0.445154 0.039774
0.601969 0.397370 -0.010539
0.598449 0.532721 -0.134808
0.597288 0.409115 -0.040721
0.628250 0.350482 -0.059286
0.507289 0.599654 0.015184
0.554786 0.518998 0.185186
0.633633 0.319336 0.094275
0.621951 0.288367 0.074151
0.651465 0.620957 -0.076128
0.500481 0.490803 0.115069
0.730419 0.469471 0.041818
0.495822 0.529495 0.150009
0.714080 0.585836 -0.060915
0.682108 0.449784 0.056199
0.640469 0.464946 -0.121100
0.663182 0.344028 0.055267
0.753898 0.503651 0.043384
0.569628 0.485210 0.165234
0.555125 0.651406 -0.050011
0.600187 0.585558 0.149056
0.609054 0.463205 0.076695
0.645324 0.382860 -0.001623
0.544270 0.418807 -0.148046
0.576824 0.655058 0.042562
0.623450 0.534499 0.141056
0.547385 0.403468 -0.097257
0.608606 0.444312 -0.024952
0.512938 0.444628 0.192572
0.538908 0.653741 -0.016169
0.601094 0.377813 0.054800
0.637123 0.436590 0.099695
0.537667 0.474998 0.115375
0.645768 0.587758 -0.134266
0.591571 0.327917 -0.012565
0.749473 0.513867 -0.056073
0.593103 0.552232 0.144671
0.683312 0.565923 0.120353
0.474482 0.421725 0.139037
0.571396 0.452146 -0.091363
0.623381 0.382530 0.031000
0.670832 0.439258 0.035405
0.568678 0.484102 -0.058479
0.660346 0.452430 -0.067772
0.566418 0.640911 0.098052
0.708039 0.453330 -0.043062
0.564560 0.360257 -0.063120
0.583941 0.334860 0.053187
0.452340 0.435874 0.171764
0.710004 0.496496 -0.091886
0.613063 0.387152 -0.067873
0.724632 0.591123 0.027604
0.758701 0.543534 -0.026195
0.711106 0.450115 0.028117
0.513092 0.585771 -0.044875
0.625289 0.303737 0.037915
0.556755 0.469220 0.134746
0.626835 0.538813 -0.141581
0.544608 0.354223 -0.036585
0.598805 0.324833 0.095401
0.620897 0.462897 -0.079954
0.550603 0.344004 -0.018457
0.642553 0.434754 -0.072135
0.565489 0.466656 -0.124069
0.598554 0.417567 -0.096116
0.664366 0.370918 0.088379
0.638002 0.433581 0.025021
0.573478 0.603023 0.139302
0.569553 0.622402 -0.116922
0.677129 0.418534 -0.041793
0.638852 0.483184 -0.130926
0.550944 0.607522 -0.115789
0.665049 0.625077 -0.033343
0.516737 0.430189 0.142682
0.494087 0.514041 0.127844
0.458632 0.483044 0.163321
0.662456 0.561986 -0.133739
0.747328 0.561032 0.042981
0.521220 0.634655 0.062591
0.659977 0.368350 -0.031418
0.646029 0.316247 0.080216
0.652167 0.490152 0.112493
0.663569 0.438159 0.094568
0.595625 0.508340 -0.117840
0.629928 0.435386 0.000723
0.686382 0.608280 0.065942
0.535184 0.562611 -0.094128
0.729888 0.515177 -0.081045
0.570035 0.468113 -0.011303
0.605897 0.490160 0.107484
0.484031 0.417012 0.175444
0.744144 0.549082 0.061002
0.585429 0.435086 -0.085475
0.601343 0.468868 -0.077257
0.613411 0.388741 -0.000276
0.583417 0.447413 -0.152093
0.526103 0.443261 -0.111827
0.599399 0.608578 -0.134633
0.624326 0.612007 0.132307
0.567194 0.659124 -0.005221
0.586794 0.645516 -0.072819
0.630303 0.381216 0.098240
0.745134 0.485673 -0.043960
0.503175 0.507286 0.190694
0.488165 0.440912 0.122255
0.578615 0.322603 -0.053209
0.570355 0.480653 0.051418
0.557987 0.395870 -0.111755
0.552275 0.654757 0.042640
0.628602 0.632252 0.084174
0.497878 0.459940 0.200372
0.557375 0.488791 0.027774
0.558782 0.374899 -0.028728
0.578215 0.348399 -0.001244
0.605719 0.332816 0.030547
0.571265 0.578022 0.141274
0.514948 0.631715 -0.041048
0.612972 0.384763 0.038875
0.626644 0.573755 0.148541
0.550600 0.524132 0.074854
0.721437 0.522489 0.091298
0.552674 0.554861 -0.115097
0.706599 0.602392 -0.023943
0.536694 0.426744 -0.091313
0.454573 0.432090 0.148592
0.649210 0.476057 -0.100215
0.526420 0.567416 0.135542
0.640709 0.393856 -0.070155
0.520227 0.420198 -0.138283
0.630496 0.345588 -0.015339
0.765726 0.505653 -0.004443
0.523201 0.600952 0.089664
0.602650 0.323833 -0.028543
0.518121 0.549080 0.100370
0.523128 0.400122 -0.125112
0.617134 0.646521 0.035769
0.624269 0.287327 0.057267
0.750743 0.479206 -0.020626
0.464043 0.477560 0.183289
0.652889 0.605493 -0.111062
0.546617 0.489467 0.191597
0.567262 0.500634 0.177367
0.587922 0.334275 0.083190
0.574059 0.461589 -0.141738
0.750814 0.564854 0.013712
0.649849 0.495540 -0.117642
0.562420 0.330107 -0.012244
0.603999 0.561813 -0.145019
0.711994 0.496725 0.087939
0.673088 0.367422 0.070554
0.582714 0.350153 -0.069402
0.480356 0.413491 0.156037
0.617568 0.619369 -0.119497
0.745068 0.542477 -0.058735
0.644065 0.329475 0.037245
0.543023 0.637209 0.088977
0.623379 0.469925 0.092226
0.541599 0.585314 -0.111849
0.685529 0.462755 -0.074645
0.683103 0.539680 0.123372
0.595204 0.303026 0.039316
0.673405 0.435554 -0.010266
0.598327 0.408570 -0.128685
0.653594 0.435743 0.025719
0.620248 0.329871 0.099326
0.603674 0.289533 0.078685
0.660448 0.425891 -0.067785
0.582345 0.621658 0.129564
0.527615 0.506882 0.196456
0.565619 0.358401 -0.006029
0.528455 0.480761 0.110757
0.480685 0.471295 0.197213
0.562203 0.375218 -0.048938
0.597075 0.391007 -0.059072
0.565075 0.462548 -0.105189
0.622821 0.318599 0.029938
0.752722 0.486541 0.026079
0.564866 0.638906 -0.090342
0.511764 0.617457 0.056452
0.529414 0.552595 0.033862
0.589875 0.451280 0.002076
0.715448 0.470974 -0.065012
0.499799 0.530377 0.164916
0.654901 0.595889 0.126159
0.528419 0.400495 -0.105110
0.508236 0.631438 -0.001946
0.545831 0.629808 -0.092516
0.463490 0.439599 0.131445
0.624153 0.376009 0.002058
0.675011 0.538839 -0.126955
0.698467 0.552343 -0.109014
0.764288 0.527210 0.026021
0.646081 0.374905 0.098221
0.542825 0.608499 0.116681
0.599401 0.608988 0.141182
0.563997 0.471742 0.151418
0.620583 0.431789 -0.106073
0.610915 0.430944 -0.142094
0.465199 0.419777 0.163594
0.713324 0.588113 0.065653
0.587606 0.475963 0.074622
0.542072 0.643730 -0.062788
0.593243 0.643336 0.084266
0.505861 0.615095 -0.023900
0.687772 0.615616 0.003652
0.516529 0.432220 0.179244
0.559200 0.397763 -0.130837
0.522803 0.647589 0.001356
0.585539 0.462450 -0.042521
0.645227 0.542004 0.140832
0.574570 0.556525 -0.134421
0.602163 0.288750 0.055690
0.687632 0.605347 -0.060783
0.658679 0.378342 -0.015928
0.676694 0.448185 -0.055224
0.538763 0.433981 -0.144761
0.524067 0.431414 0.159298
0.674130 0.381149 0.051243
0.616064 0.438441 -0.009388
0.718150 0.545349 0.095132
0.641282 0.638538 0.001048
0.711727 0.447255 0.001694
0.683710 0.484021 -0.098597
0.449650 0.456371 0.147070
0.548462 0.500228 0.003658
0.608507 0.303130 0.093630
0.583874 0.339196 0.068774
0.601430 0.378850 0.070160
0.600217 0.439060 -0.150433
0.625673 0.489412 -0.137883
0.553801 0.622989 0.116906
0.641191 0.616713 0.111817
0.471413 0.428596 0.187897
0.634040 0.507728 -0.126969
0.448645 0.455674 0.171164
0.677515 0.462365 0.077961
0.687525 0.478708 0.090113
0.625180 0.502315 0.123183
0.589536 0.319079 -0.042644
0.599692 0.411430 -0.024322
0.538770 0.581923 0.111811
0.500522 0.431471 0.129266
0.651586 0.532850 -0.136488
0.664524 0.366920 0.039988
0.590664 0.583959 -0.143062
0.685275 0.438091 0.009480
0.607592 0.451739 0.052372
0.617475 0.449926 -0.058261
0.759465 0.505271 -0.031914
0.622992 0.361705 -0.067619
0.629320 0.341291 -0.046787
0.560443 0.585749 -0.128142
0.602939 0.651972 -0.019147
0.587564 0.483855 -0.087208
0.731490 0.581662 -0.027789
0.487477 0.435905 0.195205
0.655871 0.566125 0.138171
0.539327 0.647266 0.060838
0.507302 0.528449 0.177872
0.516068 0.411738 -0.108737
0.551321 0.359471 -0.048894
0.742718 0.562741 -0.041642
0.616740 0.589661 -0.142856
0.733005 0.466394 -0.033417
0.643376 0.472131 0.097381
0.567166 0.372467 -0.013315
0.685165 0.594980 0.095381
0.565556 0.337619 -0.063566
0.573477 0.604543 -0.130796
0.595549 0.628742 -0.112350
0.611300 0.558773 0.148700
0.580941 0.462820 0.033279
0.531294 0.553687 -0.073393
0.589951 0.330397 0.040567
0.478104 0.454365 0.121109
0.601429 0.410939 -0.109720
0.567670 0.530118 -0.115220
0.635069 0.453797 -0.070027
0.586263 0.497206 -0.101960
0.725816 0.535217 -0.087038
0.575856 0.424717 -0.151310
0.554533 0.585730 0.130300
0.623734 0.357241 -0.002945
0.565604 0.507913 0.086781
0.635469 0.465412 -0.087475
0.681858 0.586628 -0.102475
0.712193 0.469238 0.062964
0.643406 0.303878 0.068853
0.608356 0.386246 0.080702
0.649764 0.357090 -0.043479
0.676627 0.439381 0.080947
0.579979 0.315514 0.069475
0.495770 0.419459 0.143289
0.613976 0.512894 -0.127795
0.532259 0.568770 0.090876
0.610393 0.295035 0.040838
0.747930 0.530577 0.060832
0.551636 0.471814 0.179774
0.513451 0.635870 0.033767
0.588918 0.338541 -0.003935
0.527191 0.589457 -0.090656
0.738518 0.486972 0.053260
0.739937 0.510764 0.067893
0.584228 0.567119 0.145419
0.644281 0.586324 0.139064
0.596066 0.515793 0.125709
0.520238 0.438964 -0.125049
0.588365 0.505916 0.112700
0.763527 0.522820 -0.025602
0.539132 0.393575 -0.115640
0.514220 0.418752 -0.125212
0.529139 0.414081 -0.094942
0.625774 0.602716 -0.133554
0.498807 0.506388 0.119079
0.675644 0.507479 0.116977
0.649088 0.368418 -0.058189
0.581855 0.315463 0.053842
0.651335 0.445662 0.099122
0.733236 0.493793 -0.067445
0.506313 0.617768 0.029493
0.593299 0.331401 -0.060798
0.526629 0.552957 -0.008197
0.523940 0.478150 0.198045
0.731581 0.586298 -0.000148
0.749679 0.564324 -0.016708
0.545541 0.510477 -0.032823
0.757336 0.486060 0.001975
0.559133 0.560731 0.159042
0.763446 0.504086 0.016697
0.528704 0.645054 -0.039797
0.531870 0.439724 -0.100268
0.663679 0.385422 -0.048516
0.589353 0.395255 -0.022193
0.673815 0.424681 -0.054530
0.682790 0.442496 -0.037155
0.494216 0.523967 0.137969
0.549276 0.413917 -0.091028
0.617933 0.596343 0.144863
0.546347 0.469808 0.123250
0.680031 0.421967 0.064948
0.587286 0.396287 -0.041749
0.608124 0.444196 -0.041495
0.565563 0.318208 -0.036028
0.645951 0.361323 -0.012051
0.550949 0.359398 -0.021686
0.574621 0.653521 -0.041352
0.519418 0.502275 0.102257
0.644464 0.512401 0.128837
0.723880 0.455070 -0.019473
0.682997 0.572499 -0.113332
0.761404 0.548607 0.006240
0.529566 0.648670 0.035542
0.540425 0.532710 0.182316
0.492244 0.423899 0.184977
0.550698 0.332653 -0.028452
0.605759 0.410765 -0.056341
0.699550 0.526640 -0.110770
0.604449 0.400725 0.065245
0.607431 0.392958 0.048274
0.514053 0.592832 0.058148
0.603441 0.652530 0.017434
0.549377 0.460215 0.168713
0.551542 0.345102 -0.053344
0.521472 0.581184 -0.074061
0.624020 0.626688 -0.099910
0.544645 0.656663 0.009752
0.447550 0.447495 0.159796
0.627985 0.438511 0.027432
0.633125 0.376934 0.027621
0.625888 0.295763 0.083920
0.530618 0.631171 -0.072172
0.512577 0.483235 0.111316
</float_array>
          <technique_common>
            <accessor source="#stanMesh-POSITION-array" count="1582" stride="3">
              <param name="X" type="float"/>
              <param name="Y" type="float"/>
              <param name="Z" type="float"/>
            </accessor>
          </technique_common>
        </source>
        <source id="stanMesh-Normal0">
          <float_array id="stanMesh-Normal0-array" count="28188">
0.895548 -0.304817 -0.324162
0.895548 -0.304817 -0.324162
0.895548 -0.304817 -0.324162
0.895548 -0.304817 -0.324162
0.895548 -0.304817 -0.324162
0.895548 -0.304817 -0.324162
0.895548 -0.304817 -0.324162
0.905459 -0.308483 -0.291516
0.905459 -0.308483 -0.291516
0.905459 -0.308483 -0.291516
0.895548 -0.304817 -0.324162
0.895548 -0.304817 -0.324162
0.905459 -0.308483 -0.291516
0.905459 -0.308483 -0.291516
0.919751 -0.308806 -0.242274
0.905459 -0.308483 -0.291516
0.919751 -0.308806 -0.242274
0.919751 -0.308806 -0.242274
0.894369 -0.300864 -0.331037
0.894369 -0.300864 -0.331037
0.894369 -0.300864 -0.331037
0.894369 -0.300864 -0.331037
0.894369 -0.300864 -0.331037
0.894369 -0.300864 -0.331037
0.895991 -0.309996 -0.317967
0.895991 -0.309996 -0.317967
0.895991 -0.309996 -0.317967
0.895991 -0.309996 -0.317967
0.895991 -0.309996 -0.317967
0.895991 -0.309996 -0.317967
0.888239 -0.309334 -0.339623
0.895991 -0.309996 -0.317967
0.895991 -0.309996 -0.317967
0.895991 -0.309996 -0.317967
0.888239 -0.309334 -0.339623
0.888239 -0.309334 -0.339623
0.904770 -0.308891 -0.293219
0.888239 -0.309334 -0.339623
0.888239 -0.309334 -0.339623
0.888239 -0.309334 -0.339623
0.904770 -0.308891 -0.293219
0.904770 -0.308891 -0.293219
0.883471 -0.304012 -0.356449
0.883471 -0.304012 -0.356449
0.894369 -0.300864 -0.331037
0.883471 -0.304012 -0.356449
0.894369 -0.300864 -0.331037
0.894369 -0.300864 -0.331037
0.883471 -0.304012 -0.356449
0.895548 -0.304817 -0.324162
0.895548 -0.304817 -0.324162
0.895548 -0.304817 -0.324162
0.883471 -0.304012 -0.356449
0.883471 -0.304012 -0.356449
0.276694 -0.960909 -0.009711
0.276694 -0.960909 -0.009711
0.895548 -0.304817 -0.324162
0.895548 -0.304817 -0.324162
0.895548 -0.304817 -0.324162
0.276694 -0.960909 -0.009711
0.932984 0.275318 0.231822
0.895548 -0.304817 -0.324162
0.895548 -0.304817 -0.324162
0.895548 -0.304817 -0.324162
0.932984 0.275318 0.231822
0.932984 0.275318 0.231822
0.394922 -0.881448 0.259010
0.276694 -0.960909 -0.009711
0.905459 -0.308483 -0.291516
0.895548 -0.304817 -0.324162
0.905459 -0.308483 -0.291516
0.276694 -0.960909 -0.009711
0.932984 0.275318 0.231822
0.905459 -0.308483 -0.291516
0.895548 -0.304817 -0.324162
0.905459 -0.308483 -0.291516
0.932984 0.275318 0.231822
0.913868 0.189091 0.359292
0.394922 -0.881448 0.259010
0.919751 -0.308806 -0.242274
0.618998 -0.483778 0.618709
0.905459 -0.308483 -0.291516
0.919751 -0.308806 -0.242274
0.394922 -0.881448 0.259010
0.913868 0.189091 0.359292
0.919751 -0.308806 -0.242274
0.905459 -0.308483 -0.291516
0.919751 -0.308806 -0.242274
0.913868 0.189091 0.359292
0.840909 0.019794 0.540815
0.840909 0.019794 0.540815
0.919751 -0.308806 -0.242274
0.919751 -0.308806 -0.242274
0.919751 -0.308806 -0.242274
0.840909 0.019794 0.540815
0.618998 -0.483778 0.618709
0.070343 -0.936110 -0.344602
0.894369 -0.300864 -0.331037
0.894369 -0.300864 -0.331037
0.894369 -0.300864 -0.331037
0.070343 -0.936110 -0.344602
0.070343 -0.936110 -0.344602
0.763463 0.627182 -0.154167
0.894369 -0.300864 -0.331037
0.894369 -0.300864 -0.331037
0.894369 -0.300864 -0.331037
0.763463 0.627182 -0.154167
0.763463 0.627182 -0.154167
0.207741 -0.813630 -0.543000
0.895991 -0.309996 -0.317967
0.895991 -0.309996 -0.317967
0.895991 -0.309996 -0.317967
0.207741 -0.813630 -0.543000
0.207741 -0.813630 -0.543000
0.604306 0.654246 -0.454726
0.604306 0.654246 -0.454726
0.895991 -0.309996 -0.317967
0.895991 -0.309996 -0.317967
0.895991 -0.309996 -0.317967
0.604306 0.654246 -0.454726
0.207741 -0.813630 -0.543000
0.312119 -0.645209 -0.697343
0.895991 -0.309996 -0.317967
0.895991 -0.309996 -0.317967
0.312119 -0.645209 -0.697343
0.888239 -0.309334 -0.339623
0.604306 0.654246 -0.454726
0.888239 -0.309334 -0.339623
0.539469 0.481879 -0.690483
0.895991 -0.309996 -0.317967
0.888239 -0.309334 -0.339623
0.604306 0.654246 -0.454726
0.312119 -0.645209 -0.697343
0.369823 -0.485548 -0.792133
0.888239 -0.309334 -0.339623
0.888239 -0.309334 -0.339623
0.369823 -0.485548 -0.792133
0.904770 -0.308891 -0.293219
0.453993 0.104649 -0.884838
0.888239 -0.309334 -0.339623
0.904770 -0.308891 -0.293219
0.888239 -0.309334 -0.339623
0.453993 0.104649 -0.884838
0.539469 0.481879 -0.690483
0.453993 0.104649 -0.884838
0.904770 -0.308891 -0.293219
0.369823 -0.485548 -0.792133
0.904770 -0.308891 -0.293219
0.453993 0.104649 -0.884838
0.904770 -0.308891 -0.293219
0.098457 -0.963417 -0.249267
0.894369 -0.300864 -0.331037
0.883471 -0.304012 -0.356449
0.894369 -0.300864 -0.331037
0.098457 -0.963417 -0.249267
0.070343 -0.936110 -0.344602
0.763463 0.627182 -0.154167
0.862854 0.501517 0.062960
0.894369 -0.300864 -0.331037
0.883471 -0.304012 -0.356449
0.894369 -0.300864 -0.331037
0.862854 0.501517 0.062960
0.276694 -0.960909 -0.009711
0.098457 -0.963417 -0.249267
0.895548 -0.304817 -0.324162
0.883471 -0.304012 -0.356449
0.895548 -0.304817 -0.324162
0.098457 -0.963417 -0.249267
0.862854 0.501517 0.062960
0.895548 -0.304817 -0.324162
0.883471 -0.304012 -0.356449
0.895548 -0.304817 -0.324162
0.862854 0.501517 0.062960
0.932984 0.275318 0.231822
0.894369 -0.300864 -0.331037
0.604306 0.654246 -0.454726
0.763463 0.627182 -0.154167
0.604306 0.654246 -0.454726
0.894369 -0.300864 -0.331037
0.895991 -0.309996 -0.317967
0.895991 -0.309996 -0.317967
0.894369 -0.300864 -0.331037
0.894369 -0.300864 -0.331037
0.894369 -0.300864 -0.331037
0.895991 -0.309996 -0.317967
0.895991 -0.309996 -0.317967
0.895991 -0.309996 -0.317967
0.894369 -0.300864 -0.331037
0.070343 -0.936110 -0.344602
0.070343 -0.936110 -0.344602
0.207741 -0.813630 -0.543000
0.895991 -0.309996 -0.317967
0.131049 -0.990037 0.051497
0.131049 -0.990037 0.051497
0.131049 -0.990037 0.051497
0.131049 -0.990037 0.051497
0.131049 -0.990037 0.051497
0.131049 -0.990037 0.051497
0.575953 0.567582 0.588328
0.575953 0.567582 0.588328
0.575953 0.567582 0.588328
0.575953 0.567582 0.588328
0.575953 0.567582 0.588328
0.575953 0.567582 0.588328
0.217262 -0.922726 0.318393
0.131049 -0.990037 0.051497
0.217262 -0.922726 0.318393
0.131049 -0.990037 0.051497
0.217262 -0.922726 0.318393
0.131049 -0.990037 0.051497
0.575953 0.567582 0.588328
0.574363 0.234433 0.784314
0.575953 0.567582 0.588328
0.574363 0.234433 0.784314
0.575953 0.567582 0.588328
0.574362 0.234433 0.784314
0.319653 -0.638805 0.699821
0.217262 -0.922726 0.318393
0.319653 -0.638805 0.699821
0.217262 -0.922726 0.318393
0.319653 -0.638805 0.699821
0.217262 -0.922726 0.318393
0.574362 0.234433 0.784314
0.514149 -0.043264 0.856609
0.574363 0.234433 0.784314
0.514149 -0.043264 0.856609
0.574362 0.234433 0.784314
0.514149 -0.043264 0.856609
0.514149 -0.043264 0.856609
0.319653 -0.638805 0.699821
0.514149 -0.043264 0.856609
0.319653 -0.638805 0.699821
0.514149 -0.043264 0.856609
0.319653 -0.638805 0.699821
-0.006208 -0.958559 -0.284826
-0.006208 -0.958559 -0.284826
-0.006208 -0.958559 -0.284826
-0.006208 -0.958559 -0.284826
-0.006208 -0.958559 -0.284826
-0.006208 -0.958559 -0.284826
0.452598 0.868643 -0.201532
0.452598 0.868643 -0.201532
0.452598 0.868643 -0.201532
0.452598 0.868643 -0.201532
0.452598 0.868643 -0.201532
0.452598 0.868643 -0.201532
0.061827 -0.915294 -0.398012
0.061827 -0.915294 -0.398012
0.061827 -0.915294 -0.398012
0.061827 -0.915294 -0.398012
0.061827 -0.915294 -0.398012
0.061827 -0.915294 -0.398012
0.376457 0.793623 -0.477956
0.376457 0.793623 -0.477956
0.376457 0.793623 -0.477956
0.376457 0.793623 -0.477956
0.376457 0.793623 -0.477956
0.376457 0.793623 -0.477956
0.061827 -0.915294 -0.398012
0.272974 -0.668246 -0.692050
0.061827 -0.915294 -0.398012
0.272974 -0.668246 -0.692050
0.061827 -0.915294 -0.398012
0.272974 -0.668246 -0.692050
0.376457 0.793623 -0.477956
0.357658 0.589969 -0.723891
0.357658 0.589969 -0.723891
0.357658 0.589969 -0.723891
0.376457 0.793623 -0.477956
0.376457 0.793623 -0.477956
0.272974 -0.668246 -0.692050
0.207362 -0.380221 -0.901351
0.272974 -0.668246 -0.692050
0.207362 -0.380221 -0.901351
0.272974 -0.668246 -0.692050
0.207362 -0.380221 -0.901351
0.299434 0.269280 -0.915329
0.357658 0.589969 -0.723891
0.299434 0.269280 -0.915329
0.357658 0.589969 -0.723891
0.299434 0.269280 -0.915329
0.357658 0.589969 -0.723891
0.299434 0.269280 -0.915329
0.207362 -0.380221 -0.901351
0.299434 0.269280 -0.915329
0.207362 -0.380221 -0.901351
0.299434 0.269280 -0.915329
0.207362 -0.380221 -0.901351
-0.003918 -0.957786 -0.287454
-0.006208 -0.958559 -0.284826
-0.003918 -0.957786 -0.287454
-0.006208 -0.958559 -0.284826
-0.003918 -0.957786 -0.287454
-0.006208 -0.958559 -0.284826
0.452598 0.868643 -0.201532
0.491676 0.869861 0.039965
0.452598 0.868643 -0.201532
0.491676 0.869861 0.039965
0.452598 0.868643 -0.201532
0.491676 0.869861 0.039965
0.131049 -0.990037 0.051497
-0.003918 -0.957786 -0.287454
0.131049 -0.990037 0.051497
-0.003918 -0.957786 -0.287454
0.131049 -0.990037 0.051497
-0.003918 -0.957786 -0.287454
0.491676 0.869861 0.039965
0.575953 0.567582 0.588328
0.491676 0.869861 0.039965
0.575953 0.567582 0.588328
0.491676 0.869861 0.039965
0.575953 0.567582 0.588328
0.452598 0.868643 -0.201532
0.452598 0.868643 -0.201532
0.376457 0.793623 -0.477956
0.376457 0.793623 -0.477956
0.376457 0.793623 -0.477956
0.452598 0.868643 -0.201532
-0.006208 -0.958559 -0.284826
0.061827 -0.915294 -0.398012
-0.006208 -0.958559 -0.284826
0.061827 -0.915294 -0.398012
-0.006208 -0.958559 -0.284826
0.061827 -0.915294 -0.398012
0.081590 -0.996046 0.035152
0.081590 -0.996046 0.035152
0.131049 -0.990037 0.051497
0.131049 -0.990037 0.051497
0.081590 -0.996046 0.035152
0.131049 -0.990037 0.051497
0.335867 0.566739 0.752330
0.575953 0.567582 0.588328
0.575953 0.567582 0.588328
0.575953 0.567582 0.588328
0.335867 0.566739 0.752330
0.335867 0.566739 0.752330
0.113553 -0.936812 0.330891
0.131049 -0.990037 0.051497
0.217262 -0.922726 0.318393
0.131049 -0.990037 0.051497
0.113553 -0.936812 0.330891
0.081590 -0.996046 0.035152
0.335867 0.566739 0.752330
0.574362 0.234433 0.784314
0.575953 0.567582 0.588328
0.574362 0.234433 0.784314
0.335867 0.566739 0.752330
0.342542 0.247067 0.906434
0.186889 -0.680599 0.708419
0.217262 -0.922726 0.318393
0.319653 -0.638805 0.699821
0.217262 -0.922726 0.318393
0.186889 -0.680599 0.708419
0.113553 -0.936812 0.330891
0.342542 0.247067 0.906434
0.514149 -0.043264 0.856609
0.574362 0.234433 0.784314
0.514149 -0.043264 0.856609
0.342542 0.247067 0.906434
0.310739 -0.061114 0.948528
0.310739 -0.061114 0.948528
0.319653 -0.638805 0.699821
0.514149 -0.043264 0.856609
0.319653 -0.638805 0.699821
0.310739 -0.061114 0.948528
0.186889 -0.680599 0.708419
-0.001790 -0.958024 -0.286682
-0.001790 -0.958024 -0.286682
-0.006208 -0.958559 -0.284826
-0.006208 -0.958559 -0.284826
-0.001790 -0.958024 -0.286682
-0.006208 -0.958559 -0.284826
0.264112 0.943491 -0.200176
0.452598 0.868643 -0.201532
0.452598 0.868643 -0.201532
0.264112 0.943491 -0.200176
0.452598 0.868643 -0.201532
0.264112 0.943491 -0.200176
0.054217 -0.934157 -0.352719
0.061827 -0.915294 -0.398012
0.061827 -0.915294 -0.398012
0.061827 -0.915294 -0.398012
0.054217 -0.934157 -0.352719
0.054217 -0.934157 -0.352719
0.208218 0.843251 -0.495553
0.376457 0.793623 -0.477956
0.376457 0.793623 -0.477956
0.208218 0.843251 -0.495553
0.376457 0.793623 -0.477956
0.208218 0.843251 -0.495553
0.054217 -0.934157 -0.352719
0.153297 -0.660018 -0.735443
0.061827 -0.915294 -0.398012
0.061827 -0.915294 -0.398012
0.153297 -0.660018 -0.735443
0.272974 -0.668246 -0.692050
0.208218 0.843251 -0.495553
0.357658 0.589969 -0.723891
0.202192 0.616422 -0.761014
0.357658 0.589969 -0.723891
0.208218 0.843251 -0.495553
0.376457 0.793623 -0.477956
0.153297 -0.660018 -0.735443
0.148958 -0.329407 -0.932364
0.272974 -0.668246 -0.692050
0.272974 -0.668246 -0.692050
0.148958 -0.329407 -0.932364
0.207362 -0.380221 -0.901351
0.159241 0.359957 -0.919279
0.202192 0.616422 -0.761014
0.299434 0.269280 -0.915329
0.299434 0.269280 -0.915329
0.202192 0.616422 -0.761014
0.357658 0.589969 -0.723891
0.159241 0.359957 -0.919279
0.207362 -0.380221 -0.901351
0.148958 -0.329407 -0.932364
0.207362 -0.380221 -0.901351
0.159241 0.359957 -0.919279
0.299434 0.269280 -0.915329
-0.000821 -0.957208 -0.289399
-0.001790 -0.958024 -0.286682
-0.003918 -0.957786 -0.287454
-0.003918 -0.957786 -0.287454
-0.001790 -0.958024 -0.286682
-0.006208 -0.958559 -0.284826
0.491676 0.869861 0.039965
0.264112 0.943491 -0.200176
0.317800 0.941824 0.109413
0.264112 0.943491 -0.200176
0.491676 0.869861 0.039965
0.452598 0.868643 -0.201532
0.081590 -0.996046 0.035152
-0.000821 -0.957208 -0.289399
0.131049 -0.990037 0.051497
0.131049 -0.990037 0.051497
-0.000821 -0.957208 -0.289399
-0.003918 -0.957786 -0.287454
0.575953 0.567582 0.588328
0.317800 0.941824 0.109413
0.335867 0.566739 0.752330
0.317800 0.941824 0.109413
0.575953 0.567582 0.588328
0.491676 0.869861 0.039965
0.264112 0.943491 -0.200176
0.452598 0.868643 -0.201532
0.376457 0.793623 -0.477956
0.264112 0.943491 -0.200176
0.376457 0.793623 -0.477956
0.208218 0.843251 -0.495553
-0.001790 -0.958024 -0.286682
0.061827 -0.915294 -0.398012
-0.006208 -0.958559 -0.284826
0.061827 -0.915294 -0.398012
-0.001790 -0.958024 -0.286682
0.054217 -0.934157 -0.352719
0.077885 -0.995323 0.057157
0.077885 -0.995323 0.057157
0.081590 -0.996046 0.035152
0.081590 -0.996046 0.035152
0.081590 -0.996046 0.035152
0.077885 -0.995323 0.057157
0.116998 0.549480 0.827275
0.335867 0.566739 0.752330
0.335867 0.566739 0.752330
0.335867 0.566739 0.752330
0.116998 0.549480 0.827275
0.116998 0.549480 0.827275
0.039172 -0.943950 0.327757
0.081590 -0.996046 0.035152
0.113553 -0.936812 0.330891
0.081590 -0.996046 0.035152
0.039172 -0.943950 0.327757
0.077885 -0.995323 0.057157
0.116998 0.549480 0.827275
0.342542 0.247067 0.906434
0.335867 0.566739 0.752330
0.342542 0.247067 0.906434
0.116998 0.549480 0.827275
0.116372 0.228544 0.966553
0.069230 -0.696252 0.714451
0.113553 -0.936812 0.330891
0.186889 -0.680599 0.708419
0.113553 -0.936812 0.330891
0.069230 -0.696252 0.714451
0.039172 -0.943950 0.327757
0.116372 0.228544 0.966553
0.310739 -0.061114 0.948528
0.342542 0.247067 0.906434
0.310739 -0.061114 0.948528
0.116372 0.228544 0.966553
0.111117 -0.084206 0.990233
0.111117 -0.084206 0.990233
0.186889 -0.680599 0.708419
0.310739 -0.061114 0.948528
0.186889 -0.680599 0.708419
0.111117 -0.084206 0.990233
0.069230 -0.696252 0.714451
0.008000 -0.959412 -0.281895
-0.001790 -0.958024 -0.286682
-0.001790 -0.958024 -0.286682
-0.001790 -0.958024 -0.286682
0.008000 -0.959412 -0.281895
0.008000 -0.959412 -0.281895
0.264112 0.943491 -0.200176
0.050287 0.976119 -0.211335
0.050287 0.976119 -0.211335
0.050287 0.976119 -0.211335
0.264112 0.943491 -0.200176
0.264112 0.943491 -0.200176
0.054217 -0.934157 -0.352719
0.192300 -0.922596 -0.334420
0.192300 -0.922596 -0.334420
0.192300 -0.922596 -0.334420
0.054217 -0.934157 -0.352719
0.054217 -0.934157 -0.352719
0.077029 0.863037 -0.499234
0.208218 0.843251 -0.495553
0.208218 0.843251 -0.495553
0.077029 0.863037 -0.499234
0.208218 0.843251 -0.495553
0.077029 0.863037 -0.499234
0.192300 -0.922596 -0.334420
0.072845 -0.671655 -0.737274
0.054217 -0.934157 -0.352719
0.054217 -0.934157 -0.352719
0.072845 -0.671655 -0.737274
0.153297 -0.660018 -0.735443
0.077029 0.863037 -0.499234
0.202192 0.616422 -0.761014
0.092932 0.623876 -0.775979
0.202192 0.616422 -0.761014
0.077029 0.863037 -0.499234
0.208218 0.843251 -0.495553
0.072845 -0.671655 -0.737274
0.148958 -0.329407 -0.932364
0.153297 -0.660018 -0.735443
0.148958 -0.329407 -0.932364
0.072845 -0.671655 -0.737274
0.141294 -0.315907 -0.938210
0.112985 0.371425 -0.921563
0.202192 0.616422 -0.761014
0.159241 0.359957 -0.919279
0.202192 0.616422 -0.761014
0.112985 0.371425 -0.921563
0.092932 0.623876 -0.775979
0.141294 -0.315907 -0.938210
0.159241 0.359957 -0.919279
0.148958 -0.329407 -0.932364
0.159241 0.359957 -0.919279
0.141294 -0.315907 -0.938210
0.112985 0.371425 -0.921563
0.000348 -0.957010 -0.290056
0.008000 -0.959412 -0.281895
-0.000821 -0.957208 -0.289399
-0.000821 -0.957208 -0.289399
0.008000 -0.959412 -0.281895
-0.001790 -0.958024 -0.286682
0.317800 0.941824 0.109413
0.050287 0.976119 -0.211335
0.100807 0.981384 0.163475
0.050287 0.976119 -0.211335
0.317800 0.941824 0.109413
0.264112 0.943491 -0.200176
0.077885 -0.995323 0.057157
0.000348 -0.957010 -0.290056
0.081590 -0.996046 0.035152
0.081590 -0.996046 0.035152
0.000348 -0.957010 -0.290056
-0.000821 -0.957208 -0.289399
0.335867 0.566739 0.752330
0.100807 0.981384 0.163475
0.116998 0.549480 0.827275
0.100807 0.981384 0.163475
0.335867 0.566739 0.752330
0.317800 0.941824 0.109413
0.050287 0.976119 -0.211335
0.264112 0.943491 -0.200176
0.208218 0.843251 -0.495553
0.050287 0.976119 -0.211335
0.208218 0.843251 -0.495553
0.077029 0.863037 -0.499234
0.008000 -0.959412 -0.281895
0.054217 -0.934157 -0.352719
-0.001790 -0.958024 -0.286682
0.054217 -0.934157 -0.352719
0.008000 -0.959412 -0.281895
0.192300 -0.922596 -0.334420
0.763463 0.627182 -0.154167
0.452598 0.868643 -0.201532
0.452598 0.868643 -0.201532
0.452598 0.868643 -0.201532
0.763463 0.627182 -0.154167
0.763463 0.627182 -0.154167
0.452598 0.868643 -0.201532
0.763463 0.627182 -0.154167
0.604306 0.654246 -0.454726
0.604306 0.654246 -0.454726
0.376457 0.793623 -0.477956
0.452598 0.868643 -0.201532
0.376457 0.793623 -0.477956
0.604306 0.654246 -0.454726
0.604306 0.654246 -0.454726
0.604306 0.654246 -0.454726
0.376457 0.793623 -0.477956
0.376457 0.793623 -0.477956
0.376457 0.793623 -0.477956
0.539469 0.481879 -0.690483
0.357658 0.589969 -0.723891
0.539469 0.481879 -0.690483
0.376457 0.793623 -0.477956
0.604306 0.654246 -0.454726
0.299434 0.269280 -0.915329
0.539469 0.481879 -0.690483
0.453993 0.104649 -0.884838
0.539469 0.481879 -0.690483
0.299434 0.269280 -0.915329
0.357658 0.589969 -0.723891
0.299434 0.269280 -0.915329
0.369823 -0.485548 -0.792133
0.207362 -0.380221 -0.901351
0.369823 -0.485548 -0.792133
0.299434 0.269280 -0.915329
0.453993 0.104649 -0.884838
0.272974 -0.668246 -0.692050
0.207362 -0.380221 -0.901351
0.312119 -0.645209 -0.697343
0.312119 -0.645209 -0.697343
0.207362 -0.380221 -0.901351
0.369823 -0.485548 -0.792133
0.061827 -0.915294 -0.398012
0.272974 -0.668246 -0.692050
0.207741 -0.813630 -0.543000
0.207741 -0.813630 -0.543000
0.272974 -0.668246 -0.692050
0.312119 -0.645209 -0.697343
0.061827 -0.915294 -0.398012
0.207741 -0.813630 -0.543000
0.207741 -0.813630 -0.543000
0.207741 -0.813630 -0.543000
0.061827 -0.915294 -0.398012
0.061827 -0.915294 -0.398012
0.070343 -0.936110 -0.344602
-0.006208 -0.958559 -0.284826
0.207741 -0.813630 -0.543000
-0.006208 -0.958559 -0.284826
0.061827 -0.915294 -0.398012
0.207741 -0.813630 -0.543000
-0.006208 -0.958559 -0.284826
0.070343 -0.936110 -0.344602
0.070343 -0.936110 -0.344602
0.070343 -0.936110 -0.344602
-0.006208 -0.958559 -0.284826
-0.006208 -0.958559 -0.284826
-0.003918 -0.957786 -0.287454
0.070343 -0.936110 -0.344602
0.098457 -0.963417 -0.249267
0.070343 -0.936110 -0.344602
-0.003918 -0.957786 -0.287454
-0.006208 -0.958559 -0.284826
0.276694 -0.960909 -0.009711
0.131049 -0.990037 0.051497
-0.003918 -0.957786 -0.287454
0.276694 -0.960909 -0.009711
-0.003918 -0.957786 -0.287454
0.098457 -0.963417 -0.249267
0.276694 -0.960909 -0.009711
0.131049 -0.990037 0.051497
0.131049 -0.990037 0.051497
0.276694 -0.960909 -0.009711
0.131049 -0.990037 0.051497
0.276694 -0.960909 -0.009711
0.131049 -0.990037 0.051497
0.276694 -0.960909 -0.009711
0.394922 -0.881448 0.259010
0.394922 -0.881448 0.259010
0.217262 -0.922726 0.318393
0.131049 -0.990037 0.051497
0.217262 -0.922726 0.318393
0.394922 -0.881448 0.259010
0.618998 -0.483778 0.618709
0.217262 -0.922726 0.318393
0.618998 -0.483778 0.618709
0.319653 -0.638805 0.699821
0.514149 -0.043264 0.856609
0.618998 -0.483778 0.618709
0.840909 0.019794 0.540815
0.618998 -0.483778 0.618709
0.514149 -0.043264 0.856609
0.319653 -0.638805 0.699821
0.574363 0.234433 0.784314
0.840909 0.019794 0.540815
0.913868 0.189091 0.359292
0.840909 0.019794 0.540815
0.574363 0.234433 0.784314
0.514149 -0.043264 0.856609
0.575953 0.567582 0.588328
0.913868 0.189091 0.359292
0.932984 0.275318 0.231822
0.913868 0.189091 0.359292
0.575953 0.567582 0.588328
0.574363 0.234433 0.784314
0.575953 0.567582 0.588328
0.932984 0.275318 0.231822
0.932984 0.275318 0.231822
0.932984 0.275318 0.231822
0.575953 0.567582 0.588328
0.575953 0.567582 0.588328
0.491676 0.869861 0.039965
0.932984 0.275318 0.231822
0.862854 0.501517 0.062960
0.932984 0.275318 0.231822
0.491676 0.869861 0.039965
0.575953 0.567582 0.588328
0.862854 0.501517 0.062960
0.452598 0.868643 -0.201532
0.491676 0.869861 0.039965
0.452598 0.868643 -0.201532
0.862854 0.501517 0.062960
0.763463 0.627182 -0.154167
-0.895548 -0.304817 -0.324162
-0.895548 -0.304817 -0.324162
-0.895548 -0.304817 -0.324162
-0.895548 -0.304817 -0.324162
-0.895548 -0.304817 -0.324162
-0.895548 -0.304817 -0.324162
-0.895548 -0.304817 -0.324162
-0.905459 -0.308483 -0.291516
-0.895548 -0.304817 -0.324162
-0.905459 -0.308483 -0.291516
-0.895548 -0.304817 -0.324162
-0.905459 -0.308483 -0.291516
-0.905459 -0.308483 -0.291516
-0.919750 -0.308806 -0.242280
-0.905459 -0.308483 -0.291516
-0.919750 -0.308806 -0.242280
-0.905459 -0.308483 -0.291516
-0.919750 -0.308806 -0.242280
-0.894368 -0.300864 -0.331038
-0.894368 -0.300864 -0.331038
-0.894368 -0.300864 -0.331038
-0.894368 -0.300864 -0.331038
-0.894368 -0.300864 -0.331038
-0.894368 -0.300864 -0.331038
-0.895991 -0.309996 -0.317967
-0.895991 -0.309996 -0.317967
-0.895991 -0.309996 -0.317967
-0.895991 -0.309996 -0.317967
-0.895991 -0.309996 -0.317967
-0.895991 -0.309996 -0.317967
-0.895991 -0.309996 -0.317967
-0.888239 -0.309334 -0.339624
-0.895991 -0.309996 -0.317967
-0.888239 -0.309334 -0.339624
-0.895991 -0.309996 -0.317967
-0.888239 -0.309334 -0.339624
-0.888239 -0.309334 -0.339624
-0.904770 -0.308891 -0.293218
-0.888239 -0.309334 -0.339624
-0.904770 -0.308891 -0.293218
-0.888239 -0.309334 -0.339624
-0.904770 -0.308891 -0.293218
-0.894368 -0.300864 -0.331038
-0.894368 -0.300864 -0.331038
-0.883471 -0.304012 -0.356449
-0.883471 -0.304012 -0.356449
-0.883471 -0.304012 -0.356449
-0.894368 -0.300864 -0.331038
-0.895548 -0.304817 -0.324162
-0.883471 -0.304012 -0.356449
-0.895548 -0.304817 -0.324162
-0.883471 -0.304012 -0.356449
-0.895548 -0.304817 -0.324162
-0.883471 -0.304012 -0.356449
-0.276695 -0.960909 -0.009711
-0.276695 -0.960909 -0.009711
-0.895548 -0.304817 -0.324162
-0.895548 -0.304817 -0.324162
-0.895548 -0.304817 -0.324162
-0.276695 -0.960909 -0.009711
-0.932986 0.275315 0.231818
-0.895548 -0.304817 -0.324162
-0.932986 0.275315 0.231818
-0.895548 -0.304817 -0.324162
-0.932986 0.275315 0.231818
-0.895548 -0.304817 -0.324162
-0.905459 -0.308483 -0.291516
-0.895548 -0.304817 -0.324162
-0.276695 -0.960909 -0.009711
-0.905459 -0.308483 -0.291516
-0.276695 -0.960909 -0.009711
-0.394922 -0.881448 0.259011
-0.932986 0.275315 0.231818
-0.905459 -0.308483 -0.291516
-0.913869 0.189088 0.359291
-0.905459 -0.308483 -0.291516
-0.932986 0.275315 0.231818
-0.895548 -0.304817 -0.324162
-0.394922 -0.881448 0.259011
-0.618996 -0.483778 0.618711
-0.919750 -0.308806 -0.242280
-0.394922 -0.881448 0.259011
-0.919750 -0.308806 -0.242280
-0.905459 -0.308483 -0.291516
-0.913869 0.189088 0.359291
-0.919750 -0.308806 -0.242280
-0.840905 0.019793 0.540820
-0.919750 -0.308806 -0.242280
-0.913869 0.189088 0.359291
-0.905459 -0.308483 -0.291516
-0.840905 0.019793 0.540820
-0.919750 -0.308806 -0.242280
-0.618996 -0.483778 0.618711
-0.919750 -0.308806 -0.242280
-0.840905 0.019793 0.540820
-0.919750 -0.308806 -0.242280
-0.070341 -0.936110 -0.344602
-0.894368 -0.300864 -0.331038
-0.070341 -0.936110 -0.344602
-0.894368 -0.300864 -0.331038
-0.070341 -0.936110 -0.344602
-0.894368 -0.300864 -0.331038
-0.894368 -0.300864 -0.331038
-0.763473 0.627168 -0.154171
-0.894368 -0.300864 -0.331038
-0.763473 0.627168 -0.154171
-0.894368 -0.300864 -0.331038
-0.763473 0.627168 -0.154171
-0.207742 -0.813626 -0.543006
-0.895991 -0.309996 -0.317967
-0.207742 -0.813626 -0.543006
-0.895991 -0.309996 -0.317967
-0.207742 -0.813626 -0.543006
-0.895991 -0.309996 -0.317967
-0.604302 0.654250 -0.454726
-0.895991 -0.309996 -0.317967
-0.895991 -0.309996 -0.317967
-0.895991 -0.309996 -0.317967
-0.604302 0.654250 -0.454726
-0.604302 0.654250 -0.454727
-0.312117 -0.645205 -0.697347
-0.207742 -0.813626 -0.543006
-0.895991 -0.309996 -0.317967
-0.895991 -0.309996 -0.317967
-0.888239 -0.309334 -0.339624
-0.312117 -0.645205 -0.697347
-0.604302 0.654250 -0.454727
-0.539468 0.481877 -0.690484
-0.888239 -0.309334 -0.339624
-0.604302 0.654250 -0.454727
-0.888239 -0.309334 -0.339624
-0.895991 -0.309996 -0.317967
-0.369814 -0.485549 -0.792136
-0.312117 -0.645205 -0.697347
-0.888239 -0.309334 -0.339624
-0.888239 -0.309334 -0.339624
-0.904770 -0.308891 -0.293218
-0.369814 -0.485549 -0.792136
-0.453991 0.104648 -0.884840
-0.888239 -0.309334 -0.339624
-0.539468 0.481877 -0.690484
-0.888239 -0.309334 -0.339624
-0.453991 0.104648 -0.884840
-0.904770 -0.308891 -0.293218
-0.453991 0.104648 -0.884840
-0.369814 -0.485549 -0.792136
-0.904770 -0.308891 -0.293218
-0.453991 0.104648 -0.884840
-0.904770 -0.308891 -0.293218
-0.904770 -0.308891 -0.293218
-0.098457 -0.963416 -0.249269
-0.894368 -0.300864 -0.331038
-0.070341 -0.936110 -0.344602
-0.894368 -0.300864 -0.331038
-0.098457 -0.963416 -0.249269
-0.883471 -0.304012 -0.356449
-0.862855 0.501515 0.062961
-0.894368 -0.300864 -0.331038
-0.883471 -0.304012 -0.356449
-0.894368 -0.300864 -0.331038
-0.862855 0.501515 0.062961
-0.763473 0.627168 -0.154171
-0.098457 -0.963416 -0.249269
-0.276695 -0.960909 -0.009711
-0.895548 -0.304817 -0.324162
-0.895548 -0.304817 -0.324162
-0.883471 -0.304012 -0.356449
-0.098457 -0.963416 -0.249269
-0.895548 -0.304817 -0.324162
-0.862855 0.501515 0.062961
-0.883471 -0.304012 -0.356449
-0.862855 0.501515 0.062961
-0.895548 -0.304817 -0.324162
-0.932986 0.275315 0.231818
-0.604302 0.654250 -0.454726
-0.894368 -0.300864 -0.331038
-0.763473 0.627168 -0.154171
-0.894368 -0.300864 -0.331038
-0.604302 0.654250 -0.454726
-0.895991 -0.309996 -0.317967
-0.894368 -0.300864 -0.331038
-0.895991 -0.309996 -0.317967
-0.894368 -0.300864 -0.331038
-0.895991 -0.309996 -0.317967
-0.894368 -0.300864 -0.331038
-0.895991 -0.309996 -0.317967
-0.895991 -0.309996 -0.317967
-0.070341 -0.936110 -0.344602
-0.894368 -0.300864 -0.331038
-0.070341 -0.936110 -0.344602
-0.895991 -0.309996 -0.317967
-0.207742 -0.813626 -0.543006
-0.131049 -0.990037 0.051497
-0.131049 -0.990037 0.051497
-0.131049 -0.990037 0.051497
-0.131049 -0.990037 0.051497
-0.131049 -0.990037 0.051497
-0.131049 -0.990037 0.051497
-0.575953 0.567582 0.588327
-0.575953 0.567582 0.588327
-0.575953 0.567582 0.588327
-0.575953 0.567582 0.588327
-0.575953 0.567582 0.588327
-0.575953 0.567582 0.588327
-0.131049 -0.990037 0.051497
-0.217261 -0.922726 0.318393
-0.217261 -0.922726 0.318393
-0.217261 -0.922726 0.318393
-0.131049 -0.990037 0.051497
-0.131049 -0.990037 0.051497
-0.575953 0.567582 0.588327
-0.574363 0.234432 0.784314
-0.574363 0.234432 0.784314
-0.574363 0.234432 0.784314
-0.575953 0.567582 0.588327
-0.575953 0.567582 0.588327
-0.217261 -0.922726 0.318393
-0.319653 -0.638806 0.699821
-0.319653 -0.638806 0.699821
-0.319653 -0.638806 0.699821
-0.217261 -0.922726 0.318393
-0.217261 -0.922726 0.318393
-0.514150 -0.043264 0.856609
-0.574363 0.234432 0.784314
-0.574363 0.234432 0.784314
-0.574363 0.234432 0.784314
-0.514150 -0.043264 0.856609
-0.514150 -0.043264 0.856609
-0.319653 -0.638806 0.699821
-0.514150 -0.043264 0.856609
-0.514150 -0.043264 0.856609
-0.514150 -0.043264 0.856609
-0.319653 -0.638806 0.699821
-0.319653 -0.638806 0.699821
0.006208 -0.958559 -0.284826
0.006208 -0.958559 -0.284826
0.006208 -0.958559 -0.284826
0.006208 -0.958559 -0.284826
0.006208 -0.958559 -0.284826
0.006208 -0.958559 -0.284826
-0.452598 0.868642 -0.201533
-0.452598 0.868642 -0.201533
-0.452598 0.868642 -0.201533
-0.452598 0.868642 -0.201533
-0.452598 0.868642 -0.201533
-0.452598 0.868642 -0.201533
-0.061827 -0.915294 -0.398012
-0.061827 -0.915294 -0.398012
-0.061827 -0.915294 -0.398012
-0.061827 -0.915294 -0.398012
-0.061827 -0.915294 -0.398012
-0.061827 -0.915294 -0.398012
-0.376456 0.793624 -0.477957
-0.376456 0.793624 -0.477957
-0.376456 0.793624 -0.477957
-0.376456 0.793624 -0.477957
-0.376456 0.793624 -0.477957
-0.376456 0.793624 -0.477957
-0.061827 -0.915294 -0.398012
-0.272974 -0.668245 -0.692050
-0.272974 -0.668245 -0.692050
-0.272974 -0.668245 -0.692050
-0.061827 -0.915294 -0.398012
-0.061827 -0.915294 -0.398012
-0.357658 0.589969 -0.723891
-0.357658 0.589969 -0.723891
-0.376456 0.793624 -0.477957
-0.357658 0.589969 -0.723891
-0.376456 0.793624 -0.477957
-0.376456 0.793624 -0.477957
-0.272974 -0.668245 -0.692050
-0.207362 -0.380221 -0.901351
-0.207362 -0.380221 -0.901351
-0.207362 -0.380221 -0.901351
-0.272974 -0.668245 -0.692050
-0.272974 -0.668245 -0.692050
-0.299434 0.269280 -0.915329
-0.357658 0.589969 -0.723891
-0.357658 0.589969 -0.723891
-0.357658 0.589969 -0.723891
-0.299434 0.269280 -0.915329
-0.299434 0.269280 -0.915329
-0.207362 -0.380221 -0.901351
-0.299434 0.269280 -0.915329
-0.299434 0.269280 -0.915329
-0.299434 0.269280 -0.915329
-0.207362 -0.380221 -0.901351
-0.207362 -0.380221 -0.901351
0.003918 -0.957786 -0.287454
0.006208 -0.958559 -0.284826
0.006208 -0.958559 -0.284826
0.006208 -0.958559 -0.284826
0.003918 -0.957786 -0.287454
0.003918 -0.957786 -0.287454
-0.491676 0.869861 0.039965
-0.452598 0.868642 -0.201533
-0.452598 0.868642 -0.201533
-0.452598 0.868642 -0.201533
-0.491676 0.869861 0.039965
-0.491676 0.869861 0.039965
-0.131049 -0.990037 0.051497
0.003918 -0.957786 -0.287454
0.003918 -0.957786 -0.287454
0.003918 -0.957786 -0.287454
-0.131049 -0.990037 0.051497
-0.131049 -0.990037 0.051497
-0.575953 0.567582 0.588327
-0.491676 0.869861 0.039965
-0.491676 0.869861 0.039965
-0.491676 0.869861 0.039965
-0.575953 0.567582 0.588327
-0.575953 0.567582 0.588327
-0.452598 0.868642 -0.201533
-0.376456 0.793624 -0.477957
-0.452598 0.868642 -0.201533
-0.376456 0.793624 -0.477957
-0.452598 0.868642 -0.201533
-0.376456 0.793624 -0.477957
0.006208 -0.958559 -0.284826
-0.061827 -0.915294 -0.398012
-0.061827 -0.915294 -0.398012
-0.061827 -0.915294 -0.398012
0.006208 -0.958559 -0.284826
0.006208 -0.958559 -0.284826
-0.081590 -0.996046 0.035152
-0.131049 -0.990037 0.051497
-0.081590 -0.996046 0.035152
-0.131049 -0.990037 0.051497
-0.131049 -0.990037 0.051497
-0.081590 -0.996046 0.035152
-0.335867 0.566739 0.752330
-0.575953 0.567582 0.588327
-0.335867 0.566739 0.752330
-0.575953 0.567582 0.588327
-0.335867 0.566739 0.752330
-0.575953 0.567582 0.588327
-0.113553 -0.936812 0.330891
-0.131049 -0.990037 0.051497
-0.081590 -0.996046 0.035152
-0.131049 -0.990037 0.051497
-0.113553 -0.936812 0.330891
-0.217261 -0.922726 0.318393
-0.335867 0.566739 0.752330
-0.574363 0.234432 0.784314
-0.342541 0.247067 0.906435
-0.574363 0.234432 0.784314
-0.335867 0.566739 0.752330
-0.575953 0.567582 0.588327
-0.186889 -0.680599 0.708419
-0.217261 -0.922726 0.318393
-0.113553 -0.936812 0.330891
-0.217261 -0.922726 0.318393
-0.186889 -0.680599 0.708419
-0.319653 -0.638806 0.699821
-0.342541 0.247067 0.906435
-0.514150 -0.043264 0.856609
-0.310739 -0.061114 0.948528
-0.514150 -0.043264 0.856609
-0.342541 0.247067 0.906435
-0.574363 0.234432 0.784314
-0.310739 -0.061114 0.948528
-0.319653 -0.638806 0.699821
-0.186889 -0.680599 0.708419
-0.319653 -0.638806 0.699821
-0.310739 -0.061114 0.948528
-0.514150 -0.043264 0.856609
0.001789 -0.958024 -0.286682
0.006208 -0.958559 -0.284826
0.001789 -0.958024 -0.286682
0.006208 -0.958559 -0.284826
0.006208 -0.958559 -0.284826
0.001789 -0.958024 -0.286682
-0.264113 0.943490 -0.200176
-0.452598 0.868642 -0.201533
-0.452598 0.868642 -0.201533
-0.452598 0.868642 -0.201533
-0.264113 0.943490 -0.200176
-0.264113 0.943490 -0.200176
-0.054218 -0.934157 -0.352720
-0.061827 -0.915294 -0.398012
-0.054218 -0.934157 -0.352720
-0.061827 -0.915294 -0.398012
-0.054218 -0.934157 -0.352720
-0.061827 -0.915294 -0.398012
-0.208218 0.843252 -0.495552
-0.376456 0.793624 -0.477957
-0.376456 0.793624 -0.477957
-0.376456 0.793624 -0.477957
-0.208218 0.843252 -0.495552
-0.208218 0.843252 -0.495552
-0.153298 -0.660017 -0.735443
-0.054218 -0.934157 -0.352720
-0.061827 -0.915294 -0.398012
-0.061827 -0.915294 -0.398012
-0.272974 -0.668245 -0.692050
-0.153298 -0.660017 -0.735443
-0.202192 0.616422 -0.761014
-0.357658 0.589969 -0.723891
-0.208218 0.843252 -0.495552
-0.357658 0.589969 -0.723891
-0.376456 0.793624 -0.477957
-0.208218 0.843252 -0.495552
-0.148958 -0.329406 -0.932364
-0.153298 -0.660017 -0.735443
-0.272974 -0.668245 -0.692050
-0.272974 -0.668245 -0.692050
-0.207362 -0.380221 -0.901351
-0.148958 -0.329406 -0.932364
-0.202192 0.616422 -0.761014
-0.159240 0.359958 -0.919278
-0.299434 0.269280 -0.915329
-0.299434 0.269280 -0.915329
-0.357658 0.589969 -0.723891
-0.202192 0.616422 -0.761014
-0.159240 0.359958 -0.919278
-0.148958 -0.329406 -0.932364
-0.207362 -0.380221 -0.901351
-0.207362 -0.380221 -0.901351
-0.299434 0.269280 -0.915329
-0.159240 0.359958 -0.919278
0.000821 -0.957208 -0.289399
0.003918 -0.957786 -0.287454
0.001789 -0.958024 -0.286682
0.003918 -0.957786 -0.287454
0.006208 -0.958559 -0.284826
0.001789 -0.958024 -0.286682
-0.491676 0.869861 0.039965
-0.264113 0.943490 -0.200176
-0.452598 0.868642 -0.201533
-0.264113 0.943490 -0.200176
-0.491676 0.869861 0.039965
-0.317800 0.941824 0.109412
-0.081590 -0.996046 0.035152
-0.131049 -0.990037 0.051497
0.000821 -0.957208 -0.289399
-0.131049 -0.990037 0.051497
0.003918 -0.957786 -0.287454
0.000821 -0.957208 -0.289399
-0.575953 0.567582 0.588327
-0.317800 0.941824 0.109412
-0.491676 0.869861 0.039965
-0.317800 0.941824 0.109412
-0.575953 0.567582 0.588327
-0.335867 0.566739 0.752330
-0.264113 0.943490 -0.200176
-0.376456 0.793624 -0.477957
-0.452598 0.868642 -0.201533
-0.376456 0.793624 -0.477957
-0.264113 0.943490 -0.200176
-0.208218 0.843252 -0.495552
0.001789 -0.958024 -0.286682
-0.061827 -0.915294 -0.398012
-0.054218 -0.934157 -0.352720
-0.061827 -0.915294 -0.398012
0.001789 -0.958024 -0.286682
0.006208 -0.958559 -0.284826
0.077885 -0.995323 0.057157
-0.081590 -0.996046 0.035152
0.077885 -0.995323 0.057157
-0.081590 -0.996046 0.035152
-0.081590 -0.996046 0.035152
0.077885 -0.995323 0.057157
0.116998 0.549480 0.827275
-0.335867 0.566739 0.752330
0.116998 0.549480 0.827275
-0.335867 0.566739 0.752330
0.116998 0.549480 0.827275
-0.335867 0.566739 0.752330
0.039172 -0.943950 0.327757
-0.081590 -0.996046 0.035152
0.077885 -0.995323 0.057157
-0.081590 -0.996046 0.035152
0.039172 -0.943950 0.327757
-0.113553 -0.936812 0.330891
0.116998 0.549480 0.827275
-0.342541 0.247067 0.906435
0.116372 0.228544 0.966553
-0.342541 0.247067 0.906435
0.116998 0.549480 0.827275
-0.335867 0.566739 0.752330
0.069230 -0.696252 0.714451
-0.113553 -0.936812 0.330891
0.039172 -0.943950 0.327757
-0.113553 -0.936812 0.330891
0.069230 -0.696252 0.714451
-0.186889 -0.680599 0.708419
0.116372 0.228544 0.966553
-0.310739 -0.061114 0.948528
0.111117 -0.084206 0.990233
-0.310739 -0.061114 0.948528
0.116372 0.228544 0.966553
-0.342541 0.247067 0.906435
0.111117 -0.084206 0.990233
-0.186889 -0.680599 0.708419
0.069230 -0.696252 0.714451
-0.186889 -0.680599 0.708419
0.111117 -0.084206 0.990233
-0.310739 -0.061114 0.948528
0.008000 -0.959412 -0.281895
0.001789 -0.958024 -0.286682
0.008000 -0.959412 -0.281895
0.001789 -0.958024 -0.286682
0.008000 -0.959412 -0.281895
0.001789 -0.958024 -0.286682
-0.264113 0.943490 -0.200176
0.050287 0.976119 -0.211335
-0.264113 0.943490 -0.200176
0.050287 0.976119 -0.211335
-0.264113 0.943490 -0.200176
0.050287 0.976119 -0.211335
-0.054218 -0.934157 -0.352720
0.192300 -0.922596 -0.334420
-0.054218 -0.934157 -0.352720
0.192300 -0.922596 -0.334420
-0.054218 -0.934157 -0.352720
0.192300 -0.922596 -0.334420
0.077029 0.863037 -0.499234
-0.208218 0.843252 -0.495552
-0.208218 0.843252 -0.495552
-0.208218 0.843252 -0.495552
0.077029 0.863037 -0.499234
0.077029 0.863037 -0.499234
0.072845 -0.671655 -0.737274
0.192300 -0.922596 -0.334420
-0.054218 -0.934157 -0.352720
-0.054218 -0.934157 -0.352720
-0.153298 -0.660017 -0.735443
0.072845 -0.671655 -0.737274
0.092932 0.623876 -0.775979
-0.202192 0.616422 -0.761014
0.077029 0.863037 -0.499234
-0.202192 0.616422 -0.761014
-0.208218 0.843252 -0.495552
0.077029 0.863037 -0.499234
0.072845 -0.671655 -0.737274
-0.148958 -0.329406 -0.932364
0.141294 -0.315907 -0.938210
-0.148958 -0.329406 -0.932364
0.072845 -0.671655 -0.737274
-0.153298 -0.660017 -0.735443
0.112985 0.371425 -0.921563
-0.202192 0.616422 -0.761014
0.092932 0.623876 -0.775979
-0.202192 0.616422 -0.761014
0.112985 0.371425 -0.921563
-0.159240 0.359958 -0.919278
0.141294 -0.315907 -0.938210
-0.159240 0.359958 -0.919278
0.112985 0.371425 -0.921563
-0.159240 0.359958 -0.919278
0.141294 -0.315907 -0.938210
-0.148958 -0.329406 -0.932364
0.008000 -0.959412 -0.281895
0.000348 -0.957010 -0.290056
0.000821 -0.957208 -0.289399
0.000821 -0.957208 -0.289399
0.001789 -0.958024 -0.286682
0.008000 -0.959412 -0.281895
-0.317800 0.941824 0.109412
0.050287 0.976119 -0.211335
-0.264113 0.943490 -0.200176
0.050287 0.976119 -0.211335
-0.317800 0.941824 0.109412
0.100807 0.981384 0.163475
0.077885 -0.995323 0.057157
-0.081590 -0.996046 0.035152
0.000348 -0.957010 -0.290056
-0.081590 -0.996046 0.035152
0.000821 -0.957208 -0.289399
0.000348 -0.957010 -0.290056
-0.335867 0.566739 0.752330
0.100807 0.981384 0.163475
-0.317800 0.941824 0.109412
0.100807 0.981384 0.163475
-0.335867 0.566739 0.752330
0.116998 0.549480 0.827275
0.050287 0.976119 -0.211335
-0.208218 0.843252 -0.495552
-0.264113 0.943490 -0.200176
-0.208218 0.843252 -0.495552
0.050287 0.976119 -0.211335
0.077029 0.863037 -0.499234
0.008000 -0.959412 -0.281895
-0.054218 -0.934157 -0.352720
0.192300 -0.922596 -0.334420
-0.054218 -0.934157 -0.352720
0.008000 -0.959412 -0.281895
0.001789 -0.958024 -0.286682
-0.763473 0.627168 -0.154171
-0.452598 0.868642 -0.201533
-0.763473 0.627168 -0.154171
-0.452598 0.868642 -0.201533
-0.763473 0.627168 -0.154171
-0.452598 0.868642 -0.201533
-0.452598 0.868642 -0.201533
-0.604302 0.654250 -0.454726
-0.763473 0.627168 -0.154171
-0.604302 0.654250 -0.454726
-0.452598 0.868642 -0.201533
-0.376456 0.793624 -0.477957
-0.376456 0.793624 -0.477957
-0.604302 0.654250 -0.454727
-0.604302 0.654250 -0.454726
-0.604302 0.654250 -0.454727
-0.376456 0.793624 -0.477957
-0.376456 0.793624 -0.477957
-0.376456 0.793624 -0.477957
-0.357658 0.589969 -0.723891
-0.539468 0.481877 -0.690484
-0.376456 0.793624 -0.477957
-0.539468 0.481877 -0.690484
-0.604302 0.654250 -0.454727
-0.299434 0.269280 -0.915329
-0.539468 0.481877 -0.690484
-0.357658 0.589969 -0.723891
-0.539468 0.481877 -0.690484
-0.299434 0.269280 -0.915329
-0.453991 0.104648 -0.884840
-0.299434 0.269280 -0.915329
-0.207362 -0.380221 -0.901351
-0.369814 -0.485549 -0.792136
-0.369814 -0.485549 -0.792136
-0.453991 0.104648 -0.884840
-0.299434 0.269280 -0.915329
-0.272974 -0.668245 -0.692050
-0.312117 -0.645205 -0.697347
-0.207362 -0.380221 -0.901351
-0.312117 -0.645205 -0.697347
-0.369814 -0.485549 -0.792136
-0.207362 -0.380221 -0.901351
-0.061827 -0.915294 -0.398012
-0.207742 -0.813626 -0.543006
-0.272974 -0.668245 -0.692050
-0.207742 -0.813626 -0.543006
-0.312117 -0.645205 -0.697347
-0.272974 -0.668245 -0.692050
-0.207742 -0.813626 -0.543006
-0.061827 -0.915294 -0.398012
-0.207742 -0.813626 -0.543006
-0.061827 -0.915294 -0.398012
-0.207742 -0.813626 -0.543006
-0.061827 -0.915294 -0.398012
-0.207742 -0.813626 -0.543006
0.006208 -0.958559 -0.284826
-0.070341 -0.936110 -0.344602
0.006208 -0.958559 -0.284826
-0.207742 -0.813626 -0.543006
-0.061827 -0.915294 -0.398012
-0.070341 -0.936110 -0.344602
0.006208 -0.958559 -0.284826
-0.070341 -0.936110 -0.344602
0.006208 -0.958559 -0.284826
-0.070341 -0.936110 -0.344602
0.006208 -0.958559 -0.284826
-0.070341 -0.936110 -0.344602
0.003918 -0.957786 -0.287454
-0.098457 -0.963416 -0.249269
0.003918 -0.957786 -0.287454
-0.070341 -0.936110 -0.344602
0.006208 -0.958559 -0.284826
-0.098457 -0.963416 -0.249269
0.003918 -0.957786 -0.287454
-0.276695 -0.960909 -0.009711
-0.276695 -0.960909 -0.009711
0.003918 -0.957786 -0.287454
-0.131049 -0.990037 0.051497
-0.276695 -0.960909 -0.009711
-0.131049 -0.990037 0.051497
-0.276695 -0.960909 -0.009711
-0.276695 -0.960909 -0.009711
-0.131049 -0.990037 0.051497
-0.131049 -0.990037 0.051497
-0.276695 -0.960909 -0.009711
-0.131049 -0.990037 0.051497
-0.394922 -0.881448 0.259011
-0.394922 -0.881448 0.259011
-0.131049 -0.990037 0.051497
-0.217261 -0.922726 0.318393
-0.217261 -0.922726 0.318393
-0.618996 -0.483778 0.618711
-0.394922 -0.881448 0.259011
-0.618996 -0.483778 0.618711
-0.217261 -0.922726 0.318393
-0.319653 -0.638806 0.699821
-0.514150 -0.043264 0.856609
-0.618996 -0.483778 0.618711
-0.319653 -0.638806 0.699821
-0.618996 -0.483778 0.618711
-0.514150 -0.043264 0.856609
-0.840905 0.019793 0.540820
-0.574363 0.234432 0.784314
-0.840905 0.019793 0.540820
-0.514150 -0.043264 0.856609
-0.840905 0.019793 0.540820
-0.574363 0.234432 0.784314
-0.913869 0.189088 0.359291
-0.575953 0.567582 0.588327
-0.913869 0.189088 0.359291
-0.574363 0.234432 0.784314
-0.913869 0.189088 0.359291
-0.575953 0.567582 0.588327
-0.932986 0.275315 0.231818
-0.932986 0.275315 0.231818
-0.575953 0.567582 0.588327
-0.932986 0.275315 0.231818
-0.575953 0.567582 0.588327
-0.932986 0.275315 0.231818
-0.575953 0.567582 0.588327
-0.932986 0.275315 0.231818
-0.491676 0.869861 0.039965
-0.862855 0.501515 0.062961
-0.491676 0.869861 0.039965
-0.932986 0.275315 0.231818
-0.575953 0.567582 0.588327
-0.862855 0.501515 0.062961
-0.452598 0.868642 -0.201533
-0.763473 0.627168 -0.154171
-0.452598 0.868642 -0.201533
-0.862855 0.501515 0.062961
-0.491676 0.869861 0.039965
0.158304 0.883088 0.441697
0.158304 0.883088 0.441697
0.158304 0.883088 0.441697
0.158304 0.883088 0.441697
0.158304 0.883088 0.441697
0.158304 0.883088 0.441697
0.122824 0.927364 0.353426
0.122824 0.927364 0.353426
0.122824 0.927364 0.353426
0.122824 0.927364 0.353426
0.122824 0.927364 0.353426
0.122824 0.927364 0.353426
0.122824 0.927364 0.353426
0.090221 0.968231 0.233212
0.090221 0.968231 0.233212
0.090221 0.968231 0.233212
0.122824 0.927364 0.353426
0.122824 0.927364 0.353426
0.122824 0.927364 0.353426
0.122824 0.927364 0.353426
0.158304 0.883088 0.441697
0.158304 0.883088 0.441697
0.158304 0.883088 0.441697
0.122824 0.927364 0.353426
0.158304 0.883088 0.441697
0.158304 0.883088 0.441697
0.212867 0.644019 0.734797
0.158304 0.883088 0.441697
0.212867 0.644019 0.734797
0.212867 0.644019 0.734797
0.158304 0.883088 0.441697
0.158304 0.883088 0.441697
0.212867 0.644019 0.734797
0.158304 0.883088 0.441697
0.212867 0.644019 0.734797
0.468946 0.626431 0.622635
0.570446 0.750410 0.333880
0.122824 0.927364 0.353426
0.122824 0.927364 0.353426
0.570446 0.750410 0.333880
0.570446 0.750410 0.333880
0.122824 0.927364 0.353426
0.090221 0.968231 0.233212
0.090221 0.968231 0.233212
0.119082 0.898411 -0.422703
0.090221 0.968231 0.233212
0.119082 0.898411 -0.422703
0.119082 0.898411 -0.422703
0.570446 0.750410 0.333880
0.119082 0.898411 -0.422703
0.090221 0.968231 0.233212
0.570446 0.750410 0.333880
0.090221 0.968231 0.233212
0.122824 0.927364 0.353426
0.468946 0.626431 0.622635
0.122824 0.927364 0.353426
0.158304 0.883088 0.441697
0.122824 0.927364 0.353426
0.468946 0.626431 0.622635
0.570446 0.750410 0.333880
0.336431 0.397591 0.853660
0.212867 0.644019 0.734797
0.212867 0.644019 0.734797
0.212867 0.644019 0.734797
0.336431 0.397591 0.853660
0.336431 0.397592 0.853660
0.649525 0.398664 0.647444
0.212867 0.644019 0.734797
0.336431 0.397592 0.853660
0.212867 0.644019 0.734797
0.649525 0.398664 0.647444
0.468946 0.626431 0.622635
0.781519 0.536307 0.318751
0.781519 0.536307 0.318751
0.570446 0.750410 0.333880
0.781519 0.536307 0.318751
0.570446 0.750410 0.333880
0.570446 0.750410 0.333880
0.163866 0.385113 -0.908205
0.119082 0.898411 -0.422703
0.163866 0.385113 -0.908205
0.119082 0.898411 -0.422703
0.163866 0.385113 -0.908205
0.119082 0.898411 -0.422703
0.163866 0.385113 -0.908205
0.570446 0.750410 0.333880
0.781519 0.536307 0.318751
0.570446 0.750410 0.333880
0.163866 0.385113 -0.908205
0.119082 0.898411 -0.422703
0.649525 0.398664 0.647444
0.781519 0.536307 0.318751
0.570446 0.750410 0.333880
0.649525 0.398664 0.647444
0.570446 0.750410 0.333880
0.468946 0.626431 0.622635
0.336431 0.397591 0.853660
0.405880 0.212525 0.888873
0.336431 0.397592 0.853660
0.405880 0.212525 0.888873
0.336431 0.397591 0.853660
0.405880 0.212525 0.888873
0.763358 0.208035 0.611560
0.336431 0.397592 0.853660
0.405880 0.212525 0.888873
0.336431 0.397592 0.853660
0.763358 0.208035 0.611560
0.649525 0.398664 0.647444
0.781519 0.536307 0.318751
0.876729 0.365946 0.312138
0.876729 0.365946 0.312138
0.876729 0.365946 0.312138
0.781519 0.536307 0.318751
0.781519 0.536307 0.318751
0.154298 -0.069451 -0.985580
0.163866 0.385113 -0.908205
0.154298 -0.069451 -0.985580
0.163866 0.385113 -0.908205
0.154298 -0.069451 -0.985580
0.163866 0.385113 -0.908205
0.154298 -0.069451 -0.985580
0.781519 0.536307 0.318751
0.876729 0.365946 0.312138
0.781519 0.536307 0.318751
0.154298 -0.069451 -0.985580
0.163866 0.385113 -0.908205
0.876729 0.365946 0.312138
0.649525 0.398664 0.647444
0.763358 0.208035 0.611560
0.649525 0.398664 0.647444
0.876729 0.365946 0.312138
0.781519 0.536307 0.318751
0.405880 0.212525 0.888873
0.435491 0.085353 0.896137
0.405880 0.212525 0.888873
0.435491 0.085353 0.896137
0.405880 0.212525 0.888873
0.435491 0.085353 0.896137
0.811104 0.057907 0.582028
0.405880 0.212525 0.888873
0.435491 0.085353 0.896137
0.405880 0.212525 0.888873
0.811104 0.057907 0.582028
0.763358 0.208035 0.611560
0.942191 0.071162 0.327432
0.876729 0.365946 0.312138
0.942191 0.071162 0.327432
0.876729 0.365946 0.312138
0.942191 0.071162 0.327432
0.876729 0.365946 0.312138
0.059471 -0.616510 -0.785098
0.059471 -0.616510 -0.785098
0.154298 -0.069451 -0.985580
0.154298 -0.069451 -0.985580
0.154298 -0.069451 -0.985580
0.059471 -0.616510 -0.785098
0.059471 -0.616510 -0.785098
0.876729 0.365946 0.312138
0.942191 0.071162 0.327432
0.876729 0.365946 0.312138
0.059471 -0.616510 -0.785098
0.154298 -0.069451 -0.985580
0.942191 0.071162 0.327432
0.763358 0.208035 0.611560
0.811104 0.057907 0.582028
0.763358 0.208035 0.611560
0.942191 0.071162 0.327432
0.876729 0.365946 0.312138
0.435491 0.085353 0.896137
0.444915 -0.034408 0.894912
0.435491 0.085353 0.896137
0.444915 -0.034408 0.894912
0.435491 0.085353 0.896137
0.444915 -0.034408 0.894912
0.822601 -0.046880 0.566684
0.435491 0.085353 0.896137
0.444915 -0.034408 0.894912
0.435491 0.085353 0.896137
0.822601 -0.046880 0.566684
0.811104 0.057907 0.582028
0.941074 -0.223927 0.253449
0.942191 0.071162 0.327432
0.941074 -0.223927 0.253449
0.942191 0.071162 0.327432
0.941074 -0.223927 0.253449
0.942191 0.071162 0.327432
0.046262 -0.700469 -0.712182
0.046262 -0.700469 -0.712182
0.059471 -0.616510 -0.785098
0.046262 -0.700469 -0.712182
0.059471 -0.616510 -0.785098
0.059471 -0.616510 -0.785098
0.942191 0.071162 0.327432
0.046262 -0.700469 -0.712182
0.059471 -0.616510 -0.785098
0.046262 -0.700469 -0.712182
0.942191 0.071162 0.327432
0.941074 -0.223927 0.253449
0.941074 -0.223927 0.253449
0.811104 0.057907 0.582028
0.822601 -0.046880 0.566684
0.811104 0.057907 0.582028
0.941074 -0.223927 0.253449
0.942191 0.071162 0.327432
0.444915 -0.034408 0.894912
0.428756 -0.119690 0.895457
0.444915 -0.034408 0.894912
0.428756 -0.119690 0.895457
0.444915 -0.034408 0.894912
0.428756 -0.119690 0.895457
0.820425 -0.157972 0.549498
0.444915 -0.034408 0.894912
0.428756 -0.119690 0.895457
0.444915 -0.034408 0.894912
0.820425 -0.157972 0.549498
0.822601 -0.046880 0.566684
0.908851 -0.416418 0.024195
0.941074 -0.223927 0.253449
0.908851 -0.416418 0.024195
0.941074 -0.223927 0.253449
0.908851 -0.416418 0.024195
0.941074 -0.223927 0.253449
0.068359 -0.558246 -0.826855
0.068359 -0.558246 -0.826855
0.046262 -0.700469 -0.712182
0.046262 -0.700469 -0.712182
0.046262 -0.700469 -0.712182
0.068359 -0.558246 -0.826855
0.941074 -0.223927 0.253449
0.068359 -0.558246 -0.826855
0.046262 -0.700469 -0.712182
0.068359 -0.558246 -0.826855
0.941074 -0.223927 0.253449
0.908851 -0.416418 0.024195
0.908851 -0.416418 0.024195
0.822601 -0.046880 0.566684
0.820425 -0.157972 0.549498
0.822601 -0.046880 0.566684
0.908851 -0.416418 0.024195
0.941074 -0.223927 0.253449
0.428756 -0.119690 0.895457
0.382139 -0.217098 0.898242
0.428756 -0.119690 0.895457
0.382139 -0.217098 0.898242
0.428756 -0.119690 0.895457
0.382139 -0.217098 0.898242
0.786155 -0.237144 0.570721
0.428756 -0.119690 0.895457
0.382139 -0.217098 0.898242
0.428756 -0.119690 0.895457
0.786155 -0.237144 0.570721
0.820425 -0.157972 0.549498
0.921461 -0.341558 -0.185061
0.908851 -0.416418 0.024195
0.921461 -0.341558 -0.185061
0.908851 -0.416418 0.024195
0.921461 -0.341558 -0.185061
0.908851 -0.416418 0.024195
0.154794 -0.230826 -0.960603
0.154794 -0.230826 -0.960603
0.068359 -0.558246 -0.826855
0.068359 -0.558246 -0.826855
0.068359 -0.558246 -0.826855
0.154794 -0.230826 -0.960603
0.154794 -0.230826 -0.960603
0.068359 -0.558246 -0.826855
0.921461 -0.341558 -0.185061
0.068359 -0.558246 -0.826855
0.908851 -0.416418 0.024195
0.921461 -0.341558 -0.185061
0.921461 -0.341558 -0.185061
0.820425 -0.157972 0.549498
0.786155 -0.237144 0.570721
0.820425 -0.157972 0.549498
0.921461 -0.341558 -0.185061
0.908851 -0.416418 0.024195
0.382139 -0.217098 0.898242
0.312214 -0.365524 0.876878
0.382139 -0.217098 0.898242
0.312214 -0.365524 0.876878
0.382139 -0.217098 0.898242
0.312214 -0.365524 0.876878
0.382139 -0.217098 0.898242
0.721312 -0.318562 0.615002
0.786155 -0.237144 0.570721
0.721312 -0.318562 0.615002
0.382139 -0.217098 0.898242
0.312214 -0.365524 0.876878
0.947887 -0.243869 -0.205031
0.921461 -0.341558 -0.185061
0.947887 -0.243869 -0.205031
0.921461 -0.341558 -0.185061
0.947887 -0.243869 -0.205031
0.921461 -0.341558 -0.185061
0.229559 -0.030643 -0.972812
0.154794 -0.230826 -0.960603
0.229559 -0.030643 -0.972812
0.154794 -0.230826 -0.960603
0.154794 -0.230826 -0.960603
0.229559 -0.030643 -0.972812
0.229559 -0.030643 -0.972812
0.154794 -0.230826 -0.960603
0.947887 -0.243869 -0.205031
0.154794 -0.230826 -0.960603
0.921461 -0.341558 -0.185061
0.947887 -0.243869 -0.205031
0.947887 -0.243869 -0.205031
0.786155 -0.237144 0.570721
0.721312 -0.318562 0.615002
0.786155 -0.237144 0.570721
0.947887 -0.243869 -0.205031
0.921461 -0.341558 -0.185061
0.312214 -0.365524 0.876878
0.300639 -0.455088 0.838159
0.312214 -0.365524 0.876878
0.300639 -0.455088 0.838159
0.312214 -0.365524 0.876878
0.300639 -0.455088 0.838159
0.720239 -0.368435 0.587802
0.312214 -0.365524 0.876878
0.300639 -0.455088 0.838159
0.312214 -0.365524 0.876878
0.720239 -0.368435 0.587802
0.721312 -0.318562 0.615002
0.965758 -0.162720 -0.202072
0.947887 -0.243869 -0.205031
0.947887 -0.243869 -0.205031
0.947887 -0.243869 -0.205031
0.965758 -0.162720 -0.202072
0.965758 -0.162720 -0.202072
0.326780 0.103590 -0.939406
0.229559 -0.030643 -0.972812
0.326780 0.103590 -0.939406
0.326780 0.103590 -0.939406
0.229559 -0.030643 -0.972812
0.229559 -0.030643 -0.972812
0.965758 -0.162720 -0.202072
0.229559 -0.030643 -0.972812
0.947887 -0.243869 -0.205031
0.229559 -0.030643 -0.972812
0.965758 -0.162720 -0.202072
0.326780 0.103590 -0.939406
0.965758 -0.162720 -0.202072
0.947887 -0.243869 -0.205031
0.720239 -0.368435 0.587802
0.720239 -0.368435 0.587802
0.947887 -0.243869 -0.205031
0.721312 -0.318562 0.615002
0.300639 -0.455088 0.838159
0.290417 -0.556087 0.778733
0.300639 -0.455088 0.838159
0.290417 -0.556087 0.778733
0.300639 -0.455088 0.838159
0.290417 -0.556087 0.778733
0.726715 -0.452238 0.517075
0.300639 -0.455088 0.838159
0.290417 -0.556087 0.778733
0.300639 -0.455088 0.838159
0.726715 -0.452238 0.517075
0.720239 -0.368435 0.587802
0.972892 -0.110144 -0.203345
0.965758 -0.162720 -0.202072
0.965758 -0.162720 -0.202072
0.972892 -0.110144 -0.203345
0.965758 -0.162720 -0.202072
0.972892 -0.110144 -0.203345
0.375072 0.274892 -0.885300
0.326780 0.103590 -0.939406
0.375072 0.274892 -0.885300
0.326780 0.103590 -0.939406
0.326780 0.103590 -0.939406
0.375072 0.274892 -0.885300
0.972892 -0.110144 -0.203345
0.326780 0.103590 -0.939406
0.965758 -0.162720 -0.202072
0.375072 0.274892 -0.885300
0.326780 0.103590 -0.939406
0.972892 -0.110144 -0.203345
0.972892 -0.110144 -0.203345
0.720239 -0.368435 0.587802
0.726715 -0.452238 0.517075
0.720239 -0.368435 0.587802
0.972892 -0.110144 -0.203345
0.965758 -0.162720 -0.202072
0.280931 -0.669370 0.687766
0.290417 -0.556087 0.778733
0.290417 -0.556087 0.778733
0.280931 -0.669370 0.687766
0.290417 -0.556087 0.778733
0.280931 -0.669370 0.687766
0.536316 -0.713827 0.450350
0.726715 -0.452238 0.517075
0.280931 -0.669370 0.687766
0.280931 -0.669370 0.687766
0.726715 -0.452238 0.517075
0.290417 -0.556087 0.778733
0.877720 -0.446257 -0.174537
0.972892 -0.110144 -0.203345
0.877720 -0.446257 -0.174537
0.877720 -0.446257 -0.174537
0.972892 -0.110144 -0.203345
0.972892 -0.110144 -0.203345
0.375072 0.274892 -0.885300
0.476808 0.229987 -0.848387
0.375072 0.274892 -0.885300
0.476808 0.229987 -0.848387
0.375072 0.274892 -0.885300
0.476808 0.229987 -0.848387
0.972892 -0.110144 -0.203345
0.476808 0.229987 -0.848387
0.375072 0.274892 -0.885300
0.476808 0.229987 -0.848387
0.972892 -0.110144 -0.203345
0.877720 -0.446257 -0.174537
0.877720 -0.446257 -0.174537
0.972892 -0.110144 -0.203345
0.536316 -0.713827 0.450350
0.536316 -0.713827 0.450350
0.972892 -0.110144 -0.203345
0.726715 -0.452238 0.517075
0.158304 0.883088 0.441697
0.158304 0.883088 0.441697
-0.158303 0.883088 0.441696
-0.158303 0.883088 0.441696
0.158304 0.883088 0.441697
-0.158303 0.883088 0.441696
0.122824 0.927364 0.353426
0.122824 0.927364 0.353426
-0.122824 0.927364 0.353426
-0.122824 0.927364 0.353426
0.122824 0.927364 0.353426
-0.122824 0.927365 0.353425
0.122824 0.927364 0.353426
-0.090220 0.968232 0.233212
-0.122824 0.927365 0.353425
-0.090220 0.968232 0.233212
0.122824 0.927364 0.353426
0.090221 0.968231 0.233212
0.122824 0.927364 0.353426
-0.158303 0.883088 0.441696
0.158304 0.883088 0.441697
-0.158303 0.883088 0.441696
0.122824 0.927364 0.353426
-0.122824 0.927364 0.353426
-0.212866 0.644018 0.734798
0.212867 0.644019 0.734797
-0.158303 0.883088 0.441696
0.158304 0.883088 0.441697
-0.158303 0.883088 0.441696
0.212867 0.644019 0.734797
-0.468948 0.626434 0.622630
-0.212866 0.644018 0.734798
-0.158303 0.883088 0.441696
-0.158303 0.883088 0.441696
-0.158303 0.883088 0.441696
-0.212866 0.644018 0.734798
-0.122824 0.927364 0.353426
-0.122824 0.927365 0.353425
-0.570444 0.750413 0.333878
-0.122824 0.927365 0.353425
-0.570444 0.750413 0.333879
-0.570444 0.750413 0.333878
0.119082 0.898411 -0.422703
-0.119082 0.898411 -0.422703
0.090221 0.968231 0.233212
-0.090220 0.968232 0.233212
0.090221 0.968231 0.233212
-0.119082 0.898411 -0.422703
-0.119082 0.898411 -0.422703
-0.570444 0.750413 0.333879
-0.090220 0.968232 0.233212
-0.090220 0.968232 0.233212
-0.570444 0.750413 0.333879
-0.122824 0.927365 0.353425
-0.158303 0.883088 0.441696
-0.122824 0.927364 0.353426
-0.468948 0.626434 0.622630
-0.122824 0.927364 0.353426
-0.570444 0.750413 0.333878
-0.468948 0.626434 0.622630
-0.336430 0.397592 0.853660
0.336431 0.397591 0.853660
-0.212866 0.644018 0.734798
0.212867 0.644019 0.734797
-0.212866 0.644018 0.734798
0.336431 0.397591 0.853660
-0.212866 0.644018 0.734798
-0.649526 0.398661 0.647445
-0.336430 0.397592 0.853660
-0.649526 0.398661 0.647445
-0.212866 0.644018 0.734798
-0.468948 0.626434 0.622630
-0.781522 0.536306 0.318747
-0.570444 0.750413 0.333879
-0.781522 0.536306 0.318747
-0.570444 0.750413 0.333879
-0.781522 0.536306 0.318747
-0.570444 0.750413 0.333878
0.163866 0.385113 -0.908205
-0.119082 0.898411 -0.422703
0.119082 0.898411 -0.422703
-0.119082 0.898411 -0.422703
0.163866 0.385113 -0.908205
-0.163865 0.385114 -0.908205
-0.570444 0.750413 0.333879
-0.163865 0.385114 -0.908205
-0.781522 0.536306 0.318747
-0.163865 0.385114 -0.908205
-0.570444 0.750413 0.333879
-0.119082 0.898411 -0.422703
-0.649526 0.398661 0.647445
-0.570444 0.750413 0.333878
-0.781522 0.536306 0.318747
-0.570444 0.750413 0.333878
-0.649526 0.398661 0.647445
-0.468948 0.626434 0.622630
-0.405879 0.212525 0.888873
0.336431 0.397591 0.853660
-0.336430 0.397592 0.853660
0.336431 0.397591 0.853660
-0.405879 0.212525 0.888873
0.405880 0.212525 0.888873
-0.336430 0.397592 0.853660
-0.763359 0.208035 0.611559
-0.405879 0.212525 0.888873
-0.763359 0.208035 0.611559
-0.336430 0.397592 0.853660
-0.649526 0.398661 0.647445
-0.781522 0.536306 0.318747
-0.876729 0.365947 0.312137
-0.781522 0.536306 0.318747
-0.876729 0.365947 0.312137
-0.781522 0.536306 0.318747
-0.876729 0.365947 0.312137
0.154298 -0.069451 -0.985580
-0.163865 0.385114 -0.908205
0.163866 0.385113 -0.908205
-0.163865 0.385114 -0.908205
0.154298 -0.069451 -0.985580
-0.154297 -0.069452 -0.985580
-0.781522 0.536306 0.318747
-0.154297 -0.069452 -0.985580
-0.876729 0.365947 0.312137
-0.154297 -0.069452 -0.985580
-0.781522 0.536306 0.318747
-0.163865 0.385114 -0.908205
-0.649526 0.398661 0.647445
-0.876729 0.365947 0.312137
-0.763359 0.208035 0.611559
-0.876729 0.365947 0.312137
-0.649526 0.398661 0.647445
-0.781522 0.536306 0.318747
0.405880 0.212525 0.888873
-0.435490 0.085351 0.896138
0.435491 0.085353 0.896137
-0.435490 0.085351 0.896138
0.405880 0.212525 0.888873
-0.405879 0.212525 0.888873
-0.405879 0.212525 0.888873
-0.811104 0.057910 0.582028
-0.435490 0.085351 0.896138
-0.811104 0.057910 0.582028
-0.405879 0.212525 0.888873
-0.763359 0.208035 0.611559
-0.876729 0.365947 0.312137
-0.942191 0.071159 0.327432
-0.942191 0.071159 0.327432
-0.942191 0.071159 0.327432
-0.876729 0.365947 0.312137
-0.876729 0.365947 0.312137
-0.059471 -0.616510 -0.785098
0.154298 -0.069451 -0.985580
0.059471 -0.616510 -0.785098
0.154298 -0.069451 -0.985580
-0.059471 -0.616510 -0.785098
-0.154297 -0.069452 -0.985580
-0.876729 0.365947 0.312137
-0.059471 -0.616510 -0.785098
-0.942191 0.071159 0.327432
-0.059471 -0.616510 -0.785098
-0.876729 0.365947 0.312137
-0.154297 -0.069452 -0.985580
-0.763359 0.208035 0.611559
-0.942191 0.071159 0.327432
-0.811104 0.057910 0.582028
-0.942191 0.071159 0.327432
-0.763359 0.208035 0.611559
-0.876729 0.365947 0.312137
0.435491 0.085353 0.896137
-0.444914 -0.034408 0.894912
0.444915 -0.034408 0.894912
-0.444914 -0.034408 0.894912
0.435491 0.085353 0.896137
-0.435490 0.085351 0.896138
-0.435490 0.085351 0.896138
-0.822600 -0.046880 0.566685
-0.444914 -0.034408 0.894912
-0.822600 -0.046880 0.566685
-0.435490 0.085351 0.896138
-0.811104 0.057910 0.582028
-0.942191 0.071159 0.327432
-0.941074 -0.223932 0.253445
-0.941074 -0.223932 0.253445
-0.941074 -0.223932 0.253445
-0.942191 0.071159 0.327432
-0.942191 0.071159 0.327432
-0.046261 -0.700469 -0.712182
0.059471 -0.616510 -0.785098
0.046262 -0.700469 -0.712182
0.059471 -0.616510 -0.785098
-0.046261 -0.700469 -0.712182
-0.059471 -0.616510 -0.785098
-0.942191 0.071159 0.327432
-0.059471 -0.616510 -0.785098
-0.046261 -0.700469 -0.712182
-0.046261 -0.700469 -0.712182
-0.941074 -0.223932 0.253445
-0.942191 0.071159 0.327432
-0.811104 0.057910 0.582028
-0.941074 -0.223932 0.253445
-0.822600 -0.046880 0.566685
-0.941074 -0.223932 0.253445
-0.811104 0.057910 0.582028
-0.942191 0.071159 0.327432
0.444915 -0.034408 0.894912
-0.428755 -0.119690 0.895457
0.428756 -0.119690 0.895457
-0.428755 -0.119690 0.895457
0.444915 -0.034408 0.894912
-0.444914 -0.034408 0.894912
-0.444914 -0.034408 0.894912
-0.820425 -0.157971 0.549498
-0.428755 -0.119690 0.895457
-0.820425 -0.157971 0.549498
-0.444914 -0.034408 0.894912
-0.822600 -0.046880 0.566685
-0.941074 -0.223932 0.253445
-0.908852 -0.416418 0.024187
-0.908852 -0.416418 0.024187
-0.908852 -0.416418 0.024187
-0.941074 -0.223932 0.253445
-0.941074 -0.223932 0.253445
-0.068358 -0.558246 -0.826855
0.046262 -0.700469 -0.712182
0.068359 -0.558246 -0.826855
0.046262 -0.700469 -0.712182
-0.068358 -0.558246 -0.826855
-0.046261 -0.700469 -0.712182
-0.941074 -0.223932 0.253445
-0.068358 -0.558246 -0.826855
-0.908852 -0.416418 0.024187
-0.068358 -0.558246 -0.826855
-0.941074 -0.223932 0.253445
-0.046261 -0.700469 -0.712182
-0.822600 -0.046880 0.566685
-0.908852 -0.416418 0.024187
-0.820425 -0.157971 0.549498
-0.908852 -0.416418 0.024187
-0.822600 -0.046880 0.566685
-0.941074 -0.223932 0.253445
0.428756 -0.119690 0.895457
-0.382138 -0.217098 0.898242
0.382139 -0.217098 0.898242
-0.382138 -0.217098 0.898242
0.428756 -0.119690 0.895457
-0.428755 -0.119690 0.895457
-0.428755 -0.119690 0.895457
-0.786157 -0.237150 0.570717
-0.382138 -0.217098 0.898242
-0.786157 -0.237150 0.570717
-0.428755 -0.119690 0.895457
-0.820425 -0.157971 0.549498
-0.908852 -0.416418 0.024187
-0.921460 -0.341559 -0.185063
-0.921460 -0.341559 -0.185063
-0.921460 -0.341559 -0.185063
-0.908852 -0.416418 0.024187
-0.908852 -0.416418 0.024187
-0.154793 -0.230826 -0.960603
0.068359 -0.558246 -0.826855
0.154794 -0.230826 -0.960603
0.068359 -0.558246 -0.826855
-0.154793 -0.230826 -0.960603
-0.068358 -0.558246 -0.826855
-0.921460 -0.341559 -0.185063
-0.068358 -0.558246 -0.826855
-0.154793 -0.230826 -0.960603
-0.068358 -0.558246 -0.826855
-0.921460 -0.341559 -0.185063
-0.908852 -0.416418 0.024187
-0.820425 -0.157971 0.549498
-0.921460 -0.341559 -0.185063
-0.786157 -0.237150 0.570717
-0.921460 -0.341559 -0.185063
-0.820425 -0.157971 0.549498
-0.908852 -0.416418 0.024187
0.382139 -0.217098 0.898242
-0.312213 -0.365524 0.876878
0.312214 -0.365524 0.876878
-0.312213 -0.365524 0.876878
0.382139 -0.217098 0.898242
-0.382138 -0.217098 0.898242
-0.382138 -0.217098 0.898242
-0.721317 -0.318557 0.614999
-0.312213 -0.365524 0.876878
-0.721317 -0.318557 0.614999
-0.382138 -0.217098 0.898242
-0.786157 -0.237150 0.570717
-0.921460 -0.341559 -0.185063
-0.947888 -0.243867 -0.205029
-0.947888 -0.243867 -0.205029
-0.947888 -0.243867 -0.205029
-0.921460 -0.341559 -0.185063
-0.921460 -0.341559 -0.185063
-0.229558 -0.030643 -0.972812
0.154794 -0.230826 -0.960603
0.229559 -0.030643 -0.972812
0.154794 -0.230826 -0.960603
-0.229558 -0.030643 -0.972812
-0.154793 -0.230826 -0.960603
-0.947888 -0.243867 -0.205029
-0.154793 -0.230826 -0.960603
-0.229558 -0.030643 -0.972812
-0.154793 -0.230826 -0.960603
-0.947888 -0.243867 -0.205029
-0.921460 -0.341559 -0.185063
-0.786157 -0.237150 0.570717
-0.947888 -0.243867 -0.205029
-0.721317 -0.318557 0.614999
-0.947888 -0.243867 -0.205029
-0.786157 -0.237150 0.570717
-0.921460 -0.341559 -0.185063
0.312214 -0.365524 0.876878
-0.300637 -0.455089 0.838160
0.300639 -0.455088 0.838159
-0.300637 -0.455089 0.838160
0.312214 -0.365524 0.876878
-0.312213 -0.365524 0.876878
-0.312213 -0.365524 0.876878
-0.720241 -0.368435 0.587800
-0.300637 -0.455089 0.838160
-0.720241 -0.368435 0.587800
-0.312213 -0.365524 0.876878
-0.721317 -0.318557 0.614999
-0.965757 -0.162724 -0.202076
-0.947888 -0.243867 -0.205029
-0.947888 -0.243867 -0.205029
-0.965757 -0.162724 -0.202076
-0.947888 -0.243867 -0.205029
-0.965757 -0.162724 -0.202076
-0.326778 0.103590 -0.939407
0.229559 -0.030643 -0.972812
0.326780 0.103590 -0.939406
0.229559 -0.030643 -0.972812
-0.326778 0.103590 -0.939407
-0.229558 -0.030643 -0.972812
-0.965757 -0.162724 -0.202076
-0.947888 -0.243867 -0.205029
-0.229558 -0.030643 -0.972812
-0.965757 -0.162724 -0.202076
-0.229558 -0.030643 -0.972812
-0.326778 0.103590 -0.939407
-0.947888 -0.243867 -0.205029
-0.720241 -0.368435 0.587800
-0.721317 -0.318557 0.614999
-0.720241 -0.368435 0.587800
-0.947888 -0.243867 -0.205029
-0.965757 -0.162724 -0.202076
0.300639 -0.455088 0.838159
-0.290415 -0.556088 0.778733
0.290417 -0.556087 0.778733
-0.290415 -0.556088 0.778733
0.300639 -0.455088 0.838159
-0.300637 -0.455089 0.838160
-0.726719 -0.452236 0.517071
-0.300637 -0.455089 0.838160
-0.720241 -0.368435 0.587800
-0.300637 -0.455089 0.838160
-0.726719 -0.452236 0.517071
-0.290415 -0.556088 0.778733
-0.972892 -0.110140 -0.203350
-0.965757 -0.162724 -0.202076
-0.965757 -0.162724 -0.202076
-0.972892 -0.110140 -0.203350
-0.965757 -0.162724 -0.202076
-0.972892 -0.110140 -0.203350
-0.375071 0.274893 -0.885300
0.326780 0.103590 -0.939406
0.375072 0.274892 -0.885300
0.326780 0.103590 -0.939406
-0.375071 0.274893 -0.885300
-0.326778 0.103590 -0.939407
-0.972892 -0.110140 -0.203350
-0.965757 -0.162724 -0.202076
-0.326778 0.103590 -0.939407
-0.972892 -0.110140 -0.203350
-0.326778 0.103590 -0.939407
-0.375071 0.274893 -0.885300
-0.720241 -0.368435 0.587800
-0.972892 -0.110140 -0.203350
-0.726719 -0.452236 0.517071
-0.972892 -0.110140 -0.203350
-0.720241 -0.368435 0.587800
-0.965757 -0.162724 -0.202076
0.280931 -0.669370 0.687766
-0.290415 -0.556088 0.778733
0.280931 -0.669370 0.687766
0.290417 -0.556087 0.778733
-0.290415 -0.556088 0.778733
0.280931 -0.669370 0.687766
0.280931 -0.669370 0.687766
-0.726719 -0.452236 0.517071
0.536316 -0.713827 0.450350
-0.726719 -0.452236 0.517071
0.280931 -0.669370 0.687766
-0.290415 -0.556088 0.778733
0.877720 -0.446257 -0.174537
-0.972892 -0.110140 -0.203350
0.877720 -0.446257 -0.174537
-0.972892 -0.110140 -0.203350
0.877720 -0.446257 -0.174537
-0.972892 -0.110140 -0.203350
0.476808 0.229987 -0.848387
-0.375071 0.274893 -0.885300
0.476808 0.229987 -0.848387
0.375072 0.274892 -0.885300
0.476808 0.229987 -0.848387
-0.375071 0.274893 -0.885300
-0.972892 -0.110140 -0.203350
0.476808 0.229987 -0.848387
0.877720 -0.446257 -0.174537
0.476808 0.229987 -0.848387
-0.972892 -0.110140 -0.203350
-0.375071 0.274893 -0.885300
-0.972892 -0.110140 -0.203350
0.877720 -0.446257 -0.174537
0.536316 -0.713827 0.450350
-0.972892 -0.110140 -0.203350
0.536316 -0.713827 0.450350
-0.726719 -0.452236 0.517071
0.042121 0.640736 -0.766605
0.042121 0.640736 -0.766605
0.042121 0.640736 -0.766605
0.042121 0.640736 -0.766605
0.042121 0.640736 -0.766605
0.042121 0.640736 -0.766605
0.295495 0.107447 -0.949283
0.042121 0.640736 -0.766605
0.295495 0.107447 -0.949283
0.042121 0.640736 -0.766605
0.295495 0.107447 -0.949283
0.042121 0.640736 -0.766605
0.435998 -0.466881 -0.769369
0.295495 0.107447 -0.949283
0.295495 0.107447 -0.949283
0.295495 0.107447 -0.949283
0.435998 -0.466881 -0.769369
0.435998 -0.466880 -0.769369
0.409971 -0.862874 -0.295587
0.435998 -0.466880 -0.769369
0.435998 -0.466881 -0.769369
0.409971 -0.862874 -0.295587
0.435998 -0.466881 -0.769369
0.409971 -0.862874 -0.295587
0.409971 -0.862874 -0.295587
0.227346 -0.929283 0.291114
0.227346 -0.929283 0.291114
0.227346 -0.929283 0.291114
0.409971 -0.862874 -0.295587
0.409971 -0.862874 -0.295587
0.227346 -0.929283 0.291114
-0.042119 -0.640735 0.766606
-0.042119 -0.640735 0.766606
-0.042119 -0.640735 0.766606
0.227346 -0.929283 0.291114
0.227346 -0.929283 0.291114
-0.042119 -0.640735 0.766606
-0.295493 -0.107449 0.949283
-0.295493 -0.107449 0.949283
-0.295493 -0.107449 0.949283
-0.042119 -0.640735 0.766606
-0.042119 -0.640735 0.766606
-0.436000 0.466877 0.769370
-0.295493 -0.107449 0.949283
-0.295493 -0.107449 0.949283
-0.436000 0.466877 0.769370
-0.295493 -0.107449 0.949283
-0.436000 0.466877 0.769370
-0.436000 0.466877 0.769370
-0.409969 0.862881 0.295570
-0.409969 0.862881 0.295570
-0.409969 0.862881 0.295570
-0.436000 0.466877 0.769370
-0.436000 0.466877 0.769370
0.042121 0.640736 -0.766605
-0.409969 0.862881 0.295570
-0.409969 0.862881 0.295570
0.042121 0.640736 -0.766605
-0.409969 0.862881 0.295570
0.042121 0.640736 -0.766605
0.042121 0.640736 -0.766605
0.042121 0.640736 -0.766605
0.894661 0.317369 0.314419
0.295495 0.107447 -0.949283
0.042121 0.640736 -0.766605
0.894661 0.317369 0.314419
0.435998 -0.466881 -0.769369
0.295495 0.107447 -0.949283
0.894661 0.317369 0.314419
0.409971 -0.862874 -0.295587
0.435998 -0.466881 -0.769369
0.894661 0.317369 0.314419
0.227346 -0.929283 0.291114
0.409971 -0.862874 -0.295587
0.894661 0.317369 0.314419
-0.042119 -0.640735 0.766606
0.227346 -0.929283 0.291114
0.894661 0.317369 0.314419
-0.295493 -0.107449 0.949283
-0.042119 -0.640735 0.766606
0.894661 0.317369 0.314419
-0.436000 0.466877 0.769370
-0.295493 -0.107449 0.949283
0.894661 0.317369 0.314419
-0.409969 0.862881 0.295570
-0.436000 0.466877 0.769370
0.894661 0.317369 0.314419
0.042121 0.640736 -0.766605
-0.409969 0.862881 0.295570
0.894661 0.317369 0.314419
-0.894667 -0.317357 -0.314414
-0.894667 -0.317357 -0.314414
-0.894667 -0.317357 -0.314414
-0.894667 -0.317357 -0.314414
-0.894656 -0.317379 -0.314421
-0.894667 -0.317357 -0.314414
-0.894656 -0.317379 -0.314421
-0.894659 -0.317369 -0.314424
-0.894667 -0.317357 -0.314414
-0.894659 -0.317369 -0.314424
-0.894660 -0.317373 -0.314418
-0.894667 -0.317357 -0.314414
-0.894660 -0.317373 -0.314418
-0.894661 -0.317373 -0.314415
-0.894667 -0.317357 -0.314414
-0.894661 -0.317373 -0.314415
-0.894660 -0.317375 -0.314414
-0.894667 -0.317357 -0.314414
-0.894660 -0.317375 -0.314414
-0.894661 -0.317373 -0.314415
-0.894667 -0.317357 -0.314414
-0.894661 -0.317373 -0.314415
-0.894664 -0.317359 -0.314419
-0.894667 -0.317357 -0.314414
-0.894664 -0.317359 -0.314419
-0.894666 -0.317364 -0.314409
-0.894667 -0.317357 -0.314414
-0.894666 -0.317364 -0.314409
-0.894667 -0.317357 -0.314414
-0.894667 -0.317357 -0.314414
0.042121 0.640736 -0.766605
0.042121 0.640736 -0.766605
-0.275365 0.488097 -0.828212
0.042121 0.640736 -0.766605
-0.275365 0.488097 -0.828212
-0.275365 0.488097 -0.828212
0.295495 0.107447 -0.949283
-0.275365 0.488097 -0.828212
0.042121 0.640736 -0.766605
-0.275365 0.488097 -0.828212
0.295495 0.107447 -0.949283
-0.038208 -0.011097 -0.999208
0.435998 -0.466880 -0.769369
-0.038208 -0.011097 -0.999208
0.295495 0.107447 -0.949283
-0.038208 -0.011097 -0.999208
0.435998 -0.466880 -0.769369
0.093338 -0.548690 -0.830799
0.093338 -0.548690 -0.830799
0.409971 -0.862874 -0.295587
0.068980 -0.919366 -0.387309
0.409971 -0.862874 -0.295587
0.093338 -0.548690 -0.830799
0.435998 -0.466880 -0.769369
-0.101979 -0.981528 0.161873
0.068980 -0.919366 -0.387309
0.409971 -0.862874 -0.295587
-0.101979 -0.981528 0.161873
0.409971 -0.862874 -0.295587
0.227346 -0.929283 0.291114
-0.101979 -0.981528 0.161873
-0.042119 -0.640735 0.766606
-0.354213 -0.711432 0.606958
-0.042119 -0.640735 0.766606
-0.101979 -0.981528 0.161873
0.227346 -0.929283 0.291114
-0.354213 -0.711432 0.606958
-0.295493 -0.107449 0.949283
-0.591401 -0.212251 0.777943
-0.295493 -0.107449 0.949283
-0.354213 -0.711432 0.606958
-0.042119 -0.640735 0.766606
-0.295493 -0.107449 0.949283
-0.722918 0.325352 0.609537
-0.591401 -0.212251 0.777943
-0.722918 0.325352 0.609537
-0.295493 -0.107449 0.949283
-0.436000 0.466877 0.769370
-0.722918 0.325352 0.609537
-0.409969 0.862881 0.295570
-0.698537 0.696042 0.166048
-0.409969 0.862881 0.295570
-0.722918 0.325352 0.609537
-0.436000 0.466877 0.769370
-0.275365 0.488097 -0.828212
-0.698537 0.696042 0.166048
-0.409969 0.862881 0.295570
-0.409969 0.862881 0.295570
0.042121 0.640736 -0.766605
-0.275365 0.488097 -0.828212
-0.275365 0.488097 -0.828212
-0.559130 0.271620 -0.783324
-0.275365 0.488097 -0.828212
-0.559130 0.271620 -0.783324
-0.275365 0.488097 -0.828212
-0.559130 0.271620 -0.783324
-0.038208 -0.011097 -0.999208
-0.559130 0.271620 -0.783324
-0.275365 0.488097 -0.828212
-0.559130 0.271620 -0.783324
-0.038208 -0.011097 -0.999208
-0.368846 -0.128871 -0.920513
-0.263327 -0.560181 -0.785402
-0.038208 -0.011097 -0.999208
0.093338 -0.548690 -0.830799
-0.038208 -0.011097 -0.999208
-0.263327 -0.560181 -0.785402
-0.368846 -0.128871 -0.920513
-0.263327 -0.560181 -0.785402
0.068980 -0.919366 -0.387309
-0.282889 -0.857568 -0.429594
0.068980 -0.919366 -0.387309
-0.263327 -0.560181 -0.785402
0.093338 -0.548690 -0.830799
0.068980 -0.919366 -0.387309
-0.420044 -0.907437 0.011001
-0.282889 -0.857568 -0.429594
-0.420044 -0.907437 0.011001
0.068980 -0.919366 -0.387309
-0.101979 -0.981528 0.161873
-0.622399 -0.690747 0.368087
-0.420044 -0.907437 0.011001
-0.101979 -0.981528 0.161873
-0.101979 -0.981528 0.161873
-0.354213 -0.711432 0.606958
-0.622399 -0.690747 0.368087
-0.354213 -0.711432 0.606958
-0.591401 -0.212251 0.777943
-0.812677 -0.290257 0.505279
-0.354213 -0.711432 0.606958
-0.812677 -0.290257 0.505279
-0.622399 -0.690747 0.368087
-0.591401 -0.212251 0.777943
-0.918194 0.141055 0.370166
-0.812677 -0.290257 0.505279
-0.918194 0.141055 0.370166
-0.591401 -0.212251 0.777943
-0.722918 0.325352 0.609537
-0.918194 0.141055 0.370166
-0.698537 0.696042 0.166048
-0.898645 0.438441 0.014357
-0.698537 0.696042 0.166048
-0.918194 0.141055 0.370166
-0.722918 0.325352 0.609537
-0.898645 0.438441 0.014357
-0.275365 0.488097 -0.828212
-0.559130 0.271620 -0.783324
-0.275365 0.488097 -0.828212
-0.898645 0.438441 0.014357
-0.698537 0.696042 0.166048
-0.787056 -0.006706 -0.616845
-0.787056 -0.006706 -0.616845
-0.787056 -0.006706 -0.616845
-0.787056 -0.006706 -0.616845
-0.787056 -0.006706 -0.616845
-0.787056 -0.006706 -0.616845
-0.676736 -0.238920 -0.696380
-0.787056 -0.006706 -0.616845
-0.787056 -0.006706 -0.616845
-0.787056 -0.006706 -0.616845
-0.676736 -0.238920 -0.696380
-0.676736 -0.238920 -0.696380
-0.615558 -0.488989 -0.618043
-0.676736 -0.238920 -0.696380
-0.615558 -0.488989 -0.618043
-0.676736 -0.238920 -0.696380
-0.615558 -0.488989 -0.618043
-0.676736 -0.238920 -0.696380
-0.615558 -0.488989 -0.618043
-0.626887 -0.661419 -0.411749
-0.626887 -0.661419 -0.411749
-0.626887 -0.661419 -0.411749
-0.615558 -0.488989 -0.618043
-0.615558 -0.488989 -0.618043
-0.626887 -0.661419 -0.411749
-0.706400 -0.690344 -0.156286
-0.706400 -0.690343 -0.156286
-0.626887 -0.661419 -0.411749
-0.706400 -0.690343 -0.156286
-0.626887 -0.661419 -0.411749
-0.823738 -0.564695 0.050751
-0.706400 -0.690343 -0.156286
-0.706400 -0.690344 -0.156286
-0.706400 -0.690344 -0.156286
-0.823738 -0.564695 0.050751
-0.823738 -0.564695 0.050751
-0.823738 -0.564695 0.050751
-0.934066 -0.332486 0.130282
-0.934066 -0.332486 0.130282
-0.823738 -0.564695 0.050751
-0.934066 -0.332486 0.130282
-0.823738 -0.564695 0.050751
-0.934066 -0.332486 0.130282
-0.995243 -0.082410 0.051962
-0.995243 -0.082410 0.051962
-0.995243 -0.082410 0.051962
-0.934066 -0.332486 0.130282
-0.934066 -0.332486 0.130282
-0.995243 -0.082410 0.051962
-0.983908 0.090019 -0.154343
-0.983908 0.090019 -0.154343
-0.983908 0.090019 -0.154343
-0.995243 -0.082410 0.051962
-0.995243 -0.082410 0.051962
-0.983908 0.090019 -0.154343
-0.787056 -0.006706 -0.616845
-0.787056 -0.006706 -0.616845
-0.787056 -0.006706 -0.616845
-0.983908 0.090019 -0.154343
-0.983908 0.090019 -0.154343
-0.859728 -0.157958 -0.485713
-0.859728 -0.157958 -0.485713
-0.859728 -0.157958 -0.485713
-0.859728 -0.157958 -0.485713
-0.859728 -0.157958 -0.485713
-0.859728 -0.157958 -0.485713
-0.859728 -0.157958 -0.485713
-0.800202 -0.283243 -0.528631
-0.800202 -0.283243 -0.528631
-0.800202 -0.283243 -0.528631
-0.859728 -0.157958 -0.485713
-0.859728 -0.157958 -0.485713
-0.800202 -0.283243 -0.528631
-0.767192 -0.418171 -0.486363
-0.767192 -0.418171 -0.486363
-0.767192 -0.418171 -0.486363
-0.800202 -0.283243 -0.528631
-0.800202 -0.283243 -0.528631
-0.773309 -0.511200 -0.375057
-0.767192 -0.418171 -0.486363
-0.773309 -0.511200 -0.375057
-0.767192 -0.418171 -0.486363
-0.773309 -0.511200 -0.375057
-0.767192 -0.418171 -0.486363
-0.773309 -0.511200 -0.375057
-0.816213 -0.526801 -0.237229
-0.816213 -0.526801 -0.237229
-0.773309 -0.511200 -0.375057
-0.816213 -0.526801 -0.237229
-0.773309 -0.511200 -0.375057
-0.816213 -0.526801 -0.237229
-0.816213 -0.526801 -0.237229
-0.879519 -0.459011 -0.125518
-0.816213 -0.526801 -0.237229
-0.879519 -0.459011 -0.125518
-0.879519 -0.459011 -0.125518
-0.939042 -0.333732 -0.082600
-0.879519 -0.459011 -0.125518
-0.879519 -0.459011 -0.125518
-0.879519 -0.459011 -0.125518
-0.939042 -0.333732 -0.082600
-0.939042 -0.333732 -0.082600
-0.972053 -0.198803 -0.124865
-0.939042 -0.333732 -0.082600
-0.939042 -0.333732 -0.082600
-0.939042 -0.333732 -0.082600
-0.972053 -0.198803 -0.124865
-0.972053 -0.198803 -0.124865
-0.972053 -0.198803 -0.124865
-0.965935 -0.105772 -0.236180
-0.965935 -0.105772 -0.236180
-0.972053 -0.198803 -0.124865
-0.965935 -0.105772 -0.236180
-0.972053 -0.198803 -0.124865
-0.859728 -0.157958 -0.485713
-0.859728 -0.157958 -0.485713
-0.965935 -0.105772 -0.236180
-0.965935 -0.105772 -0.236180
-0.859728 -0.157958 -0.485713
-0.965935 -0.105772 -0.236180
-0.894667 -0.317357 -0.314414
-0.859728 -0.157958 -0.485713
-0.859728 -0.157958 -0.485713
-0.859728 -0.157958 -0.485713
-0.894667 -0.317357 -0.314414
-0.894667 -0.317357 -0.314414
-0.800202 -0.283243 -0.528631
-0.894667 -0.317357 -0.314414
-0.859728 -0.157958 -0.485713
-0.894667 -0.317357 -0.314414
-0.800202 -0.283243 -0.528631
-0.894656 -0.317379 -0.314421
-0.894659 -0.317369 -0.314424
-0.894656 -0.317379 -0.314421
-0.800202 -0.283243 -0.528631
-0.800202 -0.283243 -0.528631
-0.767192 -0.418171 -0.486363
-0.894659 -0.317369 -0.314424
-0.773309 -0.511200 -0.375057
-0.894659 -0.317369 -0.314424
-0.767192 -0.418171 -0.486363
-0.894659 -0.317369 -0.314424
-0.773309 -0.511200 -0.375057
-0.894660 -0.317373 -0.314418
-0.894661 -0.317373 -0.314415
-0.773309 -0.511200 -0.375057
-0.816213 -0.526801 -0.237229
-0.773309 -0.511200 -0.375057
-0.894661 -0.317373 -0.314415
-0.894660 -0.317373 -0.314418
-0.894661 -0.317373 -0.314415
-0.879519 -0.459011 -0.125518
-0.894660 -0.317375 -0.314414
-0.879519 -0.459011 -0.125518
-0.894661 -0.317373 -0.314415
-0.816213 -0.526801 -0.237229
-0.894660 -0.317375 -0.314414
-0.939042 -0.333732 -0.082600
-0.894661 -0.317373 -0.314415
-0.939042 -0.333732 -0.082600
-0.894660 -0.317375 -0.314414
-0.879519 -0.459011 -0.125518
-0.894664 -0.317359 -0.314419
-0.894661 -0.317373 -0.314415
-0.939042 -0.333732 -0.082600
-0.939042 -0.333732 -0.082600
-0.972053 -0.198803 -0.124865
-0.894664 -0.317359 -0.314419
-0.965935 -0.105772 -0.236180
-0.894664 -0.317359 -0.314419
-0.972053 -0.198803 -0.124865
-0.894664 -0.317359 -0.314419
-0.965935 -0.105772 -0.236180
-0.894666 -0.317364 -0.314409
-0.965935 -0.105772 -0.236180
-0.859728 -0.157958 -0.485713
-0.894667 -0.317357 -0.314414
-0.965935 -0.105772 -0.236180
-0.894667 -0.317357 -0.314414
-0.894666 -0.317364 -0.314409
-0.787056 -0.006706 -0.616845
-0.559130 0.271620 -0.783324
-0.559130 0.271620 -0.783324
-0.559130 0.271620 -0.783324
-0.787056 -0.006706 -0.616845
-0.787056 -0.006706 -0.616845
-0.787056 -0.006706 -0.616845
-0.787056 -0.006706 -0.616845
-0.859728 -0.157958 -0.485713
-0.787056 -0.006706 -0.616845
-0.859728 -0.157958 -0.485713
-0.859728 -0.157958 -0.485713
-0.676736 -0.238920 -0.696380
-0.787056 -0.006706 -0.616845
-0.559130 0.271620 -0.783324
-0.559130 0.271620 -0.783324
-0.368846 -0.128871 -0.920513
-0.676736 -0.238920 -0.696380
-0.787056 -0.006706 -0.616845
-0.676736 -0.238920 -0.696380
-0.800202 -0.283243 -0.528631
-0.787056 -0.006706 -0.616845
-0.800202 -0.283243 -0.528631
-0.859728 -0.157958 -0.485713
-0.615558 -0.488989 -0.618043
-0.676736 -0.238920 -0.696380
-0.368846 -0.128871 -0.920513
-0.368846 -0.128871 -0.920513
-0.263327 -0.560181 -0.785402
-0.615558 -0.488989 -0.618043
-0.615558 -0.488989 -0.618043
-0.800202 -0.283243 -0.528631
-0.676736 -0.238920 -0.696380
-0.800202 -0.283243 -0.528631
-0.615558 -0.488989 -0.618043
-0.767192 -0.418171 -0.486363
-0.282889 -0.857568 -0.429594
-0.615558 -0.488989 -0.618043
-0.263327 -0.560181 -0.785402
-0.615558 -0.488989 -0.618043
-0.282889 -0.857568 -0.429594
-0.626887 -0.661419 -0.411749
-0.615558 -0.488989 -0.618043
-0.626887 -0.661419 -0.411749
-0.773309 -0.511200 -0.375057
-0.773309 -0.511200 -0.375057
-0.767192 -0.418171 -0.486363
-0.615558 -0.488989 -0.618043
-0.626887 -0.661419 -0.411749
-0.420044 -0.907437 0.011001
-0.706400 -0.690344 -0.156286
-0.420044 -0.907437 0.011001
-0.626887 -0.661419 -0.411749
-0.282889 -0.857568 -0.429594
-0.773309 -0.511200 -0.375057
-0.706400 -0.690343 -0.156286
-0.816213 -0.526801 -0.237229
-0.706400 -0.690343 -0.156286
-0.773309 -0.511200 -0.375057
-0.626887 -0.661419 -0.411749
-0.706400 -0.690344 -0.156286
-0.622399 -0.690747 0.368087
-0.823738 -0.564695 0.050751
-0.622399 -0.690747 0.368087
-0.706400 -0.690344 -0.156286
-0.420044 -0.907437 0.011001
-0.816213 -0.526801 -0.237229
-0.823738 -0.564695 0.050751
-0.879519 -0.459011 -0.125518
-0.823738 -0.564695 0.050751
-0.816213 -0.526801 -0.237229
-0.706400 -0.690343 -0.156286
-0.823738 -0.564695 0.050751
-0.812677 -0.290257 0.505279
-0.934066 -0.332486 0.130282
-0.812677 -0.290257 0.505279
-0.823738 -0.564695 0.050751
-0.622399 -0.690747 0.368087
-0.934066 -0.332486 0.130282
-0.879519 -0.459011 -0.125518
-0.823738 -0.564695 0.050751
-0.879519 -0.459011 -0.125518
-0.934066 -0.332486 0.130282
-0.939042 -0.333732 -0.082600
-0.995243 -0.082410 0.051962
-0.934066 -0.332486 0.130282
-0.812677 -0.290257 0.505279
-0.812677 -0.290257 0.505279
-0.918194 0.141055 0.370166
-0.995243 -0.082410 0.051962
-0.934066 -0.332486 0.130282
-0.995243 -0.082410 0.051962
-0.972053 -0.198803 -0.124865
-0.972053 -0.198803 -0.124865
-0.939042 -0.333732 -0.082600
-0.934066 -0.332486 0.130282
-0.995243 -0.082410 0.051962
-0.898645 0.438441 0.014357
-0.983908 0.090019 -0.154343
-0.898645 0.438441 0.014357
-0.995243 -0.082410 0.051962
-0.918194 0.141055 0.370166
-0.972053 -0.198803 -0.124865
-0.983908 0.090019 -0.154343
-0.965935 -0.105772 -0.236180
-0.983908 0.090019 -0.154343
-0.972053 -0.198803 -0.124865
-0.995243 -0.082410 0.051962
-0.898645 0.438441 0.014357
-0.559130 0.271620 -0.783324
-0.787056 -0.006706 -0.616845
-0.898645 0.438441 0.014357
-0.787056 -0.006706 -0.616845
-0.983908 0.090019 -0.154343
-0.983908 0.090019 -0.154343
-0.859728 -0.157958 -0.485713
-0.965935 -0.105772 -0.236180
-0.859728 -0.157958 -0.485713
-0.983908 0.090019 -0.154343
-0.787056 -0.006706 -0.616845
-0.042121 0.640736 -0.766605
-0.042121 0.640736 -0.766605
-0.042121 0.640736 -0.766605
-0.042121 0.640736 -0.766605
-0.042121 0.640736 -0.766605
-0.042121 0.640736 -0.766605
-0.042121 0.640736 -0.766605
-0.295495 0.107447 -0.949283
-0.042121 0.640736 -0.766605
-0.295495 0.107447 -0.949283
-0.042121 0.640736 -0.766605
-0.295495 0.107447 -0.949283
-0.435998 -0.466881 -0.769369
-0.295495 0.107447 -0.949283
-0.435998 -0.466880 -0.769369
-0.295495 0.107447 -0.949283
-0.435998 -0.466881 -0.769369
-0.295495 0.107447 -0.949283
-0.409971 -0.862874 -0.295587
-0.435998 -0.466881 -0.769369
-0.435998 -0.466880 -0.769369
-0.435998 -0.466881 -0.769369
-0.409971 -0.862874 -0.295587
-0.409971 -0.862874 -0.295587
-0.409971 -0.862874 -0.295587
-0.227346 -0.929283 0.291114
-0.409971 -0.862874 -0.295587
-0.227346 -0.929283 0.291114
-0.409971 -0.862874 -0.295587
-0.227346 -0.929283 0.291114
-0.227346 -0.929283 0.291114
0.042119 -0.640735 0.766606
-0.227346 -0.929283 0.291114
0.042119 -0.640735 0.766606
-0.227346 -0.929283 0.291114
0.042119 -0.640735 0.766606
0.042119 -0.640735 0.766606
0.295493 -0.107449 0.949283
0.042119 -0.640735 0.766606
0.295493 -0.107449 0.949283
0.042119 -0.640735 0.766606
0.295493 -0.107449 0.949283
0.436000 0.466877 0.769370
0.295493 -0.107449 0.949283
0.295493 -0.107449 0.949283
0.295493 -0.107449 0.949283
0.436000 0.466877 0.769370
0.436000 0.466877 0.769370
0.436000 0.466877 0.769370
0.409969 0.862881 0.295570
0.436000 0.466877 0.769370
0.409969 0.862881 0.295570
0.436000 0.466877 0.769370
0.409969 0.862881 0.295570
-0.042121 0.640736 -0.766605
0.409969 0.862881 0.295570
0.409969 0.862881 0.295570
0.409969 0.862881 0.295570
-0.042121 0.640736 -0.766605
-0.042121 0.640736 -0.766605
-0.042121 0.640736 -0.766605
-0.894661 0.317369 0.314419
-0.042121 0.640736 -0.766605
-0.295495 0.107447 -0.949283
-0.894661 0.317369 0.314419
-0.042121 0.640736 -0.766605
-0.435998 -0.466881 -0.769369
-0.894661 0.317369 0.314419
-0.295495 0.107447 -0.949283
-0.409971 -0.862874 -0.295587
-0.894661 0.317369 0.314419
-0.435998 -0.466881 -0.769369
-0.227346 -0.929283 0.291114
-0.894661 0.317369 0.314419
-0.409971 -0.862874 -0.295587
0.042119 -0.640735 0.766606
-0.894661 0.317369 0.314419
-0.227346 -0.929283 0.291114
0.295493 -0.107449 0.949283
-0.894661 0.317369 0.314419
0.042119 -0.640735 0.766606
0.436000 0.466877 0.769370
-0.894661 0.317369 0.314419
0.295493 -0.107449 0.949283
0.409969 0.862881 0.295570
-0.894661 0.317369 0.314419
0.436000 0.466877 0.769370
-0.042121 0.640736 -0.766605
-0.894661 0.317369 0.314419
0.409969 0.862881 0.295570
0.894667 -0.317357 -0.314414
0.894667 -0.317357 -0.314414
0.894667 -0.317357 -0.314414
0.894667 -0.317357 -0.314414
0.894667 -0.317357 -0.314414
0.894656 -0.317379 -0.314421
0.894656 -0.317379 -0.314421
0.894667 -0.317357 -0.314414
0.894659 -0.317369 -0.314424
0.894659 -0.317369 -0.314424
0.894667 -0.317357 -0.314414
0.894660 -0.317373 -0.314418
0.894660 -0.317373 -0.314418
0.894667 -0.317357 -0.314414
0.894661 -0.317373 -0.314415
0.894661 -0.317373 -0.314415
0.894667 -0.317357 -0.314414
0.894660 -0.317375 -0.314414
0.894660 -0.317375 -0.314414
0.894667 -0.317357 -0.314414
0.894661 -0.317373 -0.314415
0.894661 -0.317373 -0.314415
0.894667 -0.317357 -0.314414
0.894664 -0.317359 -0.314419
0.894664 -0.317359 -0.314419
0.894667 -0.317357 -0.314414
0.894666 -0.317364 -0.314409
0.894666 -0.317364 -0.314409
0.894667 -0.317357 -0.314414
0.894667 -0.317357 -0.314414
0.275365 0.488097 -0.828212
0.275365 0.488097 -0.828212
-0.042121 0.640736 -0.766605
-0.042121 0.640736 -0.766605
-0.042121 0.640736 -0.766605
0.275365 0.488097 -0.828212
0.275365 0.488097 -0.828212
-0.295495 0.107447 -0.949283
-0.042121 0.640736 -0.766605
-0.295495 0.107447 -0.949283
0.275365 0.488097 -0.828212
0.038208 -0.011097 -0.999208
-0.435998 -0.466880 -0.769369
0.038208 -0.011097 -0.999208
-0.093338 -0.548690 -0.830799
0.038208 -0.011097 -0.999208
-0.435998 -0.466880 -0.769369
-0.295495 0.107447 -0.949283
-0.409971 -0.862874 -0.295587
-0.093338 -0.548690 -0.830799
-0.068980 -0.919366 -0.387309
-0.093338 -0.548690 -0.830799
-0.409971 -0.862874 -0.295587
-0.435998 -0.466880 -0.769369
0.101979 -0.981528 0.161873
-0.409971 -0.862874 -0.295587
-0.068980 -0.919366 -0.387309
-0.409971 -0.862874 -0.295587
0.101979 -0.981528 0.161873
-0.227346 -0.929283 0.291114
0.101979 -0.981528 0.161873
0.042119 -0.640735 0.766606
-0.227346 -0.929283 0.291114
0.042119 -0.640735 0.766606
0.101979 -0.981528 0.161873
0.354213 -0.711432 0.606958
0.295493 -0.107449 0.949283
0.354213 -0.711432 0.606958
0.591401 -0.212251 0.777943
0.354213 -0.711432 0.606958
0.295493 -0.107449 0.949283
0.042119 -0.640735 0.766606
0.436000 0.466877 0.769370
0.295493 -0.107449 0.949283
0.722918 0.325352 0.609537
0.722918 0.325352 0.609537
0.295493 -0.107449 0.949283
0.591401 -0.212251 0.777943
0.722918 0.325352 0.609537
0.409969 0.862881 0.295570
0.436000 0.466877 0.769370
0.409969 0.862881 0.295570
0.722918 0.325352 0.609537
0.698537 0.696042 0.166048
0.275365 0.488097 -0.828212
0.409969 0.862881 0.295570
0.698537 0.696042 0.166048
0.409969 0.862881 0.295570
0.275365 0.488097 -0.828212
-0.042121 0.640736 -0.766605
0.559130 0.271620 -0.783324
0.275365 0.488097 -0.828212
0.275365 0.488097 -0.828212
0.275365 0.488097 -0.828212
0.559130 0.271620 -0.783324
0.559130 0.271620 -0.783324
0.559130 0.271620 -0.783324
0.038208 -0.011097 -0.999208
0.275365 0.488097 -0.828212
0.038208 -0.011097 -0.999208
0.559130 0.271620 -0.783324
0.368846 -0.128871 -0.920513
-0.093338 -0.548690 -0.830799
0.038208 -0.011097 -0.999208
0.263327 -0.560181 -0.785402
0.038208 -0.011097 -0.999208
0.368846 -0.128871 -0.920513
0.263327 -0.560181 -0.785402
-0.068980 -0.919366 -0.387309
0.263327 -0.560181 -0.785402
0.282889 -0.857568 -0.429594
0.263327 -0.560181 -0.785402
-0.068980 -0.919366 -0.387309
-0.093338 -0.548690 -0.830799
-0.068980 -0.919366 -0.387309
0.420044 -0.907437 0.011001
0.101979 -0.981528 0.161873
0.420044 -0.907437 0.011001
-0.068980 -0.919366 -0.387309
0.282889 -0.857568 -0.429594
0.622399 -0.690747 0.368087
0.101979 -0.981528 0.161873
0.420044 -0.907437 0.011001
0.101979 -0.981528 0.161873
0.622399 -0.690747 0.368087
0.354213 -0.711432 0.606958
0.622399 -0.690747 0.368087
0.812677 -0.290257 0.505279
0.354213 -0.711432 0.606958
0.591401 -0.212251 0.777943
0.354213 -0.711432 0.606958
0.812677 -0.290257 0.505279
0.722918 0.325352 0.609537
0.591401 -0.212251 0.777943
0.918194 0.141055 0.370166
0.918194 0.141055 0.370166
0.591401 -0.212251 0.777943
0.812677 -0.290257 0.505279
0.918194 0.141055 0.370166
0.698537 0.696042 0.166048
0.722918 0.325352 0.609537
0.698537 0.696042 0.166048
0.918194 0.141055 0.370166
0.898645 0.438441 0.014357
0.898645 0.438441 0.014357
0.275365 0.488097 -0.828212
0.698537 0.696042 0.166048
0.275365 0.488097 -0.828212
0.898645 0.438441 0.014357
0.559130 0.271620 -0.783324
0.787056 -0.006706 -0.616845
0.787056 -0.006706 -0.616845
0.787056 -0.006706 -0.616845
0.787056 -0.006706 -0.616845
0.787056 -0.006706 -0.616845
0.787056 -0.006706 -0.616845
0.787056 -0.006706 -0.616845
0.676736 -0.238920 -0.696380
0.787056 -0.006706 -0.616845
0.676736 -0.238920 -0.696380
0.787056 -0.006706 -0.616845
0.676736 -0.238920 -0.696380
0.615558 -0.488989 -0.618043
0.676736 -0.238920 -0.696380
0.615558 -0.488989 -0.618043
0.676736 -0.238920 -0.696380
0.676736 -0.238920 -0.696380
0.615558 -0.488989 -0.618043
0.626887 -0.661419 -0.411749
0.615558 -0.488989 -0.618043
0.626887 -0.661419 -0.411749
0.615558 -0.488989 -0.618043
0.626887 -0.661419 -0.411749
0.615558 -0.488989 -0.618043
0.706400 -0.690344 -0.156286
0.626887 -0.661419 -0.411749
0.706400 -0.690343 -0.156286
0.706400 -0.690343 -0.156286
0.626887 -0.661419 -0.411749
0.626887 -0.661419 -0.411749
0.823738 -0.564695 0.050751
0.706400 -0.690344 -0.156286
0.706400 -0.690343 -0.156286
0.706400 -0.690344 -0.156286
0.823738 -0.564695 0.050751
0.823738 -0.564695 0.050751
0.823738 -0.564695 0.050751
0.934066 -0.332486 0.130282
0.823738 -0.564695 0.050751
0.934066 -0.332486 0.130282
0.823738 -0.564695 0.050751
0.934066 -0.332486 0.130282
0.995243 -0.082410 0.051962
0.934066 -0.332486 0.130282
0.995243 -0.082410 0.051962
0.934066 -0.332486 0.130282
0.995243 -0.082410 0.051962
0.934066 -0.332486 0.130282
0.995243 -0.082410 0.051962
0.983908 0.090019 -0.154343
0.995243 -0.082410 0.051962
0.983908 0.090019 -0.154343
0.995243 -0.082410 0.051962
0.983908 0.090019 -0.154343
0.983908 0.090019 -0.154343
0.787056 -0.006706 -0.616845
0.983908 0.090019 -0.154343
0.787056 -0.006706 -0.616845
0.983908 0.090019 -0.154343
0.787056 -0.006706 -0.616845
0.859728 -0.157958 -0.485713
0.859728 -0.157958 -0.485713
0.859728 -0.157958 -0.485713
0.859728 -0.157958 -0.485713
0.859728 -0.157958 -0.485713
0.859728 -0.157958 -0.485713
0.800202 -0.283243 -0.528631
0.859728 -0.157958 -0.485713
0.800202 -0.283243 -0.528631
0.859728 -0.157958 -0.485713
0.800202 -0.283243 -0.528631
0.859728 -0.157958 -0.485713
0.800202 -0.283243 -0.528631
0.767192 -0.418171 -0.486363
0.800202 -0.283243 -0.528631
0.767192 -0.418171 -0.486363
0.800202 -0.283243 -0.528631
0.767192 -0.418171 -0.486363
0.773309 -0.511200 -0.375057
0.767192 -0.418171 -0.486363
0.773309 -0.511200 -0.375057
0.767192 -0.418171 -0.486363
0.767192 -0.418171 -0.486363
0.773309 -0.511200 -0.375057
0.773309 -0.511200 -0.375057
0.816213 -0.526801 -0.237229
0.816213 -0.526801 -0.237229
0.816213 -0.526801 -0.237229
0.773309 -0.511200 -0.375057
0.773309 -0.511200 -0.375057
0.879519 -0.459011 -0.125518
0.816213 -0.526801 -0.237229
0.816213 -0.526801 -0.237229
0.816213 -0.526801 -0.237229
0.879519 -0.459011 -0.125518
0.879519 -0.459011 -0.125518
0.939042 -0.333732 -0.082600
0.879519 -0.459011 -0.125518
0.939042 -0.333732 -0.082600
0.879519 -0.459011 -0.125518
0.939042 -0.333732 -0.082600
0.879519 -0.459011 -0.125518
0.972053 -0.198803 -0.124865
0.939042 -0.333732 -0.082600
0.972053 -0.198803 -0.124865
0.939042 -0.333732 -0.082600
0.972053 -0.198803 -0.124865
0.939042 -0.333732 -0.082600
0.972053 -0.198803 -0.124865
0.965935 -0.105772 -0.236180
0.965935 -0.105772 -0.236180
0.965935 -0.105772 -0.236180
0.972053 -0.198803 -0.124865
0.972053 -0.198803 -0.124865
0.859728 -0.157958 -0.485713
0.965935 -0.105772 -0.236180
0.965935 -0.105772 -0.236180
0.859728 -0.157958 -0.485713
0.965935 -0.105772 -0.236180
0.859728 -0.157958 -0.485713
0.859728 -0.157958 -0.485713
0.859728 -0.157958 -0.485713
0.894667 -0.317357 -0.314414
0.859728 -0.157958 -0.485713
0.894667 -0.317357 -0.314414
0.894667 -0.317357 -0.314414
0.894667 -0.317357 -0.314414
0.800202 -0.283243 -0.528631
0.859728 -0.157958 -0.485713
0.800202 -0.283243 -0.528631
0.894667 -0.317357 -0.314414
0.894656 -0.317379 -0.314421
0.894659 -0.317369 -0.314424
0.800202 -0.283243 -0.528631
0.894656 -0.317379 -0.314421
0.800202 -0.283243 -0.528631
0.894659 -0.317369 -0.314424
0.767192 -0.418171 -0.486363
0.894659 -0.317369 -0.314424
0.773309 -0.511200 -0.375057
0.767192 -0.418171 -0.486363
0.773309 -0.511200 -0.375057
0.894659 -0.317369 -0.314424
0.894660 -0.317373 -0.314418
0.894660 -0.317373 -0.314418
0.894661 -0.317373 -0.314415
0.773309 -0.511200 -0.375057
0.816213 -0.526801 -0.237229
0.773309 -0.511200 -0.375057
0.894661 -0.317373 -0.314415
0.879519 -0.459011 -0.125518
0.894661 -0.317373 -0.314415
0.894660 -0.317375 -0.314414
0.894661 -0.317373 -0.314415
0.879519 -0.459011 -0.125518
0.816213 -0.526801 -0.237229
0.894660 -0.317375 -0.314414
0.939042 -0.333732 -0.082600
0.879519 -0.459011 -0.125518
0.939042 -0.333732 -0.082600
0.894660 -0.317375 -0.314414
0.894661 -0.317373 -0.314415
0.894664 -0.317359 -0.314419
0.939042 -0.333732 -0.082600
0.894661 -0.317373 -0.314415
0.939042 -0.333732 -0.082600
0.894664 -0.317359 -0.314419
0.972053 -0.198803 -0.124865
0.894664 -0.317359 -0.314419
0.965935 -0.105772 -0.236180
0.972053 -0.198803 -0.124865
0.965935 -0.105772 -0.236180
0.894664 -0.317359 -0.314419
0.894666 -0.317364 -0.314409
0.894666 -0.317364 -0.314409
0.894667 -0.317357 -0.314414
0.965935 -0.105772 -0.236180
0.859728 -0.157958 -0.485713
0.965935 -0.105772 -0.236180
0.894667 -0.317357 -0.314414
0.787056 -0.006706 -0.616845
0.787056 -0.006706 -0.616845
0.559130 0.271620 -0.783324
0.559130 0.271620 -0.783324
0.559130 0.271620 -0.783324
0.787056 -0.006706 -0.616845
0.787056 -0.006706 -0.616845
0.859728 -0.157958 -0.485713
0.787056 -0.006706 -0.616845
0.859728 -0.157958 -0.485713
0.787056 -0.006706 -0.616845
0.859728 -0.157958 -0.485713
0.676736 -0.238920 -0.696380
0.559130 0.271620 -0.783324
0.787056 -0.006706 -0.616845
0.559130 0.271620 -0.783324
0.676736 -0.238920 -0.696380
0.368846 -0.128871 -0.920513
0.787056 -0.006706 -0.616845
0.800202 -0.283243 -0.528631
0.676736 -0.238920 -0.696380
0.800202 -0.283243 -0.528631
0.787056 -0.006706 -0.616845
0.859728 -0.157958 -0.485713
0.615558 -0.488989 -0.618043
0.368846 -0.128871 -0.920513
0.676736 -0.238920 -0.696380
0.263327 -0.560181 -0.785402
0.368846 -0.128871 -0.920513
0.615558 -0.488989 -0.618043
0.615558 -0.488989 -0.618043
0.800202 -0.283243 -0.528631
0.767192 -0.418171 -0.486363
0.800202 -0.283243 -0.528631
0.615558 -0.488989 -0.618043
0.676736 -0.238920 -0.696380
0.615558 -0.488989 -0.618043
0.282889 -0.857568 -0.429594
0.263327 -0.560181 -0.785402
0.282889 -0.857568 -0.429594
0.615558 -0.488989 -0.618043
0.626887 -0.661419 -0.411749
0.626887 -0.661419 -0.411749
0.615558 -0.488989 -0.618043
0.773309 -0.511200 -0.375057
0.767192 -0.418171 -0.486363
0.773309 -0.511200 -0.375057
0.615558 -0.488989 -0.618043
0.420044 -0.907437 0.011001
0.626887 -0.661419 -0.411749
0.706400 -0.690344 -0.156286
0.626887 -0.661419 -0.411749
0.420044 -0.907437 0.011001
0.282889 -0.857568 -0.429594
0.706400 -0.690343 -0.156286
0.773309 -0.511200 -0.375057
0.816213 -0.526801 -0.237229
0.773309 -0.511200 -0.375057
0.706400 -0.690343 -0.156286
0.626887 -0.661419 -0.411749
0.622399 -0.690747 0.368087
0.706400 -0.690344 -0.156286
0.823738 -0.564695 0.050751
0.706400 -0.690344 -0.156286
0.622399 -0.690747 0.368087
0.420044 -0.907437 0.011001
0.823738 -0.564695 0.050751
0.816213 -0.526801 -0.237229
0.879519 -0.459011 -0.125518
0.816213 -0.526801 -0.237229
0.823738 -0.564695 0.050751
0.706400 -0.690343 -0.156286
0.823738 -0.564695 0.050751
0.812677 -0.290257 0.505279
0.622399 -0.690747 0.368087
0.812677 -0.290257 0.505279
0.823738 -0.564695 0.050751
0.934066 -0.332486 0.130282
0.934066 -0.332486 0.130282
0.879519 -0.459011 -0.125518
0.939042 -0.333732 -0.082600
0.879519 -0.459011 -0.125518
0.934066 -0.332486 0.130282
0.823738 -0.564695 0.050751
0.995243 -0.082410 0.051962
0.812677 -0.290257 0.505279
0.934066 -0.332486 0.130282
0.812677 -0.290257 0.505279
0.995243 -0.082410 0.051962
0.918194 0.141055 0.370166
0.995243 -0.082410 0.051962
0.934066 -0.332486 0.130282
0.972053 -0.198803 -0.124865
0.939042 -0.333732 -0.082600
0.972053 -0.198803 -0.124865
0.934066 -0.332486 0.130282
0.995243 -0.082410 0.051962
0.898645 0.438441 0.014357
0.918194 0.141055 0.370166
0.898645 0.438441 0.014357
0.995243 -0.082410 0.051962
0.983908 0.090019 -0.154343
0.983908 0.090019 -0.154343
0.972053 -0.198803 -0.124865
0.965935 -0.105772 -0.236180
0.972053 -0.198803 -0.124865
0.983908 0.090019 -0.154343
0.995243 -0.082410 0.051962
0.983908 0.090019 -0.154343
0.787056 -0.006706 -0.616845
0.898645 0.438441 0.014357
0.559130 0.271620 -0.783324
0.898645 0.438441 0.014357
0.787056 -0.006706 -0.616845
0.787056 -0.006706 -0.616845
0.983908 0.090019 -0.154343
0.859728 -0.157958 -0.485713
0.965935 -0.105772 -0.236180
0.859728 -0.157958 -0.485713
0.983908 0.090019 -0.154343
-0.300528 0.750568 -0.588498
0.916054 0.400961 -0.008702
0.315419 0.380442 -0.869353
0.315419 0.380442 -0.869353
0.916054 0.400961 -0.008702
0.872622 0.104219 -0.477148
0.872622 0.104219 -0.477148
0.916054 0.400961 -0.008702
0.988683 0.148142 -0.023668
0.988683 0.148142 -0.023668
0.916054 0.400961 -0.008702
0.896496 0.190131 0.400182
0.896496 0.190131 0.400182
0.916054 0.400961 -0.008702
0.387130 0.466999 0.795011
0.387130 0.466999 0.795011
0.916054 0.400961 -0.008702
-0.264437 0.805034 0.531030
-0.264437 0.805034 0.531030
0.916054 0.400961 -0.008702
-0.475243 0.879260 -0.032340
-0.475243 0.879260 -0.032340
0.916054 0.400961 -0.008702
-0.300528 0.750568 -0.588498
0.337420 -0.853535 -0.397022
0.461104 -0.809306 -0.363878
0.597256 -0.801802 0.019969
0.461104 -0.809306 -0.363878
0.566346 -0.792870 -0.224966
0.597256 -0.801802 0.019969
0.566346 -0.792870 -0.224966
0.622636 -0.782064 0.026474
0.597256 -0.801802 0.019969
0.622636 -0.782064 0.026474
0.570133 -0.757091 0.319000
0.597256 -0.801802 0.019969
0.570133 -0.757091 0.319000
0.429515 -0.757903 0.491019
0.597256 -0.801802 0.019969
0.429515 -0.757903 0.491019
0.307081 -0.820932 0.481427
0.597256 -0.801802 0.019969
0.307081 -0.820932 0.481427
0.230969 -0.972486 0.030406
0.597256 -0.801802 0.019969
0.230969 -0.972486 0.030406
0.337420 -0.853535 -0.397022
0.597256 -0.801802 0.019969
-0.600247 0.529371 0.599559
-0.264437 0.805034 0.531030
-0.815609 0.578461 -0.012863
-0.264437 0.805034 0.531030
-0.475243 0.879260 -0.032340
-0.815609 0.578461 -0.012863
0.057199 0.290812 0.955069
0.387130 0.466999 0.795011
-0.600247 0.529371 0.599559
0.387130 0.466999 0.795011
-0.264437 0.805034 0.531030
-0.600247 0.529371 0.599559
0.717948 -0.107076 -0.687812
0.988683 0.148142 -0.023668
0.996912 -0.078432 0.003797
0.988683 0.148142 -0.023668
0.717948 -0.107076 -0.687812
0.872622 0.104219 -0.477148
0.896496 0.190131 0.400182
0.996912 -0.078432 0.003797
0.988683 0.148142 -0.023668
0.996912 -0.078432 0.003797
0.896496 0.190131 0.400182
0.760132 0.034077 0.648874
0.057199 0.290812 0.955069
0.760132 0.034077 0.648874
0.896496 0.190131 0.400182
0.896496 0.190131 0.400182
0.387130 0.466999 0.795011
0.057199 0.290812 0.955069
-0.300528 0.750568 -0.588498
-0.815609 0.578461 -0.012863
-0.475243 0.879260 -0.032340
-0.815609 0.578461 -0.012863
-0.300528 0.750568 -0.588498
-0.644209 0.447392 -0.620351
0.315419 0.380442 -0.869353
-0.644209 0.447392 -0.620351
-0.300528 0.750568 -0.588498
-0.644209 0.447392 -0.620351
0.315419 0.380442 -0.869353
-0.034701 0.137367 -0.989912
0.872622 0.104219 -0.477148
-0.034701 0.137367 -0.989912
0.315419 0.380442 -0.869353
-0.034701 0.137367 -0.989912
0.872622 0.104219 -0.477148
0.717948 -0.107076 -0.687812
-0.675078 0.394402 0.623472
-0.600247 0.529371 0.599559
-0.908783 0.417121 -0.011083
-0.600247 0.529371 0.599559
-0.815609 0.578461 -0.012863
-0.908783 0.417121 -0.011083
0.057199 0.290812 0.955069
-0.600247 0.529371 0.599559
-0.675078 0.394402 0.623472
0.057199 0.290812 0.955069
-0.675078 0.394402 0.623472
0.035170 0.219189 0.975048
-0.644209 0.447392 -0.620351
-0.908783 0.417121 -0.011083
-0.815609 0.578461 -0.012863
-0.908783 0.417121 -0.011083
-0.644209 0.447392 -0.620351
-0.707182 0.292704 -0.643598
-0.707182 0.292704 -0.643598
-0.034701 0.137367 -0.989912
-0.016881 0.049296 -0.998641
-0.034701 0.137367 -0.989912
-0.707182 0.292704 -0.643598
-0.644209 0.447392 -0.620351
-0.016881 0.049296 -0.998641
0.717948 -0.107076 -0.687812
0.741439 -0.103952 -0.662920
0.717948 -0.107076 -0.687812
-0.016881 0.049296 -0.998641
-0.034701 0.137367 -0.989912
0.741439 -0.103952 -0.662920
0.996912 -0.078432 0.003797
0.996940 -0.078170 -0.000204
0.996912 -0.078432 0.003797
0.741439 -0.103952 -0.662920
0.717948 -0.107076 -0.687812
0.762896 0.022335 0.646135
0.996912 -0.078432 0.003797
0.760132 0.034077 0.648874
0.996912 -0.078432 0.003797
0.762896 0.022335 0.646135
0.996940 -0.078170 -0.000204
0.762896 0.022335 0.646135
0.760132 0.034077 0.648874
0.035170 0.219189 0.975048
0.760132 0.034077 0.648874
0.057199 0.290812 0.955069
0.035170 0.219189 0.975048
-0.933088 0.359518 -0.009701
-0.707182 0.292704 -0.643598
-0.719966 0.227692 -0.655595
-0.707182 0.292704 -0.643598
-0.933088 0.359518 -0.009701
-0.908783 0.417121 -0.011083
-0.689211 0.347778 0.635640
-0.675078 0.394402 0.623472
-0.933088 0.359518 -0.009701
-0.675078 0.394402 0.623472
-0.908783 0.417121 -0.011083
-0.933088 0.359518 -0.009701
0.762896 0.022335 0.646135
0.035170 0.219189 0.975048
0.016060 0.202464 0.979158
0.762896 0.022335 0.646135
0.016060 0.202464 0.979158
0.747503 0.033815 0.663397
-0.675078 0.394402 0.623472
0.016060 0.202464 0.979158
0.035170 0.219189 0.975048
0.016060 0.202464 0.979158
-0.675078 0.394402 0.623472
-0.689211 0.347778 0.635640
0.996940 -0.078170 -0.000204
0.728057 -0.114817 -0.675833
0.741439 -0.103952 -0.662920
0.728057 -0.114817 -0.675833
0.996940 -0.078170 -0.000204
0.997462 -0.071199 0.000128
0.762896 0.022335 0.646135
0.997462 -0.071199 0.000128
0.996940 -0.078170 -0.000204
0.997462 -0.071199 0.000128
0.762896 0.022335 0.646135
0.747503 0.033815 0.663397
-0.719966 0.227692 -0.655595
-0.016881 0.049296 -0.998641
-0.027997 0.002193 -0.999606
-0.016881 0.049296 -0.998641
-0.719966 0.227692 -0.655595
-0.707182 0.292704 -0.643598
-0.027997 0.002193 -0.999606
0.741439 -0.103952 -0.662920
0.728057 -0.114817 -0.675833
0.741439 -0.103952 -0.662920
-0.027997 0.002193 -0.999606
-0.016881 0.049296 -0.998641
0.016060 0.202464 0.979158
-0.689211 0.347778 0.635640
0.000947 0.186712 0.982414
-0.689211 0.347778 0.635640
-0.692894 0.294227 0.658277
0.000947 0.186712 0.982414
0.747503 0.033815 0.663397
0.000947 0.186712 0.982414
0.729470 0.052331 0.682008
0.000947 0.186712 0.982414
0.747503 0.033815 0.663397
0.016060 0.202464 0.979158
0.729470 0.052331 0.682008
0.998197 -0.059964 0.002684
0.747503 0.033815 0.663397
0.747503 0.033815 0.663397
0.998197 -0.059964 0.002684
0.997462 -0.071199 0.000128
0.998197 -0.059964 0.002684
0.714133 -0.123504 -0.689029
0.997462 -0.071199 0.000128
0.997462 -0.071199 0.000128
0.714133 -0.123504 -0.689029
0.728057 -0.114817 -0.675833
-0.036479 -0.046728 -0.998241
0.728057 -0.114817 -0.675833
0.714133 -0.123504 -0.689029
0.728057 -0.114817 -0.675833
-0.036479 -0.046728 -0.998241
-0.027997 0.002193 -0.999606
-0.027997 0.002193 -0.999606
-0.724120 0.148530 -0.673490
-0.719966 0.227692 -0.655595
-0.724120 0.148530 -0.673490
-0.027997 0.002193 -0.999606
-0.036479 -0.046728 -0.998241
-0.933088 0.359518 -0.009701
-0.719966 0.227692 -0.655595
-0.956457 0.291810 -0.006088
-0.956457 0.291810 -0.006088
-0.719966 0.227692 -0.655595
-0.724120 0.148530 -0.673490
-0.689211 0.347778 0.635640
-0.956457 0.291810 -0.006088
-0.692894 0.294227 0.658277
-0.956457 0.291810 -0.006088
-0.689211 0.347778 0.635640
-0.933088 0.359518 -0.009701
0.703865 0.081198 0.705678
0.999581 -0.028702 0.003734
0.729470 0.052331 0.682008
0.729470 0.052331 0.682008
0.999581 -0.028702 0.003734
0.998197 -0.059964 0.002684
0.999581 -0.028702 0.003734
0.701640 -0.094361 -0.706256
0.998197 -0.059964 0.002684
0.998197 -0.059964 0.002684
0.701640 -0.094361 -0.706256
0.714133 -0.123504 -0.689029
-0.037194 -0.036825 -0.998629
0.714133 -0.123504 -0.689029
0.701640 -0.094361 -0.706256
0.714133 -0.123504 -0.689029
-0.037194 -0.036825 -0.998629
-0.036479 -0.046728 -0.998241
-0.037194 -0.036825 -0.998629
-0.724120 0.148530 -0.673490
-0.036479 -0.046728 -0.998241
-0.724120 0.148530 -0.673490
-0.037194 -0.036825 -0.998629
-0.731413 0.112923 -0.672520
-0.956457 0.291810 -0.006088
-0.731413 0.112923 -0.672520
-0.974716 0.223437 -0.001947
-0.731413 0.112923 -0.672520
-0.956457 0.291810 -0.006088
-0.724120 0.148530 -0.673490
-0.692894 0.294227 0.658277
-0.974716 0.223437 -0.001947
-0.708543 0.243592 0.662291
-0.974716 0.223437 -0.001947
-0.692894 0.294227 0.658277
-0.956457 0.291810 -0.006088
0.000947 0.186712 0.982414
-0.692894 0.294227 0.658277
-0.014613 0.182772 0.983047
-0.692894 0.294227 0.658277
-0.708543 0.243592 0.662291
-0.014613 0.182772 0.983047
0.729470 0.052331 0.682008
-0.014613 0.182772 0.983047
0.703865 0.081198 0.705678
-0.014613 0.182772 0.983047
0.729470 0.052331 0.682008
0.000947 0.186712 0.982414
-0.708543 0.243592 0.662291
-0.998434 0.055671 -0.005569
-0.745170 0.122078 0.655606
-0.998434 0.055671 -0.005569
-0.708543 0.243592 0.662291
-0.974716 0.223437 -0.001947
-0.745170 0.122078 0.655606
-0.087402 0.161055 0.983068
-0.708543 0.243592 0.662291
-0.014613 0.182772 0.983047
-0.708543 0.243592 0.662291
-0.087402 0.161055 0.983068
-0.087402 0.161055 0.983068
0.703865 0.081198 0.705678
-0.014613 0.182772 0.983047
0.703865 0.081198 0.705678
-0.087402 0.161055 0.983068
0.659980 0.141117 0.737911
0.659980 0.141117 0.737911
0.999912 0.011367 -0.006864
0.703865 0.081198 0.705678
0.703865 0.081198 0.705678
0.999912 0.011367 -0.006864
0.999581 -0.028702 0.003734
0.999912 0.011367 -0.006864
0.650377 -0.116551 -0.750617
0.999581 -0.028702 0.003734
0.999581 -0.028702 0.003734
0.650377 -0.116551 -0.750617
0.701640 -0.094361 -0.706256
-0.084510 -0.096746 -0.991715
0.701640 -0.094361 -0.706256
0.650377 -0.116551 -0.750617
0.701640 -0.094361 -0.706256
-0.084510 -0.096746 -0.991715
-0.037194 -0.036825 -0.998629
-0.084510 -0.096746 -0.991715
-0.731413 0.112923 -0.672520
-0.037194 -0.036825 -0.998629
-0.731413 0.112923 -0.672520
-0.084510 -0.096746 -0.991715
-0.742767 -0.021367 -0.669209
-0.974716 0.223437 -0.001947
-0.742767 -0.021367 -0.669209
-0.998434 0.055671 -0.005569
-0.742767 -0.021367 -0.669209
-0.974716 0.223437 -0.001947
-0.731413 0.112923 -0.672520
-0.767857 -0.051656 0.638535
-0.132868 0.065919 0.988939
-0.745170 0.122078 0.655606
-0.087402 0.161055 0.983068
-0.745170 0.122078 0.655606
-0.132868 0.065919 0.988939
-0.132868 0.065919 0.988939
0.634107 0.133452 0.761642
-0.087402 0.161055 0.983068
0.659980 0.141117 0.737911
-0.087402 0.161055 0.983068
0.634107 0.133452 0.761642
0.634107 0.133452 0.761642
0.999718 0.019355 0.013742
0.659980 0.141117 0.737911
0.999912 0.011367 -0.006864
0.659980 0.141117 0.737911
0.999718 0.019355 0.013742
0.999718 0.019355 0.013742
0.668989 -0.177222 -0.721835
0.999912 0.011367 -0.006864
0.650377 -0.116551 -0.750617
0.999912 0.011367 -0.006864
0.668989 -0.177222 -0.721835
0.668989 -0.177222 -0.721835
-0.084510 -0.096746 -0.991715
0.650377 -0.116551 -0.750617
-0.084510 -0.096746 -0.991715
0.668989 -0.177222 -0.721835
-0.099388 -0.219353 -0.970570
-0.099388 -0.219353 -0.970570
-0.742767 -0.021367 -0.669209
-0.084510 -0.096746 -0.991715
-0.742767 -0.021367 -0.669209
-0.099388 -0.219353 -0.970570
-0.752545 -0.186155 -0.631682
-0.998434 0.055671 -0.005569
-0.752545 -0.186155 -0.631682
-0.989469 -0.144587 0.006733
-0.752545 -0.186155 -0.631682
-0.998434 0.055671 -0.005569
-0.742767 -0.021367 -0.669209
-0.745170 0.122078 0.655606
-0.989469 -0.144587 0.006733
-0.767857 -0.051656 0.638535
-0.989469 -0.144587 0.006733
-0.745170 0.122078 0.655606
-0.998434 0.055671 -0.005569
-0.084850 -0.233147 -0.968733
-0.752545 -0.186155 -0.631682
-0.099388 -0.219353 -0.970570
-0.752545 -0.186155 -0.631682
-0.084850 -0.233147 -0.968733
-0.689870 -0.350285 -0.633545
-0.989469 -0.144587 0.006733
-0.689870 -0.350285 -0.633545
-0.917348 -0.397960 0.009982
-0.689870 -0.350285 -0.633545
-0.989469 -0.144587 0.006733
-0.752545 -0.186155 -0.631682
-0.767857 -0.051656 0.638535
-0.989469 -0.144587 0.006733
-0.731151 -0.242945 0.637491
-0.989469 -0.144587 0.006733
-0.917348 -0.397960 0.009982
-0.731151 -0.242945 0.637491
-0.731151 -0.242945 0.637491
-0.144766 -0.002502 0.989463
-0.767857 -0.051656 0.638535
-0.132868 0.065919 0.988939
-0.767857 -0.051656 0.638535
-0.144766 -0.002502 0.989463
-0.144766 -0.002502 0.989463
0.662488 0.136836 0.736468
-0.132868 0.065919 0.988939
0.634107 0.133452 0.761642
-0.132868 0.065919 0.988939
0.662488 0.136836 0.736468
0.662488 0.136836 0.736468
0.999431 0.033048 0.006790
0.634107 0.133452 0.761642
0.634107 0.133452 0.761642
0.999431 0.033048 0.006790
0.999718 0.019355 0.013742
0.999431 0.033048 0.006790
0.688302 -0.090037 -0.719815
0.999718 0.019355 0.013742
0.668989 -0.177222 -0.721835
0.999718 0.019355 0.013742
0.688302 -0.090037 -0.719815
0.688302 -0.090037 -0.719815
-0.099388 -0.219353 -0.970570
0.668989 -0.177222 -0.721835
-0.099388 -0.219353 -0.970570
0.688302 -0.090037 -0.719815
-0.084850 -0.233147 -0.968733
-0.731151 -0.242945 0.637491
-0.917348 -0.397960 0.009982
-0.583350 -0.510010 0.632133
-0.917348 -0.397960 0.009982
-0.685257 -0.728094 0.017385
-0.583350 -0.510010 0.632133
-0.583350 -0.510010 0.632133
-0.144766 -0.002502 0.989463
-0.731151 -0.242945 0.637491
-0.144766 -0.002502 0.989463
-0.583350 -0.510010 0.632133
-0.084414 -0.027828 0.996042
-0.084414 -0.027828 0.996042
0.703346 0.178227 0.688142
-0.144766 -0.002502 0.989463
0.662488 0.136836 0.736468
-0.144766 -0.002502 0.989463
0.703346 0.178227 0.688142
0.703346 0.178227 0.688142
0.999061 0.043304 0.001313
0.662488 0.136836 0.736468
0.662488 0.136836 0.736468
0.999061 0.043304 0.001313
0.999431 0.033048 0.006790
0.999061 0.043304 0.001313
0.739643 -0.013306 -0.672868
0.999431 0.033048 0.006790
0.999431 0.033048 0.006790
0.739643 -0.013306 -0.672868
0.688302 -0.090037 -0.719815
0.739643 -0.013306 -0.672868
-0.084850 -0.233147 -0.968733
0.688302 -0.090037 -0.719815
-0.084850 -0.233147 -0.968733
0.739643 -0.013306 -0.672868
0.011234 -0.255307 -0.966795
0.011234 -0.255307 -0.966795
-0.527992 -0.584595 -0.616014
-0.084850 -0.233147 -0.968733
-0.084850 -0.233147 -0.968733
-0.527992 -0.584595 -0.616014
-0.689870 -0.350285 -0.633545
-0.917348 -0.397960 0.009982
-0.527992 -0.584595 -0.616014
-0.685257 -0.728094 0.017385
-0.527992 -0.584595 -0.616014
-0.917348 -0.397960 0.009982
-0.689870 -0.350285 -0.633545
0.461104 -0.809306 -0.363878
0.337420 -0.853535 -0.397022
0.011234 -0.255307 -0.966795
-0.527992 -0.584595 -0.616014
0.011234 -0.255307 -0.966795
0.337420 -0.853535 -0.397022
0.566346 -0.792870 -0.224966
0.011234 -0.255307 -0.966795
0.739643 -0.013306 -0.672868
0.011234 -0.255307 -0.966795
0.566346 -0.792870 -0.224966
0.461104 -0.809306 -0.363878
0.622636 -0.782064 0.026474
0.566346 -0.792870 -0.224966
0.999061 0.043304 0.001313
0.999061 0.043304 0.001313
0.566346 -0.792870 -0.224966
0.739643 -0.013306 -0.672868
0.570133 -0.757091 0.319000
0.622636 -0.782064 0.026474
0.703346 0.178227 0.688142
0.703346 0.178227 0.688142
0.622636 -0.782064 0.026474
0.999061 0.043304 0.001313
0.429515 -0.757903 0.491019
0.570133 -0.757091 0.319000
-0.084414 -0.027828 0.996042
0.703346 0.178227 0.688142
-0.084414 -0.027828 0.996042
0.570133 -0.757091 0.319000
-0.084414 -0.027828 0.996042
0.307081 -0.820932 0.481427
0.429515 -0.757903 0.491019
0.307081 -0.820932 0.481427
-0.084414 -0.027828 0.996042
-0.583350 -0.510010 0.632133
-0.583350 -0.510010 0.632133
0.230969 -0.972486 0.030406
0.307081 -0.820932 0.481427
0.230969 -0.972486 0.030406
-0.583350 -0.510010 0.632133
-0.685257 -0.728094 0.017385
-0.685257 -0.728094 0.017385
-0.527992 -0.584595 -0.616014
0.230969 -0.972486 0.030406
-0.527992 -0.584595 -0.616014
0.337420 -0.853535 -0.397022
0.230969 -0.972486 0.030406
-0.445609 0.884419 -0.138695
-0.340891 0.923249 -0.177214
-0.442416 0.854607 -0.271874
-0.362759 -0.436770 0.823188
-0.394936 -0.595548 0.699534
-0.168686 -0.604231 0.778749
-0.678603 -0.505406 0.532976
-0.862948 -0.256390 0.435414
-0.788906 -0.543434 0.286891
0.573211 -0.696390 0.431822
0.743409 -0.600084 0.295368
0.466711 -0.840886 -0.274027
0.927920 -0.358992 -0.100447
0.841810 -0.518030 0.151659
0.908551 -0.403774 0.107246
0.529626 0.470930 0.705494
0.858747 0.333605 0.388924
0.698289 0.233132 0.676788
-0.636421 0.680252 -0.363628
-0.596506 0.614415 -0.516406
-0.706975 0.462311 -0.535215
-0.204076 -0.139066 -0.969027
-0.504724 -0.141043 -0.851681
0.013300 0.015800 -0.999787
0.938747 0.108356 -0.327129
0.868211 -0.030024 -0.495286
0.783760 0.326396 -0.528381
-0.254475 -0.249455 -0.934352
-0.476787 -0.082688 -0.875121
-0.467088 0.145929 -0.872086
-0.333691 0.932304 0.139495
-0.447852 0.884661 0.129629
-0.370862 0.896028 0.244121
-0.443135 0.071934 0.893564
-0.510646 -0.095591 0.854461
-0.291319 -0.214154 0.932347
-0.603828 0.285052 0.744404
-0.538317 0.564798 0.625474
-0.686520 0.454224 0.567778
-0.955845 0.102595 0.275382
-0.946545 -0.250367 0.203394
-0.862948 -0.256390 0.435414
0.751489 -0.026145 -0.659227
0.474954 -0.239667 -0.846746
0.556856 0.024033 -0.830261
0.579709 -0.772929 -0.257913
0.853806 -0.520590 0.000413
0.436463 -0.812696 -0.386039
-0.164885 0.947604 -0.273604
0.138043 0.962543 -0.233355
0.132649 0.896409 -0.422912
-0.193005 0.870154 0.453411
0.085901 0.912079 0.400916
-0.186530 0.948490 0.256071
-0.503011 0.079807 0.860588
-0.546459 -0.306398 0.779425
-0.739858 -0.077233 0.668315
-0.355464 -0.916734 0.182330
0.573211 -0.696390 0.431822
0.004785 -0.995939 -0.089901
0.494404 0.650388 0.576681
0.606080 0.742581 0.285026
0.276201 0.756971 0.592206
-0.620339 -0.720772 -0.309303
-0.355464 -0.916734 0.182330
0.004785 -0.995939 -0.089901
0.927920 -0.358992 -0.100447
0.935186 -0.306958 0.176648
0.995148 -0.077395 0.060753
0.796616 0.481782 -0.365088
0.780588 0.339322 -0.524922
0.831950 0.497640 -0.245385
0.685967 0.452218 0.570042
0.672474 0.662213 0.330534
0.494404 0.650388 0.576681
-0.837850 -0.412119 0.358003
-0.739858 -0.077233 0.668315
-0.546459 -0.306398 0.779425
0.149639 -0.981368 -0.120517
0.098931 -0.914821 0.391555
-0.373621 -0.922655 0.095477
0.040652 -0.406299 -0.912835
-0.248208 -0.606530 -0.755324
-0.197682 -0.594521 -0.779401
-0.900369 0.335828 -0.276685
-0.832711 0.258723 -0.489546
-0.952447 0.060725 -0.298591
-0.505173 -0.718363 -0.478283
0.283526 -0.415639 -0.864209
-0.217439 -0.598829 -0.770794
0.922835 -0.384443 0.024072
0.894781 -0.445144 0.034829
0.943661 -0.317915 -0.091839
0.806053 -0.480195 -0.345964
0.712204 -0.627035 -0.315583
0.690738 -0.569890 -0.445092
-0.618744 -0.707440 -0.341591
-0.746406 -0.498445 -0.440943
-0.507474 -0.664340 -0.548746
-0.515889 -0.845201 -0.139620
-0.430724 -0.902442 0.008645
-0.660664 -0.744992 0.092248
-0.639174 -0.553181 0.534273
-0.709436 -0.700861 0.074128
-0.805868 -0.318832 0.498922
0.853806 -0.520590 0.000413
0.897470 0.388298 -0.209219
0.949484 0.234291 -0.208777
-0.639174 -0.553181 0.534273
-0.263639 -0.960092 0.093372
-0.709436 -0.700861 0.074128
0.919172 -0.380919 0.100114
0.633818 -0.748960 0.193217
0.573211 -0.696390 0.431822
0.658572 0.167180 -0.733712
0.745804 0.236319 -0.622839
0.242321 0.165042 -0.956055
-0.210149 -0.755839 0.620116
-0.261377 -0.419515 0.869304
-0.458573 -0.713580 0.529636
-0.238076 -0.622524 -0.745509
-0.302945 -0.920888 -0.245337
-0.501462 -0.795964 -0.339084
-0.586972 -0.383556 -0.712986
-0.720166 -0.626153 -0.298820
-0.857017 -0.345580 -0.382226
-0.604894 -0.751751 0.262629
-0.505173 -0.718363 -0.478283
-0.727927 -0.592548 0.344976
0.579709 -0.772929 -0.257913
0.549565 -0.756672 0.354155
0.921722 -0.382391 0.064844
0.895330 0.328544 -0.300736
0.703429 0.142962 -0.696239
0.705952 0.144869 -0.693286
-0.495060 -0.682532 0.537648
-0.394936 -0.595548 0.699534
-0.555400 -0.464884 0.689503
0.065124 -0.016505 -0.997741
-0.099624 -0.203672 -0.973957
-0.358434 -0.106389 -0.927473
-0.863592 -0.033569 0.503073
-0.936307 -0.248218 0.248430
-0.702567 -0.175354 0.689675
0.901388 -0.048241 0.430317
0.952259 0.131190 0.275668
0.775508 0.402932 0.486038
-0.103731 0.981636 0.160095
0.085901 0.912079 0.400916
0.103980 0.978831 0.176291
-0.638527 -0.372840 -0.673256
-0.852833 -0.366903 -0.371561
-0.658195 -0.061114 -0.750363
0.403451 0.278605 0.871554
0.007029 -0.243801 0.969800
0.308529 0.183870 0.933275
0.083472 0.248318 -0.965075
-0.324680 -0.050312 -0.944485
-0.310239 0.179087 -0.933638
0.007029 -0.243801 0.969800
-0.315706 -0.607500 0.728885
0.011696 -0.324300 0.945882
-0.587783 -0.121733 -0.799808
-0.738407 0.120811 -0.663445
-0.638189 0.205973 -0.741815
-0.542942 -0.434499 -0.718627
-0.685870 -0.429793 -0.587248
-0.712373 -0.181314 -0.677975
0.796616 0.481782 -0.365088
0.657790 0.205523 -0.724619
0.780588 0.339322 -0.524922
0.438911 -0.616306 0.653853
0.563538 -0.818797 0.109526
0.813426 -0.451220 0.367068
0.474954 -0.239667 -0.846746
0.262278 0.119530 -0.957561
0.556856 0.024033 -0.830261
-0.079925 0.866967 -0.491914
-0.164885 0.947604 -0.273604
0.132649 0.896409 -0.422912
0.590708 0.119680 0.797961
0.471291 0.032792 0.881368
0.772930 0.231960 0.590570
-0.409508 -0.561183 -0.719289
-0.749695 -0.533718 -0.391283
-0.568866 -0.302586 -0.764744
0.728266 -0.373511 0.574560
0.313282 -0.856447 0.410308
0.748092 -0.660326 -0.065796
0.703429 0.142962 -0.696239
0.319499 0.026202 -0.947224
0.705952 0.144869 -0.693286
-0.168686 -0.604231 0.778749
-0.393164 -0.364596 0.844092
0.018331 -0.390209 0.920544
-0.205706 0.033102 0.978054
-0.289140 -0.075769 0.954283
0.215101 0.019916 0.976389
-0.370862 0.896028 0.244121
-0.447852 0.884661 0.129629
-0.506692 0.825645 0.248142
-0.706975 0.462311 -0.535215
-0.773490 0.527550 -0.351288
-0.636421 0.680252 -0.363628
0.325718 0.236915 0.915303
0.685967 0.452218 0.570042
0.372768 0.433803 0.820280
-0.414526 -0.431672 0.801141
-0.474056 -0.148043 0.867960
-0.620585 -0.433696 0.653286
0.414334 -0.908868 -0.047821
0.519382 -0.689225 -0.505185
0.871067 -0.451044 -0.194427
0.301947 0.181485 0.935891
0.178334 -0.067566 0.981647
0.436680 0.193529 0.878554
0.187658 -0.697051 -0.692030
-0.021271 -0.283665 -0.958687
0.180147 -0.177374 -0.967515
0.712136 0.652439 -0.259200
0.653360 0.723557 -0.222678
0.572950 0.797642 0.188400
0.698289 0.233132 0.676788
0.358120 0.315608 0.878716
0.529626 0.470930 0.705494
0.119974 0.122199 0.985228
-0.002384 -0.168497 0.985699
-0.166628 0.257994 0.951669
0.866894 -0.367407 0.336907
0.622007 -0.733142 -0.274973
0.972763 -0.074702 -0.219434
0.007029 -0.243801 0.969800
0.011696 -0.324300 0.945882
0.308529 0.183870 0.933275
-0.686520 0.454224 0.567778
-0.804676 0.511166 0.302003
-0.814309 0.313272 0.488631
-0.656543 0.673268 0.340091
-0.621411 0.772116 0.132984
-0.804676 0.511166 0.302003
-0.638527 -0.372840 -0.673256
-0.793242 -0.574413 -0.202032
-0.852833 -0.366903 -0.371561
-0.257832 -0.635626 -0.727669
-0.175146 -0.896541 -0.406864
-0.433957 -0.860960 -0.265384
0.743409 -0.600084 0.295368
0.778220 -0.559217 -0.285745
0.466711 -0.840886 -0.274027
0.178721 -0.194750 -0.964433
0.040652 -0.406299 -0.912835
0.057935 -0.481326 -0.874625
0.690738 -0.569890 -0.445092
0.596683 -0.475342 -0.646544
0.806053 -0.480195 -0.345964
0.653856 0.097752 -0.750278
0.419186 0.552231 -0.720641
0.255455 -0.004695 -0.966810
-0.032240 -0.068907 0.997102
0.178334 -0.067566 0.981647
0.301947 0.181485 0.935891
-0.291465 -0.651142 -0.700758
-0.248593 -0.548554 0.798304
0.268467 -0.381933 0.884337
0.535782 -0.843754 0.031882
0.774619 -0.571536 -0.270760
0.737374 -0.500033 0.454143
0.547984 -0.646655 -0.530613
-0.291465 -0.651142 -0.700758
0.268467 -0.381933 0.884337
0.255455 -0.004695 -0.966810
0.306910 -0.402187 -0.862585
0.653856 0.097752 -0.750278
0.306910 -0.402187 -0.862585
-0.012235 -0.286915 -0.957878
0.167378 -0.144836 -0.975196
0.619472 0.754156 -0.217954
0.622229 0.717704 0.312621
0.697423 0.705225 0.127513
0.614752 0.670406 -0.415495
0.428524 0.310939 -0.848342
0.457405 0.517360 -0.723270
-0.501462 -0.795964 -0.339084
-0.424940 -0.582662 -0.692771
-0.238076 -0.622524 -0.745509
0.428524 0.310939 -0.848342
0.242321 0.165042 -0.956055
0.457405 0.517360 -0.723270
0.994045 0.002497 -0.108944
0.953849 -0.297910 0.037711
0.943661 -0.317915 -0.091839
0.952259 0.131190 0.275668
0.719486 0.616697 0.319414
0.775508 0.402932 0.486038
-0.149952 0.524510 0.838095
-0.147300 0.601348 0.785292
-0.487661 0.244634 0.838058
-0.049090 0.242197 0.968984
-0.237503 -0.110763 0.965051
-0.008525 -0.052416 0.998589
-0.936307 -0.248218 0.248430
-0.770441 -0.409402 0.488682
-0.702567 -0.175354 0.689675
0.313282 -0.856447 0.410308
-0.367714 -0.905195 -0.213092
0.307294 -0.931218 -0.195968
-0.398864 -0.643778 0.653037
-0.458959 -0.303761 0.834917
-0.770441 -0.409402 0.488682
-0.289140 -0.075769 0.954283
-0.005224 -0.062449 0.998034
0.253631 0.050017 0.966007
-0.442416 0.854607 -0.271874
-0.508481 0.720417 -0.471643
-0.524847 0.800481 -0.289422
0.030945 0.574293 -0.818065
-0.079925 0.866967 -0.491914
0.261096 0.702149 -0.662431
0.521991 -0.295141 -0.800261
0.057935 -0.481326 -0.874625
0.778220 -0.559217 -0.285745
0.780588 0.339322 -0.524922
0.927920 -0.358992 -0.100447
0.838885 0.241096 -0.488000
-0.612585 -0.478394 0.629189
-0.495060 -0.682532 0.537648
-0.758640 -0.620667 0.198085
-0.263639 -0.960092 0.093372
-0.248593 -0.548554 0.798304
-0.291465 -0.651142 -0.700758
0.831950 0.497640 -0.245385
0.780588 0.339322 -0.524922
0.838885 0.241096 -0.488000
0.858747 0.333605 0.388924
0.529626 0.470930 0.705494
0.606080 0.742581 0.285026
-0.636421 0.680252 -0.363628
-0.773490 0.527550 -0.351288
-0.673108 0.710441 -0.205422
-0.445609 0.884419 -0.138695
-0.442416 0.854607 -0.271874
-0.524847 0.800481 -0.289422
-0.988695 -0.090580 0.119487
-0.936307 -0.248218 0.248430
-0.863592 -0.033569 0.503073
0.072808 -0.006054 -0.997328
-0.358434 -0.106389 -0.927473
-0.291465 -0.651142 -0.700758
-0.409846 -0.436107 -0.801147
-0.361894 -0.397423 -0.843260
-0.254475 -0.249455 -0.934352
-0.505173 -0.718363 -0.478283
-0.217439 -0.598829 -0.770794
-0.284400 -0.755311 -0.590442
-0.749695 -0.533718 -0.391283
-0.891690 -0.405884 -0.200370
-0.702168 -0.208505 -0.680798
-0.702168 -0.208505 -0.680798
-0.932793 -0.148252 -0.328511
-0.738370 -0.566326 -0.366175
-0.737216 -0.274930 0.617192
-0.678603 -0.505406 0.532976
-0.555400 -0.464884 0.689503
-0.603828 0.285052 0.744404
-0.686520 0.454224 0.567778
-0.702485 0.127378 0.700207
-0.707814 -0.638287 0.302637
-0.654235 -0.756163 0.013922
-0.551708 -0.683125 0.478496
-0.418391 -0.681361 -0.600579
-0.532502 -0.732109 -0.424803
-0.620339 -0.720772 -0.309303
0.828235 0.497887 -0.257166
0.662401 0.622383 -0.416970
0.523480 0.822272 -0.223244
0.801328 0.580590 0.144184
0.991692 0.066504 0.110107
0.893140 0.448138 -0.038387
-0.603828 0.285052 0.744404
-0.436041 0.357025 0.826076
-0.538317 0.564798 0.625474
0.124072 0.726075 0.676330
0.085901 0.912079 0.400916
-0.193005 0.870154 0.453411
0.787304 -0.279573 0.549537
0.996152 0.049893 0.072050
0.919172 -0.380919 0.100114
-0.289140 -0.075769 0.954283
0.253631 0.050017 0.966007
0.215101 0.019916 0.976389
-0.442618 -0.207562 0.872357
-0.639174 -0.553181 0.534273
-0.805868 -0.318832 0.498922
-0.248593 -0.548554 0.798304
-0.032240 -0.068907 0.997102
0.268467 -0.381933 0.884337
0.187658 -0.697051 -0.692030
0.180147 -0.177374 -0.967515
0.673783 -0.057252 -0.736708
0.419186 0.552231 -0.720641
0.653360 0.723557 -0.222678
0.487798 0.682014 -0.544895
-0.042273 0.998415 -0.037148
-0.103731 0.981636 0.160095
0.103980 0.978831 0.176291
-0.398904 0.916918 -0.011686
-0.248488 0.967920 0.037213
-0.261597 0.960859 -0.091193
-0.002384 -0.168497 0.985699
-0.546459 -0.306398 0.779425
-0.503011 0.079807 0.860588
0.088487 -0.591976 0.801084
0.463742 -0.313249 0.828745
0.322073 -0.684383 0.654133
0.427455 -0.758504 0.491888
0.622007 -0.733142 -0.274973
0.866894 -0.367407 0.336907
-0.215276 -0.932270 0.290740
-0.433957 -0.860960 -0.265384
-0.175146 -0.896541 -0.406864
0.853806 -0.520590 0.000413
0.903854 0.333689 0.267769
0.897470 0.388298 -0.209219
0.268467 -0.381933 0.884337
-0.032240 -0.068907 0.997102
0.301947 0.181485 0.935891
-0.237503 -0.110763 0.965051
-0.414526 -0.431672 0.801141
-0.008525 -0.052416 0.998589
0.438911 -0.616306 0.653853
0.813426 -0.451220 0.367068
0.560019 -0.072034 0.825342
0.138043 0.962543 -0.233355
-0.042273 0.998415 -0.037148
0.275408 0.953645 -0.121292
0.828235 0.497887 -0.257166
0.523480 0.822272 -0.223244
0.599039 0.800273 -0.026735
0.935770 0.322663 0.142206
0.927204 0.333421 0.170653
0.833520 0.160322 0.528717
0.787304 -0.279573 0.549537
0.833520 0.160322 0.528717
0.996152 0.049893 0.072050
0.463742 -0.313249 0.828745
0.787304 -0.279573 0.549537
0.322073 -0.684383 0.654133
0.463742 -0.313249 0.828745
0.590708 0.119680 0.797961
0.787304 -0.279573 0.549537
-0.418391 -0.681361 -0.600579
-0.620339 -0.720772 -0.309303
0.004785 -0.995939 -0.089901
0.057935 -0.481326 -0.874625
0.466711 -0.840886 -0.274027
0.778220 -0.559217 -0.285745
-0.325533 0.613998 -0.719051
-0.290518 0.777334 -0.557989
0.030945 0.574293 -0.818065
-0.467088 0.145929 -0.872086
-0.187896 0.056020 -0.980590
-0.254475 -0.249455 -0.934352
-0.458573 -0.713580 0.529636
-0.416933 -0.891520 0.177084
-0.210149 -0.755839 0.620116
0.413765 -0.567889 0.711548
0.414334 -0.908868 -0.047821
0.810011 -0.551293 0.199895
-0.952447 0.060725 -0.298591
-0.973803 -0.217320 -0.066929
-0.990701 0.132086 -0.032616
-0.746406 -0.498445 -0.440943
-0.618744 -0.707440 -0.341591
-0.788596 -0.584503 -0.190979
0.529626 0.470930 0.705494
0.358120 0.315608 0.878716
0.152387 0.459611 0.874949
0.196656 0.620974 0.758760
0.276201 0.756971 0.592206
-0.147300 0.601348 0.785292
-0.510646 -0.095591 0.854461
-0.677949 -0.152801 0.719053
-0.537170 -0.280233 0.795561
-0.510646 -0.095591 0.854461
-0.362759 -0.436770 0.823188
-0.291319 -0.214154 0.932347
0.040652 -0.406299 -0.912835
0.306848 -0.751624 -0.583872
-0.248208 -0.606530 -0.755324
0.593742 -0.319437 -0.738533
0.921775 0.145211 -0.359507
0.778733 -0.537608 -0.323347
0.549565 -0.756672 0.354155
0.403451 0.278605 0.871554
0.921722 -0.382391 0.064844
0.653360 0.723557 -0.222678
0.419186 0.552231 -0.720641
0.653856 0.097752 -0.750278
0.065124 -0.016505 -0.997741
-0.358434 -0.106389 -0.927473
0.072808 -0.006054 -0.997328
0.920804 0.061874 -0.385086
0.705952 0.144869 -0.693286
0.774619 -0.571536 -0.270760
-0.932793 -0.148252 -0.328511
-0.758640 -0.620667 0.198085
-0.738370 -0.566326 -0.366175
-0.758640 -0.620667 0.198085
-0.443455 -0.855481 0.267394
-0.738370 -0.566326 -0.366175
0.819158 -0.548465 -0.167828
0.712204 -0.627035 -0.315583
0.806053 -0.480195 -0.345964
0.535782 -0.843754 0.031882
0.853806 -0.520590 0.000413
0.579709 -0.772929 -0.257913
-0.516777 -0.625920 -0.584094
-0.420106 -0.834846 -0.355730
-0.284400 -0.755311 -0.590442
-0.952728 -0.292728 -0.081364
-0.881163 -0.462726 0.097138
-0.709436 -0.700861 0.074128
0.445204 0.772990 0.451973
0.328444 0.900319 0.285571
0.085901 0.912079 0.400916
0.124072 0.726075 0.676330
0.423889 0.623323 0.657105
0.085901 0.912079 0.400916
-0.516777 -0.625920 -0.584094
-0.664799 -0.673645 -0.322869
-0.420106 -0.834846 -0.355730
-0.709436 -0.700861 0.074128
-0.430724 -0.902442 0.008645
-0.515889 -0.845201 -0.139620
0.784822 -0.082149 -0.614253
0.329656 -0.334095 -0.883011
0.428524 0.310939 -0.848342
0.074924 -0.080446 -0.993939
-0.238076 -0.622524 -0.745509
-0.196938 -0.252589 -0.947320
0.935770 0.322663 0.142206
0.911294 0.284934 -0.297246
0.895330 0.328544 -0.300736
0.983656 -0.060761 0.169495
0.748092 -0.660326 -0.065796
0.911575 -0.155202 -0.380714
0.921775 0.145211 -0.359507
0.983843 -0.168763 -0.059772
0.778733 -0.537608 -0.323347
0.796616 0.481782 -0.365088
0.831950 0.497640 -0.245385
0.825095 0.550132 0.128739
-0.587783 -0.121733 -0.799808
-0.542942 -0.434499 -0.718627
-0.712373 -0.181314 -0.677975
-0.326835 -0.611115 -0.720914
-0.361894 -0.397423 -0.843260
-0.409846 -0.436107 -0.801147
0.242321 0.165042 -0.956055
0.074924 -0.080446 -0.993939
-0.204076 -0.139066 -0.969027
0.242321 0.165042 -0.956055
-0.204076 -0.139066 -0.969027
0.013300 0.015800 -0.999787
-0.621411 0.772116 0.132984
-0.506692 0.825645 0.248142
-0.447852 0.884661 0.129629
-0.551566 0.824055 -0.129264
-0.445609 0.884419 -0.138695
-0.524847 0.800481 -0.289422
-0.952447 0.060725 -0.298591
-0.990701 0.132086 -0.032616
-0.900369 0.335828 -0.276685
-0.788074 0.610124 0.081779
-0.647519 0.761533 -0.028046
-0.803838 0.577109 -0.144185
-0.495060 -0.682532 0.537648
-0.443455 -0.855481 0.267394
-0.758640 -0.620667 0.198085
-0.608596 -0.704093 0.365875
-0.660664 -0.744992 0.092248
-0.443455 -0.855481 0.267394
0.943661 -0.317915 -0.091839
0.896079 -0.432759 -0.098807
0.894618 -0.410216 -0.177148
0.938747 0.108356 -0.327129
0.943661 -0.317915 -0.091839
0.926461 -0.238230 -0.291404
0.031984 -0.683386 -0.729356
0.307294 -0.931218 -0.195968
-0.367714 -0.905195 -0.213092
0.748092 -0.660326 -0.065796
0.506709 -0.397577 -0.764970
0.911575 -0.155202 -0.380714
-0.837850 -0.412119 0.358003
-0.563730 -0.628099 0.536377
-0.761472 -0.648176 0.005310
-0.707814 -0.638287 0.302637
-0.761472 -0.648176 0.005310
-0.654235 -0.756163 0.013922
0.306910 -0.402187 -0.862585
0.255455 -0.004695 -0.966810
-0.012235 -0.286915 -0.957878
-0.197805 -0.191632 -0.961327
-0.409846 -0.436107 -0.801147
-0.254475 -0.249455 -0.934352
0.784822 -0.082149 -0.614253
0.871067 -0.451044 -0.194427
0.519382 -0.689225 -0.505185
0.531294 0.570921 0.625920
0.697423 0.705225 0.127513
0.622229 0.717704 0.312621
0.313282 -0.856447 0.410308
0.728266 -0.373511 0.574560
0.146543 -0.461892 0.874746
0.146543 -0.461892 0.874746
-0.458959 -0.303761 0.834917
-0.398864 -0.643778 0.653037
0.579709 -0.772929 -0.257913
0.436463 -0.812696 -0.386039
0.549565 -0.756672 0.354155
0.242321 0.165042 -0.956055
0.283526 -0.415639 -0.864209
0.658572 0.167180 -0.733712
0.798820 -0.119806 0.589520
0.810011 -0.551293 0.199895
0.975309 0.218993 -0.028522
0.810011 -0.551293 0.199895
0.798820 -0.119806 0.589520
0.413765 -0.567889 0.711548
0.436463 -0.812696 -0.386039
0.283526 -0.415639 -0.864209
0.549565 -0.756672 0.354155
-0.604894 -0.751751 0.262629
0.283526 -0.415639 -0.864209
-0.505173 -0.718363 -0.478283
0.958470 0.045975 -0.281464
0.648393 0.653555 0.390451
0.653360 0.723557 -0.222678
0.653360 0.723557 -0.222678
0.648393 0.653555 0.390451
0.572950 0.797642 0.188400
-0.727927 -0.592548 0.344976
-0.505173 -0.718363 -0.478283
-0.793242 -0.574413 -0.202032
-0.433957 -0.860960 -0.265384
-0.215276 -0.932270 0.290740
-0.453041 -0.856513 0.247264
-0.458959 -0.303761 0.834917
-0.702567 -0.175354 0.689675
-0.770441 -0.409402 0.488682
-0.559052 -0.021602 0.828851
-0.702567 -0.175354 0.689675
-0.289140 -0.075769 0.954283
0.774619 -0.571536 -0.270760
0.547984 -0.646655 -0.530613
0.737374 -0.500033 0.454143
0.774619 -0.571536 -0.270760
0.705952 0.144869 -0.693286
0.547984 -0.646655 -0.530613
0.358120 0.315608 0.878716
0.119974 0.122199 0.985228
-0.166628 0.257994 0.951669
0.124072 0.726075 0.676330
-0.193005 0.870154 0.453411
-0.017036 0.546816 0.837079
0.348729 0.381743 -0.855956
0.030945 0.574293 -0.818065
0.261096 0.702149 -0.662431
0.483214 0.682193 -0.548741
0.132649 0.896409 -0.422912
0.364953 0.863350 -0.348477
-0.504724 -0.141043 -0.851681
-0.586972 -0.383556 -0.712986
-0.785503 -0.210966 -0.581789
-0.516777 -0.625920 -0.584094
-0.785503 -0.210966 -0.581789
-0.664799 -0.673645 -0.322869
-0.409846 -0.436107 -0.801147
-0.197805 -0.191632 -0.961327
-0.658195 -0.061114 -0.750363
-0.310239 0.179087 -0.933638
0.126108 0.404166 -0.905951
0.083472 0.248318 -0.965075
0.783760 0.326396 -0.528381
0.751489 -0.026145 -0.659227
0.612241 0.358309 -0.704823
0.612241 0.358309 -0.704823
0.261096 0.702149 -0.662431
0.483214 0.682193 -0.548741
-0.445609 0.884419 -0.138695
-0.398904 0.916918 -0.011686
-0.340891 0.923249 -0.177214
-0.494781 0.869006 0.004502
-0.445609 0.884419 -0.138695
-0.551566 0.824055 -0.129264
-0.654235 -0.756163 0.013922
-0.620339 -0.720772 -0.309303
-0.532502 -0.732109 -0.424803
0.149639 -0.981368 -0.120517
-0.373621 -0.922655 0.095477
-0.224385 -0.868621 -0.441757
0.690530 0.133357 -0.710904
0.521991 -0.295141 -0.800261
0.927920 -0.358992 -0.100447
0.657790 0.205523 -0.724619
0.436300 0.079180 -0.896311
0.690530 0.133357 -0.710904
0.825095 0.550132 0.128739
0.914910 0.178440 0.362075
0.921775 0.145211 -0.359507
0.560019 -0.072034 0.825342
0.914910 0.178440 0.362075
0.685967 0.452218 0.570042
-0.457331 0.438664 -0.773578
-0.187896 0.056020 -0.980590
-0.467088 0.145929 -0.872086
-0.607097 0.417683 -0.675999
-0.706975 0.462311 -0.535215
-0.596506 0.614415 -0.516406
-0.955845 0.102595 0.275382
-0.814309 0.313272 0.488631
-0.804676 0.511166 0.302003
-0.915856 0.395947 0.066592
-0.900369 0.335828 -0.276685
-0.990701 0.132086 -0.032616
0.719486 0.616697 0.319414
0.328444 0.900319 0.285571
0.445204 0.772990 0.451973
0.893140 0.448138 -0.038387
0.599039 0.800273 -0.026735
0.801328 0.580590 0.144184
-0.720166 -0.626153 -0.298820
-0.881163 -0.462726 0.097138
-0.857017 -0.345580 -0.382226
-0.416933 -0.891520 0.177084
-0.458573 -0.713580 0.529636
-0.610078 -0.785077 0.107050
-0.810856 -0.578533 0.088385
-0.891690 -0.405884 -0.200370
-0.749695 -0.533718 -0.391283
-0.810856 -0.578533 0.088385
-0.367714 -0.905195 -0.213092
-0.321294 -0.912705 0.252466
-0.291319 -0.214154 0.932347
-0.362759 -0.436770 0.823188
-0.166448 -0.454982 0.874807
-0.004936 -0.391872 0.920007
0.088487 -0.591976 0.801084
-0.546459 -0.306398 0.779425
-0.559052 -0.021602 0.828851
-0.863592 -0.033569 0.503073
-0.702567 -0.175354 0.689675
-0.205706 0.033102 0.978054
0.018331 -0.390209 0.920544
-0.393164 -0.364596 0.844092
0.958470 0.045975 -0.281464
0.653360 0.723557 -0.222678
0.653856 0.097752 -0.750278
0.958470 0.045975 -0.281464
0.653856 0.097752 -0.750278
0.596683 -0.475342 -0.646544
0.268467 -0.381933 0.884337
0.559592 0.376478 0.738323
0.737374 -0.500033 0.454143
0.737374 -0.500033 0.454143
0.547984 -0.646655 -0.530613
0.268467 -0.381933 0.884337
-0.804676 0.511166 0.302003
-0.686520 0.454224 0.567778
-0.656543 0.673268 0.340091
-0.538317 0.564798 0.625474
-0.567915 0.682478 0.460105
-0.686520 0.454224 0.567778
0.704889 -0.300290 -0.642618
0.835935 -0.298707 -0.460421
0.806053 -0.480195 -0.345964
0.943661 -0.317915 -0.091839
0.894618 -0.410216 -0.177148
0.926461 -0.238230 -0.291404
-0.738407 0.120811 -0.663445
-0.706975 0.462311 -0.535215
-0.638189 0.205973 -0.741815
-0.738407 0.120811 -0.663445
-0.851116 -0.089655 -0.517266
-0.832711 0.258723 -0.489546
0.819158 -0.548465 -0.167828
0.731525 -0.680184 -0.047118
0.712204 -0.627035 -0.315583
0.778220 -0.559217 -0.285745
0.743409 -0.600084 0.295368
0.841810 -0.518030 0.151659
-0.546459 -0.306398 0.779425
0.088487 -0.591976 0.801084
-0.563730 -0.628099 0.536377
-0.563730 -0.628099 0.536377
-0.837850 -0.412119 0.358003
-0.546459 -0.306398 0.779425
-0.373621 -0.922655 0.095477
-0.234950 -0.748151 0.620539
-0.551708 -0.683125 0.478496
-0.007540 -0.374045 0.927380
-0.008525 -0.052416 0.998589
-0.414526 -0.431672 0.801141
-0.848006 0.030148 0.529128
-0.955845 0.102595 0.275382
-0.862948 -0.256390 0.435414
-0.677949 -0.152801 0.719053
-0.737216 -0.274930 0.617192
-0.555400 -0.464884 0.689503
-0.212549 -0.710178 0.671171
-0.315706 -0.607500 0.728885
0.007029 -0.243801 0.969800
0.549565 -0.756672 0.354155
0.007029 -0.243801 0.969800
0.403451 0.278605 0.871554
0.549565 -0.756672 0.354155
0.283526 -0.415639 -0.864209
-0.212549 -0.710178 0.671171
-0.212549 -0.710178 0.671171
0.007029 -0.243801 0.969800
0.549565 -0.756672 0.354155
0.559592 0.376478 0.738323
0.301947 0.181485 0.935891
0.436680 0.193529 0.878554
0.268467 -0.381933 0.884337
0.301947 0.181485 0.935891
0.559592 0.376478 0.738323
0.180147 -0.177374 -0.967515
-0.021271 -0.283665 -0.958687
0.083472 0.248318 -0.965075
0.487798 0.682014 -0.544895
0.338163 0.304495 -0.890465
0.419186 0.552231 -0.720641
0.572950 0.797642 0.188400
0.877357 0.248440 0.410514
0.712136 0.652439 -0.259200
0.403451 0.278605 0.871554
0.308529 0.183870 0.933275
0.459175 0.570280 0.681131
0.348729 0.381743 -0.855956
0.262278 0.119530 -0.957561
0.030945 0.574293 -0.818065
-0.098731 0.308180 -0.946191
-0.325533 0.613998 -0.719051
0.030945 0.574293 -0.818065
-0.017036 0.546816 0.837079
-0.193005 0.870154 0.453411
-0.331925 0.691623 0.641469
-0.444460 0.808276 0.386194
-0.370862 0.896028 0.244121
-0.506692 0.825645 0.248142
-0.261597 0.960859 -0.091193
-0.248488 0.967920 0.037213
-0.042273 0.998415 -0.037148
-0.094892 0.980384 -0.172752
-0.042273 0.998415 -0.037148
0.138043 0.962543 -0.233355
-0.343273 0.885524 -0.313068
-0.340891 0.923249 -0.177214
-0.164885 0.947604 -0.273604
-0.261597 0.960859 -0.091193
-0.042273 0.998415 -0.037148
-0.094892 0.980384 -0.172752
0.253631 0.050017 0.966007
0.471291 0.032792 0.881368
0.590708 0.119680 0.797961
0.253631 0.050017 0.966007
0.590708 0.119680 0.797961
0.463742 -0.313249 0.828745
-0.746406 -0.498445 -0.440943
-0.788596 -0.584503 -0.190979
-0.904209 -0.275365 -0.326465
-0.712373 -0.181314 -0.677975
-0.685870 -0.429793 -0.587248
-0.851116 -0.089655 -0.517266
-0.049090 0.242197 0.968984
0.325718 0.236915 0.915303
0.372768 0.433803 0.820280
0.196656 0.620974 0.758760
0.494404 0.650388 0.576681
0.276201 0.756971 0.592206
0.306848 -0.751624 -0.583872
0.040652 -0.406299 -0.912835
0.593742 -0.319437 -0.738533
0.337418 -0.069937 -0.938753
0.040652 -0.406299 -0.912835
0.178721 -0.194750 -0.964433
0.519382 -0.689225 -0.505185
0.414334 -0.908868 -0.047821
0.053557 -0.814885 -0.577143
0.329656 -0.334095 -0.883011
-0.238076 -0.622524 -0.745509
0.074924 -0.080446 -0.993939
0.774619 -0.571536 -0.270760
0.535782 -0.843754 0.031882
0.633818 -0.748960 0.193217
0.731525 -0.680184 -0.047118
0.841810 -0.518030 0.151659
0.633818 -0.748960 0.193217
-0.065026 -0.720882 0.690000
-0.315706 -0.607500 0.728885
-0.215276 -0.932270 0.290740
0.427455 -0.758504 0.491888
0.111175 -0.992332 0.054021
0.622007 -0.733142 -0.274973
-0.042273 0.998415 -0.037148
0.103980 0.978831 0.176291
0.221065 0.974590 0.036109
0.801328 0.580590 0.144184
0.599039 0.800273 -0.026735
0.473661 0.869140 0.142274
-0.193005 0.870154 0.453411
-0.370862 0.896028 0.244121
-0.444460 0.808276 0.386194
-0.193005 0.870154 0.453411
-0.186530 0.948490 0.256071
-0.370862 0.896028 0.244121
0.325718 0.236915 0.915303
-0.049090 0.242197 0.968984
-0.008525 -0.052416 0.998589
-0.008525 -0.052416 0.998589
-0.007540 -0.374045 0.927380
0.560019 -0.072034 0.825342
0.894781 -0.445144 0.034829
0.731525 -0.680184 -0.047118
0.819158 -0.548465 -0.167828
0.943661 -0.317915 -0.091839
0.894781 -0.445144 0.034829
0.896079 -0.432759 -0.098807
0.816856 0.348380 0.459758
0.975309 0.218993 -0.028522
0.697423 0.705225 0.127513
0.614752 0.670406 -0.415495
0.619472 0.754156 -0.217954
0.697423 0.705225 0.127513
-0.261377 -0.419515 0.869304
-0.210149 -0.755839 0.620116
-0.083093 -0.419819 0.903796
-0.210149 -0.755839 0.620116
0.040225 -0.936766 0.347636
0.413765 -0.567889 0.711548
0.319499 0.026202 -0.947224
-0.099624 -0.203672 -0.973957
0.065124 -0.016505 -0.997741
0.506709 -0.397577 -0.764970
0.307294 -0.931218 -0.195968
0.031984 -0.683386 -0.729356
-0.166628 0.257994 0.951669
0.152387 0.459611 0.874949
0.358120 0.315608 0.878716
-0.487661 0.244634 0.838058
-0.147300 0.601348 0.785292
-0.166628 0.257994 0.951669
0.828235 0.497887 -0.257166
0.938747 0.108356 -0.327129
0.783760 0.326396 -0.528381
0.994045 0.002497 -0.108944
0.943661 -0.317915 -0.091839
0.938747 0.108356 -0.327129
0.705952 0.144869 -0.693286
0.454290 0.067585 -0.888287
0.547984 -0.646655 -0.530613
0.319499 0.026202 -0.947224
0.454290 0.067585 -0.888287
0.705952 0.144869 -0.693286
0.119974 0.122199 0.985228
-0.208419 0.042455 0.977118
-0.002384 -0.168497 0.985699
-0.436041 0.357025 0.826076
-0.218850 0.382738 0.897561
-0.331925 0.691623 0.641469
0.778220 -0.559217 -0.285745
0.841810 -0.518030 0.151659
0.927920 -0.358992 -0.100447
0.521991 -0.295141 -0.800261
0.778220 -0.559217 -0.285745
0.927920 -0.358992 -0.100447
-0.848006 0.030148 0.529128
-0.737216 -0.274930 0.617192
-0.677949 -0.152801 0.719053
-0.814309 0.313272 0.488631
-0.702485 0.127378 0.700207
-0.686520 0.454224 0.567778
0.704889 -0.300290 -0.642618
0.474954 -0.239667 -0.846746
0.751489 -0.026145 -0.659227
0.653856 0.097752 -0.750278
0.306910 -0.402187 -0.862585
0.596683 -0.475342 -0.646544
-0.788074 0.610124 0.081779
-0.621411 0.772116 0.132984
-0.647519 0.761533 -0.028046
-0.647519 0.761533 -0.028046
-0.621411 0.772116 0.132984
-0.494781 0.869006 0.004502
0.308529 0.183870 0.933275
0.877357 0.248440 0.410514
0.459175 0.570280 0.681131
0.866894 -0.367407 0.336907
0.477716 -0.234644 0.846599
0.427455 -0.758504 0.491888
0.813426 -0.451220 0.367068
0.563538 -0.818797 0.109526
0.778733 -0.537608 -0.323347
0.778733 -0.537608 -0.323347
0.306848 -0.751624 -0.583872
0.593742 -0.319437 -0.738533
-0.409846 -0.436107 -0.801147
-0.505173 -0.718363 -0.478283
-0.326835 -0.611115 -0.720914
-0.793242 -0.574413 -0.202032
-0.505173 -0.718363 -0.478283
-0.852833 -0.366903 -0.371561
0.808477 0.578469 -0.108343
0.606080 0.742581 0.285026
0.784017 0.619649 0.036776
0.825095 0.550132 0.128739
0.784017 0.619649 0.036776
0.672474 0.662213 0.330534
-0.504724 -0.141043 -0.851681
-0.204076 -0.139066 -0.969027
-0.586972 -0.383556 -0.712986
-0.196938 -0.252589 -0.947320
-0.238076 -0.622524 -0.745509
-0.424940 -0.582662 -0.692771
0.673783 -0.057252 -0.736708
0.338163 0.304495 -0.890465
0.487798 0.682014 -0.544895
0.877357 0.248440 0.410514
0.972763 -0.074702 -0.219434
0.712136 0.652439 -0.259200
-0.609681 -0.535843 0.584090
-0.442618 -0.207562 0.872357
-0.805868 -0.318832 0.498922
-0.881163 -0.462726 0.097138
-0.610078 -0.785077 0.107050
-0.609681 -0.535843 0.584090
-0.788596 -0.584503 -0.190979
-0.973803 -0.217320 -0.066929
-0.904209 -0.275365 -0.326465
-0.608596 -0.704093 0.365875
-0.788906 -0.543434 0.286891
-0.660664 -0.744992 0.092248
0.935186 -0.306958 0.176648
0.901388 -0.048241 0.430317
0.995148 -0.077395 0.060753
0.858747 0.333605 0.388924
0.901388 -0.048241 0.430317
0.698289 0.233132 0.676788
-0.210149 -0.755839 0.620116
-0.416933 -0.891520 0.177084
0.040225 -0.936766 0.347636
0.414334 -0.908868 -0.047821
-0.302945 -0.920888 -0.245337
0.053557 -0.814885 -0.577143
0.808477 0.578469 -0.108343
0.831950 0.497640 -0.245385
0.838885 0.241096 -0.488000
0.858747 0.333605 0.388924
0.995148 -0.077395 0.060753
0.901388 -0.048241 0.430317
0.622007 -0.733142 -0.274973
0.111175 -0.992332 0.054021
0.187658 -0.697051 -0.692030
0.673783 -0.057252 -0.736708
0.622007 -0.733142 -0.274973
0.187658 -0.697051 -0.692030
-0.186530 0.948490 0.256071
-0.333691 0.932304 0.139495
-0.370862 0.896028 0.244121
-0.042273 0.998415 -0.037148
-0.248488 0.967920 0.037213
-0.103731 0.981636 0.160095
-0.749695 -0.533718 -0.391283
-0.367714 -0.905195 -0.213092
-0.810856 -0.578533 0.088385
-0.409508 -0.561183 -0.719289
-0.367714 -0.905195 -0.213092
-0.749695 -0.533718 -0.391283
-0.660664 -0.744992 0.092248
-0.788596 -0.584503 -0.190979
-0.515889 -0.845201 -0.139620
-0.660664 -0.744992 0.092248
-0.852305 -0.522290 0.028103
-0.788596 -0.584503 -0.190979
0.685967 0.452218 0.570042
0.914910 0.178440 0.362075
0.825095 0.550132 0.128739
0.825095 0.550132 0.128739
0.672474 0.662213 0.330534
0.685967 0.452218 0.570042
-0.508481 0.720417 -0.471643
-0.290518 0.777334 -0.557989
-0.325533 0.613998 -0.719051
-0.596506 0.614415 -0.516406
-0.457331 0.438664 -0.773578
-0.607097 0.417683 -0.675999
-0.487661 0.244634 0.838058
-0.474056 -0.148043 0.867960
-0.049090 0.242197 0.968984
-0.487661 0.244634 0.838058
-0.503011 0.079807 0.860588
-0.739858 -0.077233 0.668315
-0.474056 -0.148043 0.867960
-0.739858 -0.077233 0.668315
-0.620585 -0.433696 0.653286
-0.487661 0.244634 0.838058
-0.739858 -0.077233 0.668315
-0.474056 -0.148043 0.867960
0.471291 0.032792 0.881368
0.728266 -0.373511 0.574560
0.772930 0.231960 0.590570
0.935770 0.322663 0.142206
0.983656 -0.060761 0.169495
0.911294 0.284934 -0.297246
0.419186 0.552231 -0.720641
0.083472 0.248318 -0.965075
0.126108 0.404166 -0.905951
0.338163 0.304495 -0.890465
0.083472 0.248318 -0.965075
0.419186 0.552231 -0.720641
-0.621411 0.772116 0.132984
-0.788074 0.610124 0.081779
-0.804676 0.511166 0.302003
-0.804676 0.511166 0.302003
-0.915856 0.395947 0.066592
-0.955845 0.102595 0.275382
-0.852833 -0.366903 -0.371561
-0.409846 -0.436107 -0.801147
-0.658195 -0.061114 -0.750363
-0.409846 -0.436107 -0.801147
-0.852833 -0.366903 -0.371561
-0.505173 -0.718363 -0.478283
-0.210149 -0.755839 0.620116
0.413765 -0.567889 0.711548
-0.083093 -0.419819 0.903796
0.178334 -0.067566 0.981647
0.413765 -0.567889 0.711548
0.436680 0.193529 0.878554
0.167378 -0.144836 -0.975196
-0.012235 -0.286915 -0.957878
-0.187896 0.056020 -0.980590
0.030945 0.574293 -0.818065
0.262278 0.119530 -0.957561
-0.098731 0.308180 -0.946191
-0.555400 -0.464884 0.689503
-0.537170 -0.280233 0.795561
-0.677949 -0.152801 0.719053
-0.555400 -0.464884 0.689503
-0.394936 -0.595548 0.699534
-0.362759 -0.436770 0.823188
-0.810856 -0.578533 0.088385
-0.936307 -0.248218 0.248430
-0.891690 -0.405884 -0.200370
-0.988695 -0.090580 0.119487
-0.932793 -0.148252 -0.328511
-0.936307 -0.248218 0.248430
0.428524 0.310939 -0.848342
0.329656 -0.334095 -0.883011
0.074924 -0.080446 -0.993939
0.428524 0.310939 -0.848342
0.074924 -0.080446 -0.993939
0.242321 0.165042 -0.956055
0.306848 -0.751624 -0.583872
0.149639 -0.981368 -0.120517
-0.224385 -0.868621 -0.441757
0.563538 -0.818797 0.109526
0.306848 -0.751624 -0.583872
0.778733 -0.537608 -0.323347
-0.343273 0.885524 -0.313068
-0.290518 0.777334 -0.557989
-0.508481 0.720417 -0.471643
-0.079925 0.866967 -0.491914
-0.343273 0.885524 -0.313068
-0.164885 0.947604 -0.273604
-0.832711 0.258723 -0.489546
-0.773490 0.527550 -0.351288
-0.706975 0.462311 -0.535215
-0.832711 0.258723 -0.489546
-0.706975 0.462311 -0.535215
-0.738407 0.120811 -0.663445
-0.568866 -0.302586 -0.764744
-0.358434 -0.106389 -0.927473
-0.099624 -0.203672 -0.973957
-0.358434 -0.106389 -0.927473
-0.702168 -0.208505 -0.680798
-0.738370 -0.566326 -0.366175
0.445204 0.772990 0.451973
0.775508 0.402932 0.486038
0.719486 0.616697 0.319414
0.423889 0.623323 0.657105
0.358120 0.315608 0.878716
0.698289 0.233132 0.676788
0.088487 -0.591976 0.801084
0.018331 -0.390209 0.920544
0.463742 -0.313249 0.828745
0.215101 0.019916 0.976389
0.253631 0.050017 0.966007
0.463742 -0.313249 0.828745
0.835935 -0.298707 -0.460421
0.704889 -0.300290 -0.642618
0.751489 -0.026145 -0.659227
0.783760 0.326396 -0.528381
0.868211 -0.030024 -0.495286
0.751489 -0.026145 -0.659227
-0.542942 -0.434499 -0.718627
-0.361894 -0.397423 -0.843260
-0.326835 -0.611115 -0.720914
-0.542942 -0.434499 -0.718627
-0.507474 -0.664340 -0.548746
-0.685870 -0.429793 -0.587248
-0.603828 0.285052 0.744404
-0.510646 -0.095591 0.854461
-0.443135 0.071934 0.893564
-0.603828 0.285052 0.744404
-0.702485 0.127378 0.700207
-0.510646 -0.095591 0.854461
-0.099624 -0.203672 -0.973957
0.319499 0.026202 -0.947224
0.506709 -0.397577 -0.764970
0.703429 0.142962 -0.696239
0.506709 -0.397577 -0.764970
0.319499 0.026202 -0.947224
-0.248593 -0.548554 0.798304
-0.263639 -0.960092 0.093372
-0.639174 -0.553181 0.534273
-0.442618 -0.207562 0.872357
-0.248593 -0.548554 0.798304
-0.639174 -0.553181 0.534273
-0.453041 -0.856513 0.247264
-0.793242 -0.574413 -0.202032
-0.433957 -0.860960 -0.265384
-0.638527 -0.372840 -0.673256
-0.433957 -0.860960 -0.265384
-0.793242 -0.574413 -0.202032
-0.291465 -0.651142 -0.700758
-0.738370 -0.566326 -0.366175
-0.263639 -0.960092 0.093372
-0.291465 -0.651142 -0.700758
-0.358434 -0.106389 -0.927473
-0.738370 -0.566326 -0.366175
0.253631 0.050017 0.966007
-0.005224 -0.062449 0.998034
0.471291 0.032792 0.881368
0.471291 0.032792 0.881368
0.146543 -0.461892 0.874746
0.728266 -0.373511 0.574560
0.313282 -0.856447 0.410308
0.146543 -0.461892 0.874746
-0.398864 -0.643778 0.653037
0.313282 -0.856447 0.410308
-0.321294 -0.912705 0.252466
-0.367714 -0.905195 -0.213092
0.013300 0.015800 -0.999787
-0.504724 -0.141043 -0.851681
-0.217439 -0.598829 -0.770794
-0.504724 -0.141043 -0.851681
-0.785503 -0.210966 -0.581789
-0.516777 -0.625920 -0.584094
0.124072 0.726075 0.676330
0.358120 0.315608 0.878716
0.423889 0.623323 0.657105
0.124072 0.726075 0.676330
-0.017036 0.546816 0.837079
0.358120 0.315608 0.878716
-0.049090 0.242197 0.968984
-0.149952 0.524510 0.838095
-0.487661 0.244634 0.838058
0.196656 0.620974 0.758760
-0.049090 0.242197 0.968984
0.372768 0.433803 0.820280
0.413765 -0.567889 0.711548
0.798820 -0.119806 0.589520
0.436680 0.193529 0.878554
0.816856 0.348380 0.459758
0.697423 0.705225 0.127513
0.531294 0.570921 0.625920
0.057935 -0.481326 -0.874625
0.040652 -0.406299 -0.912835
-0.197682 -0.594521 -0.779401
0.057935 -0.481326 -0.874625
-0.197682 -0.594521 -0.779401
0.466711 -0.840886 -0.274027
0.325718 0.236915 0.915303
0.560019 -0.072034 0.825342
0.685967 0.452218 0.570042
0.325718 0.236915 0.915303
-0.008525 -0.052416 0.998589
0.560019 -0.072034 0.825342
0.800492 0.369692 -0.471742
0.428524 0.310939 -0.848342
0.614752 0.670406 -0.415495
0.697423 0.705225 0.127513
0.975309 0.218993 -0.028522
0.614752 0.670406 -0.415495
0.619472 0.754156 -0.217954
0.614752 0.670406 -0.415495
0.457405 0.517360 -0.723270
0.897470 0.388298 -0.209219
0.745804 0.236319 -0.622839
0.658572 0.167180 -0.733712
0.403451 0.278605 0.871554
0.648393 0.653555 0.390451
0.921722 -0.382391 0.064844
0.459175 0.570280 0.681131
0.648393 0.653555 0.390451
0.403451 0.278605 0.871554
-0.099624 -0.203672 -0.973957
-0.409508 -0.561183 -0.719289
-0.568866 -0.302586 -0.764744
0.506709 -0.397577 -0.764970
0.031984 -0.683386 -0.729356
-0.099624 -0.203672 -0.973957
-0.788906 -0.543434 0.286891
-0.852305 -0.522290 0.028103
-0.660664 -0.744992 0.092248
-0.946545 -0.250367 0.203394
-0.788906 -0.543434 0.286891
-0.862948 -0.256390 0.435414
-0.079925 0.866967 -0.491914
0.132649 0.896409 -0.422912
0.261096 0.702149 -0.662431
0.261096 0.702149 -0.662431
0.132649 0.896409 -0.422912
0.483214 0.682193 -0.548741
0.901388 -0.048241 0.430317
0.935186 -0.306958 0.176648
0.952259 0.131190 0.275668
0.991692 0.066504 0.110107
0.953849 -0.297910 0.037711
0.994045 0.002497 -0.108944
0.908551 -0.403774 0.107246
0.894781 -0.445144 0.034829
0.922835 -0.384443 0.024072
0.991692 0.066504 0.110107
0.935186 -0.306958 0.176648
0.953849 -0.297910 0.037711
0.731525 -0.680184 -0.047118
0.535782 -0.843754 0.031882
0.579709 -0.772929 -0.257913
0.633818 -0.748960 0.193217
0.535782 -0.843754 0.031882
0.731525 -0.680184 -0.047118
-0.507474 -0.664340 -0.548746
-0.542942 -0.434499 -0.718627
-0.326835 -0.611115 -0.720914
-0.284400 -0.755311 -0.590442
-0.420106 -0.834846 -0.355730
-0.507474 -0.664340 -0.548746
0.784017 0.619649 0.036776
0.606080 0.742581 0.285026
0.672474 0.662213 0.330534
0.494404 0.650388 0.576681
0.672474 0.662213 0.330534
0.606080 0.742581 0.285026
-0.436041 0.357025 0.826076
-0.331925 0.691623 0.641469
-0.538317 0.564798 0.625474
-0.538317 0.564798 0.625474
-0.444460 0.808276 0.386194
-0.567915 0.682478 0.460105
0.477716 -0.234644 0.846599
-0.065026 -0.720882 0.690000
0.427455 -0.758504 0.491888
0.427455 -0.758504 0.491888
-0.065026 -0.720882 0.690000
0.111175 -0.992332 0.054021
0.893140 0.448138 -0.038387
0.828235 0.497887 -0.257166
0.599039 0.800273 -0.026735
0.828235 0.497887 -0.257166
0.994045 0.002497 -0.108944
0.938747 0.108356 -0.327129
0.783760 0.326396 -0.528381
0.612241 0.358309 -0.704823
0.483214 0.682193 -0.548741
0.828235 0.497887 -0.257166
0.783760 0.326396 -0.528381
0.662401 0.622383 -0.416970
0.921775 0.145211 -0.359507
0.593742 -0.319437 -0.738533
0.657790 0.205523 -0.724619
0.657790 0.205523 -0.724619
0.337418 -0.069937 -0.938753
0.436300 0.079180 -0.896311
-0.442618 -0.207562 0.872357
-0.032240 -0.068907 0.997102
-0.248593 -0.548554 0.798304
-0.442618 -0.207562 0.872357
-0.609681 -0.535843 0.584090
-0.261377 -0.419515 0.869304
-0.254475 -0.249455 -0.934352
-0.361894 -0.397423 -0.843260
-0.476787 -0.082688 -0.875121
-0.542942 -0.434499 -0.718627
-0.587783 -0.121733 -0.799808
-0.361894 -0.397423 -0.843260
-0.467088 0.145929 -0.872086
-0.587783 -0.121733 -0.799808
-0.638189 0.205973 -0.741815
-0.467088 0.145929 -0.872086
-0.607097 0.417683 -0.675999
-0.457331 0.438664 -0.773578
-0.915856 0.395947 0.066592
-0.990701 0.132086 -0.032616
-0.955845 0.102595 0.275382
-0.990701 0.132086 -0.032616
-0.973803 -0.217320 -0.066929
-0.955845 0.102595 0.275382
-0.702567 -0.175354 0.689675
-0.458959 -0.303761 0.834917
-0.289140 -0.075769 0.954283
-0.005224 -0.062449 0.998034
-0.289140 -0.075769 0.954283
-0.458959 -0.303761 0.834917
0.698289 0.233132 0.676788
0.775508 0.402932 0.486038
0.423889 0.623323 0.657105
0.901388 -0.048241 0.430317
0.775508 0.402932 0.486038
0.698289 0.233132 0.676788
-0.017036 0.546816 0.837079
0.119974 0.122199 0.985228
0.358120 0.315608 0.878716
-0.208419 0.042455 0.977118
0.119974 0.122199 0.985228
-0.218850 0.382738 0.897561
-0.654235 -0.756163 0.013922
-0.761472 -0.648176 0.005310
-0.620339 -0.720772 -0.309303
-0.620339 -0.720772 -0.309303
-0.761472 -0.648176 0.005310
-0.355464 -0.916734 0.182330
-0.604894 -0.751751 0.262629
-0.727927 -0.592548 0.344976
-0.315706 -0.607500 0.728885
-0.453041 -0.856513 0.247264
-0.215276 -0.932270 0.290740
-0.315706 -0.607500 0.728885
-0.324680 -0.050312 -0.944485
-0.638527 -0.372840 -0.673256
-0.658195 -0.061114 -0.750363
-0.257832 -0.635626 -0.727669
-0.433957 -0.860960 -0.265384
-0.638527 -0.372840 -0.673256
0.563538 -0.818797 0.109526
0.149639 -0.981368 -0.120517
0.306848 -0.751624 -0.583872
0.563538 -0.818797 0.109526
0.098931 -0.914821 0.391555
0.149639 -0.981368 -0.120517
-0.621411 0.772116 0.132984
-0.656543 0.673268 0.340091
-0.506692 0.825645 0.248142
-0.506692 0.825645 0.248142
-0.567915 0.682478 0.460105
-0.444460 0.808276 0.386194
0.322073 -0.684383 0.654133
0.787304 -0.279573 0.549537
0.573211 -0.696390 0.431822
0.787304 -0.279573 0.549537
0.919172 -0.380919 0.100114
0.573211 -0.696390 0.431822
0.132649 0.896409 -0.422912
0.138043 0.962543 -0.233355
0.364953 0.863350 -0.348477
0.523480 0.822272 -0.223244
0.138043 0.962543 -0.233355
0.275408 0.953645 -0.121292
-0.103731 0.981636 0.160095
-0.333691 0.932304 0.139495
-0.186530 0.948490 0.256071
0.085901 0.912079 0.400916
-0.103731 0.981636 0.160095
-0.186530 0.948490 0.256071
0.994045 0.002497 -0.108944
0.893140 0.448138 -0.038387
0.991692 0.066504 0.110107
0.994045 0.002497 -0.108944
0.828235 0.497887 -0.257166
0.893140 0.448138 -0.038387
-0.621411 0.772116 0.132984
-0.447852 0.884661 0.129629
-0.494781 0.869006 0.004502
-0.398904 0.916918 -0.011686
-0.447852 0.884661 0.129629
-0.333691 0.932304 0.139495
-0.414526 -0.431672 0.801141
-0.620585 -0.433696 0.653286
-0.551708 -0.683125 0.478496
-0.234950 -0.748151 0.620539
-0.414526 -0.431672 0.801141
-0.551708 -0.683125 0.478496
0.187658 -0.697051 -0.692030
-0.175146 -0.896541 -0.406864
-0.257832 -0.635626 -0.727669
0.187658 -0.697051 -0.692030
0.111175 -0.992332 0.054021
-0.175146 -0.896541 -0.406864
0.523480 0.822272 -0.223244
0.275408 0.953645 -0.121292
0.599039 0.800273 -0.026735
0.221065 0.974590 0.036109
0.473661 0.869140 0.142274
0.599039 0.800273 -0.026735
0.712204 -0.627035 -0.315583
0.731525 -0.680184 -0.047118
0.579709 -0.772929 -0.257913
0.712204 -0.627035 -0.315583
0.579709 -0.772929 -0.257913
0.921722 -0.382391 0.064844
-0.004936 -0.391872 0.920007
-0.291319 -0.214154 0.932347
-0.166448 -0.454982 0.874807
-0.208419 0.042455 0.977118
-0.291319 -0.214154 0.932347
-0.002384 -0.168497 0.985699
0.167378 -0.144836 -0.975196
0.474954 -0.239667 -0.846746
0.306910 -0.402187 -0.862585
0.596683 -0.475342 -0.646544
0.306910 -0.402187 -0.862585
0.474954 -0.239667 -0.846746
0.313282 -0.856447 0.410308
0.307294 -0.931218 -0.195968
0.748092 -0.660326 -0.065796
0.748092 -0.660326 -0.065796
0.307294 -0.931218 -0.195968
0.506709 -0.397577 -0.764970
-0.524847 0.800481 -0.289422
-0.508481 0.720417 -0.471643
-0.636421 0.680252 -0.363628
-0.551566 0.824055 -0.129264
-0.524847 0.800481 -0.289422
-0.636421 0.680252 -0.363628
-0.709436 -0.700861 0.074128
-0.881163 -0.462726 0.097138
-0.805868 -0.318832 0.498922
-0.805868 -0.318832 0.498922
-0.881163 -0.462726 0.097138
-0.609681 -0.535843 0.584090
-0.504724 -0.141043 -0.851681
-0.516777 -0.625920 -0.584094
-0.217439 -0.598829 -0.770794
-0.217439 -0.598829 -0.770794
-0.516777 -0.625920 -0.584094
-0.284400 -0.755311 -0.590442
0.338163 0.304495 -0.890465
0.180147 -0.177374 -0.967515
0.083472 0.248318 -0.965075
0.338163 0.304495 -0.890465
0.673783 -0.057252 -0.736708
0.180147 -0.177374 -0.967515
-0.551708 -0.683125 0.478496
-0.654235 -0.756163 0.013922
-0.373621 -0.922655 0.095477
-0.373621 -0.922655 0.095477
-0.654235 -0.756163 0.013922
-0.532502 -0.732109 -0.424803
-0.891690 -0.405884 -0.200370
-0.932793 -0.148252 -0.328511
-0.702168 -0.208505 -0.680798
-0.932793 -0.148252 -0.328511
-0.891690 -0.405884 -0.200370
-0.936307 -0.248218 0.248430
0.535782 -0.843754 0.031882
0.737374 -0.500033 0.454143
0.853806 -0.520590 0.000413
0.737374 -0.500033 0.454143
0.559592 0.376478 0.738323
0.853806 -0.520590 0.000413
-0.702485 0.127378 0.700207
-0.848006 0.030148 0.529128
-0.677949 -0.152801 0.719053
-0.510646 -0.095591 0.854461
-0.702485 0.127378 0.700207
-0.677949 -0.152801 0.719053
-0.494781 0.869006 0.004502
-0.447852 0.884661 0.129629
-0.398904 0.916918 -0.011686
-0.445609 0.884419 -0.138695
-0.494781 0.869006 0.004502
-0.398904 0.916918 -0.011686
-0.430724 -0.902442 0.008645
-0.443455 -0.855481 0.267394
-0.660664 -0.744992 0.092248
-0.443455 -0.855481 0.267394
-0.263639 -0.960092 0.093372
-0.738370 -0.566326 -0.366175
-0.284400 -0.755311 -0.590442
-0.507474 -0.664340 -0.548746
-0.326835 -0.611115 -0.720914
-0.326835 -0.611115 -0.720914
-0.505173 -0.718363 -0.478283
-0.284400 -0.755311 -0.590442
0.796616 0.481782 -0.365088
0.921775 0.145211 -0.359507
0.657790 0.205523 -0.724619
0.796616 0.481782 -0.365088
0.825095 0.550132 0.128739
0.921775 0.145211 -0.359507
0.841810 -0.518030 0.151659
0.731525 -0.680184 -0.047118
0.894781 -0.445144 0.034829
0.894781 -0.445144 0.034829
0.908551 -0.403774 0.107246
0.841810 -0.518030 0.151659
-0.005224 -0.062449 0.998034
0.146543 -0.461892 0.874746
0.471291 0.032792 0.881368
0.146543 -0.461892 0.874746
-0.005224 -0.062449 0.998034
-0.458959 -0.303761 0.834917
0.772930 0.231960 0.590570
0.983656 -0.060761 0.169495
0.935770 0.322663 0.142206
0.772930 0.231960 0.590570
0.935770 0.322663 0.142206
0.833520 0.160322 0.528717
0.927204 0.333421 0.170653
0.935770 0.322663 0.142206
0.895330 0.328544 -0.300736
0.919172 -0.380919 0.100114
0.996152 0.049893 0.072050
0.920804 0.061874 -0.385086
0.083472 0.248318 -0.965075
-0.021271 -0.283665 -0.958687
-0.324680 -0.050312 -0.944485
-0.257832 -0.635626 -0.727669
-0.638527 -0.372840 -0.673256
-0.324680 -0.050312 -0.944485
-0.197805 -0.191632 -0.961327
-0.310239 0.179087 -0.933638
-0.658195 -0.061114 -0.750363
-0.310239 0.179087 -0.933638
-0.324680 -0.050312 -0.944485
-0.658195 -0.061114 -0.750363
0.775508 0.402932 0.486038
0.445204 0.772990 0.451973
0.423889 0.623323 0.657105
0.445204 0.772990 0.451973
0.085901 0.912079 0.400916
0.423889 0.623323 0.657105
-0.538317 0.564798 0.625474
-0.331925 0.691623 0.641469
-0.444460 0.808276 0.386194
-0.193005 0.870154 0.453411
-0.444460 0.808276 0.386194
-0.331925 0.691623 0.641469
0.098931 -0.914821 0.391555
0.563538 -0.818797 0.109526
0.438911 -0.616306 0.653853
-0.414526 -0.431672 0.801141
-0.234950 -0.748151 0.620539
-0.007540 -0.374045 0.927380
0.255455 -0.004695 -0.966810
-0.310239 0.179087 -0.933638
-0.197805 -0.191632 -0.961327
-0.012235 -0.286915 -0.957878
0.255455 -0.004695 -0.966810
-0.197805 -0.191632 -0.961327
0.560019 -0.072034 0.825342
0.813426 -0.451220 0.367068
0.914910 0.178440 0.362075
0.813426 -0.451220 0.367068
0.778733 -0.537608 -0.323347
0.983843 -0.168763 -0.059772
-0.393164 -0.364596 0.844092
-0.612585 -0.478394 0.629189
-0.559052 -0.021602 0.828851
-0.394936 -0.595548 0.699534
-0.393164 -0.364596 0.844092
-0.168686 -0.604231 0.778749
-0.393164 -0.364596 0.844092
-0.394936 -0.595548 0.699534
-0.612585 -0.478394 0.629189
-0.495060 -0.682532 0.537648
-0.612585 -0.478394 0.629189
-0.394936 -0.595548 0.699534
-0.004936 -0.391872 0.920007
-0.166448 -0.454982 0.874807
0.088487 -0.591976 0.801084
-0.168686 -0.604231 0.778749
0.018331 -0.390209 0.920544
0.088487 -0.591976 0.801084
-0.302945 -0.920888 -0.245337
-0.416933 -0.891520 0.177084
-0.501462 -0.795964 -0.339084
0.040225 -0.936766 0.347636
-0.416933 -0.891520 0.177084
-0.302945 -0.920888 -0.245337
0.559592 0.376478 0.738323
0.903854 0.333689 0.267769
0.853806 -0.520590 0.000413
0.559592 0.376478 0.738323
0.531294 0.570921 0.625920
0.622229 0.717704 0.312621
0.858747 0.333605 0.388924
0.808477 0.578469 -0.108343
0.995148 -0.077395 0.060753
0.808477 0.578469 -0.108343
0.858747 0.333605 0.388924
0.606080 0.742581 0.285026
-0.248208 -0.606530 -0.755324
-0.532502 -0.732109 -0.424803
-0.418391 -0.681361 -0.600579
-0.224385 -0.868621 -0.441757
-0.373621 -0.922655 0.095477
-0.532502 -0.732109 -0.424803
-0.254475 -0.249455 -0.934352
-0.012235 -0.286915 -0.957878
-0.197805 -0.191632 -0.961327
-0.012235 -0.286915 -0.957878
-0.254475 -0.249455 -0.934352
-0.187896 0.056020 -0.980590
-0.702168 -0.208505 -0.680798
-0.358434 -0.106389 -0.927473
-0.568866 -0.302586 -0.764744
-0.749695 -0.533718 -0.391283
-0.702168 -0.208505 -0.680798
-0.568866 -0.302586 -0.764744
0.262278 0.119530 -0.957561
0.167378 -0.144836 -0.975196
-0.187896 0.056020 -0.980590
0.262278 0.119530 -0.957561
0.474954 -0.239667 -0.846746
0.167378 -0.144836 -0.975196
-0.263639 -0.960092 0.093372
-0.430724 -0.902442 0.008645
-0.709436 -0.700861 0.074128
-0.443455 -0.855481 0.267394
-0.430724 -0.902442 0.008645
-0.263639 -0.960092 0.093372
0.920804 0.061874 -0.385086
0.774619 -0.571536 -0.270760
0.919172 -0.380919 0.100114
0.919172 -0.380919 0.100114
0.774619 -0.571536 -0.270760
0.633818 -0.748960 0.193217
0.658572 0.167180 -0.733712
0.283526 -0.415639 -0.864209
0.436463 -0.812696 -0.386039
0.897470 0.388298 -0.209219
0.658572 0.167180 -0.733712
0.949484 0.234291 -0.208777
-0.851116 -0.089655 -0.517266
-0.746406 -0.498445 -0.440943
-0.904209 -0.275365 -0.326465
-0.851116 -0.089655 -0.517266
-0.952447 0.060725 -0.298591
-0.832711 0.258723 -0.489546
-0.586972 -0.383556 -0.712986
-0.204076 -0.139066 -0.969027
-0.196938 -0.252589 -0.947320
-0.204076 -0.139066 -0.969027
0.074924 -0.080446 -0.993939
-0.196938 -0.252589 -0.947320
-0.416933 -0.891520 0.177084
-0.610078 -0.785077 0.107050
-0.501462 -0.795964 -0.339084
-0.610078 -0.785077 0.107050
-0.881163 -0.462726 0.097138
-0.720166 -0.626153 -0.298820
0.556856 0.024033 -0.830261
0.262278 0.119530 -0.957561
0.348729 0.381743 -0.855956
0.751489 -0.026145 -0.659227
0.556856 0.024033 -0.830261
0.612241 0.358309 -0.704823
-0.261597 0.960859 -0.091193
-0.164885 0.947604 -0.273604
-0.340891 0.923249 -0.177214
-0.398904 0.916918 -0.011686
-0.261597 0.960859 -0.091193
-0.340891 0.923249 -0.177214
0.921722 -0.382391 0.064844
0.648393 0.653555 0.390451
0.958470 0.045975 -0.281464
0.690738 -0.569890 -0.445092
0.712204 -0.627035 -0.315583
0.921722 -0.382391 0.064844
-0.673108 0.710441 -0.205422
-0.551566 0.824055 -0.129264
-0.636421 0.680252 -0.363628
-0.647519 0.761533 -0.028046
-0.494781 0.869006 0.004502
-0.551566 0.824055 -0.129264
0.438911 -0.616306 0.653853
0.560019 -0.072034 0.825342
-0.007540 -0.374045 0.927380
-0.007540 -0.374045 0.927380
-0.234950 -0.748151 0.620539
0.438911 -0.616306 0.653853
-0.208419 0.042455 0.977118
-0.443135 0.071934 0.893564
-0.291319 -0.214154 0.932347
-0.436041 0.357025 0.826076
-0.208419 0.042455 0.977118
-0.218850 0.382738 0.897561
0.328444 0.900319 0.285571
0.103980 0.978831 0.176291
0.085901 0.912079 0.400916
0.221065 0.974590 0.036109
0.103980 0.978831 0.176291
0.473661 0.869140 0.142274
0.494404 0.650388 0.576681
0.372768 0.433803 0.820280
0.685967 0.452218 0.570042
0.372768 0.433803 0.820280
0.494404 0.650388 0.576681
0.196656 0.620974 0.758760
0.866894 -0.367407 0.336907
0.877357 0.248440 0.410514
0.477716 -0.234644 0.846599
0.877357 0.248440 0.410514
0.866894 -0.367407 0.336907
0.972763 -0.074702 -0.219434
0.975309 0.218993 -0.028522
0.800492 0.369692 -0.471742
0.614752 0.670406 -0.415495
0.975309 0.218993 -0.028522
0.871067 -0.451044 -0.194427
0.784822 -0.082149 -0.614253
-0.832711 0.258723 -0.489546
-0.900369 0.335828 -0.276685
-0.773490 0.527550 -0.351288
-0.900369 0.335828 -0.276685
-0.915856 0.395947 0.066592
-0.803838 0.577109 -0.144185
0.262278 0.119530 -0.957561
-0.187896 0.056020 -0.980590
-0.098731 0.308180 -0.946191
-0.098731 0.308180 -0.946191
-0.187896 0.056020 -0.980590
-0.457331 0.438664 -0.773578
-0.420106 -0.834846 -0.355730
-0.618744 -0.707440 -0.341591
-0.507474 -0.664340 -0.548746
-0.709436 -0.700861 0.074128
-0.515889 -0.845201 -0.139620
-0.420106 -0.834846 -0.355730
0.018331 -0.390209 0.920544
0.215101 0.019916 0.976389
0.463742 -0.313249 0.828745
-0.205706 0.033102 0.978054
0.215101 0.019916 0.976389
0.018331 -0.390209 0.920544
0.559592 0.376478 0.738323
0.436680 0.193529 0.878554
0.531294 0.570921 0.625920
0.436680 0.193529 0.878554
0.816856 0.348380 0.459758
0.531294 0.570921 0.625920
-0.567915 0.682478 0.460105
-0.656543 0.673268 0.340091
-0.686520 0.454224 0.567778
-0.567915 0.682478 0.460105
-0.506692 0.825645 0.248142
-0.656543 0.673268 0.340091
0.329656 -0.334095 -0.883011
0.519382 -0.689225 -0.505185
0.053557 -0.814885 -0.577143
0.519382 -0.689225 -0.505185
0.329656 -0.334095 -0.883011
0.784822 -0.082149 -0.614253
0.612241 0.358309 -0.704823
0.348729 0.381743 -0.855956
0.261096 0.702149 -0.662431
0.612241 0.358309 -0.704823
0.556856 0.024033 -0.830261
0.348729 0.381743 -0.855956
-0.290518 0.777334 -0.557989
-0.343273 0.885524 -0.313068
-0.079925 0.866967 -0.491914
-0.079925 0.866967 -0.491914
0.030945 0.574293 -0.818065
-0.290518 0.777334 -0.557989
-0.002384 -0.168497 0.985699
-0.004936 -0.391872 0.920007
-0.546459 -0.306398 0.779425
-0.291319 -0.214154 0.932347
-0.004936 -0.391872 0.920007
-0.002384 -0.168497 0.985699
0.573211 -0.696390 0.431822
0.633818 -0.748960 0.193217
0.743409 -0.600084 0.295368
0.841810 -0.518030 0.151659
0.743409 -0.600084 0.295368
0.633818 -0.748960 0.193217
0.835935 -0.298707 -0.460421
0.894618 -0.410216 -0.177148
0.806053 -0.480195 -0.345964
0.806053 -0.480195 -0.345964
0.894618 -0.410216 -0.177148
0.896079 -0.432759 -0.098807
0.895330 0.328544 -0.300736
0.911294 0.284934 -0.297246
0.703429 0.142962 -0.696239
0.703429 0.142962 -0.696239
0.911575 -0.155202 -0.380714
0.506709 -0.397577 -0.764970
0.593742 -0.319437 -0.738533
0.040652 -0.406299 -0.912835
0.337418 -0.069937 -0.938753
0.657790 0.205523 -0.724619
0.593742 -0.319437 -0.738533
0.337418 -0.069937 -0.938753
-0.727927 -0.592548 0.344976
-0.453041 -0.856513 0.247264
-0.315706 -0.607500 0.728885
-0.727927 -0.592548 0.344976
-0.793242 -0.574413 -0.202032
-0.453041 -0.856513 0.247264
0.474954 -0.239667 -0.846746
0.704889 -0.300290 -0.642618
0.596683 -0.475342 -0.646544
0.596683 -0.475342 -0.646544
0.704889 -0.300290 -0.642618
0.806053 -0.480195 -0.345964
0.283526 -0.415639 -0.864209
0.242321 0.165042 -0.956055
0.013300 0.015800 -0.999787
0.283526 -0.415639 -0.864209
0.013300 0.015800 -0.999787
-0.217439 -0.598829 -0.770794
0.596683 -0.475342 -0.646544
0.690738 -0.569890 -0.445092
0.958470 0.045975 -0.281464
0.958470 0.045975 -0.281464
0.690738 -0.569890 -0.445092
0.921722 -0.382391 0.064844
-0.738407 0.120811 -0.663445
-0.587783 -0.121733 -0.799808
-0.712373 -0.181314 -0.677975
-0.712373 -0.181314 -0.677975
-0.851116 -0.089655 -0.517266
-0.738407 0.120811 -0.663445
0.187658 -0.697051 -0.692030
-0.257832 -0.635626 -0.727669
-0.021271 -0.283665 -0.958687
-0.021271 -0.283665 -0.958687
-0.257832 -0.635626 -0.727669
-0.324680 -0.050312 -0.944485
-0.147300 0.601348 0.785292
0.276201 0.756971 0.592206
0.529626 0.470930 0.705494
0.606080 0.742581 0.285026
0.529626 0.470930 0.705494
0.276201 0.756971 0.592206
-0.032240 -0.068907 0.997102
-0.261377 -0.419515 0.869304
-0.083093 -0.419819 0.903796
-0.442618 -0.207562 0.872357
-0.261377 -0.419515 0.869304
-0.032240 -0.068907 0.997102
0.466711 -0.840886 -0.274027
-0.197682 -0.594521 -0.779401
0.004785 -0.995939 -0.089901
0.466711 -0.840886 -0.274027
0.004785 -0.995939 -0.089901
0.573211 -0.696390 0.431822
-0.212549 -0.710178 0.671171
-0.604894 -0.751751 0.262629
-0.315706 -0.607500 0.728885
-0.212549 -0.710178 0.671171
0.283526 -0.415639 -0.864209
-0.604894 -0.751751 0.262629
-0.636421 0.680252 -0.363628
-0.508481 0.720417 -0.471643
-0.596506 0.614415 -0.516406
-0.596506 0.614415 -0.516406
-0.508481 0.720417 -0.471643
-0.457331 0.438664 -0.773578
-0.495060 -0.682532 0.537648
-0.608596 -0.704093 0.365875
-0.443455 -0.855481 0.267394
-0.495060 -0.682532 0.537648
-0.555400 -0.464884 0.689503
-0.678603 -0.505406 0.532976
-0.770441 -0.409402 0.488682
-0.936307 -0.248218 0.248430
-0.810856 -0.578533 0.088385
-0.770441 -0.409402 0.488682
-0.810856 -0.578533 0.088385
-0.398864 -0.643778 0.653037
0.787304 -0.279573 0.549537
0.590708 0.119680 0.797961
0.833520 0.160322 0.528717
0.590708 0.119680 0.797961
0.772930 0.231960 0.590570
0.833520 0.160322 0.528717
-0.586972 -0.383556 -0.712986
-0.501462 -0.795964 -0.339084
-0.720166 -0.626153 -0.298820
-0.501462 -0.795964 -0.339084
-0.610078 -0.785077 0.107050
-0.720166 -0.626153 -0.298820
-0.863592 -0.033569 0.503073
-0.559052 -0.021602 0.828851
-0.612585 -0.478394 0.629189
-0.758640 -0.620667 0.198085
-0.863592 -0.033569 0.503073
-0.612585 -0.478394 0.629189
0.983656 -0.060761 0.169495
0.728266 -0.373511 0.574560
0.748092 -0.660326 -0.065796
0.728266 -0.373511 0.574560
0.983656 -0.060761 0.169495
0.772930 0.231960 0.590570
-0.248208 -0.606530 -0.755324
0.306848 -0.751624 -0.583872
-0.224385 -0.868621 -0.441757
-0.224385 -0.868621 -0.441757
-0.532502 -0.732109 -0.424803
-0.248208 -0.606530 -0.755324
-0.310239 0.179087 -0.933638
0.255455 -0.004695 -0.966810
0.126108 0.404166 -0.905951
0.419186 0.552231 -0.720641
0.126108 0.404166 -0.905951
0.255455 -0.004695 -0.966810
0.838885 0.241096 -0.488000
0.995148 -0.077395 0.060753
0.808477 0.578469 -0.108343
0.927920 -0.358992 -0.100447
0.995148 -0.077395 0.060753
0.838885 0.241096 -0.488000
-0.409508 -0.561183 -0.719289
0.031984 -0.683386 -0.729356
-0.367714 -0.905195 -0.213092
-0.099624 -0.203672 -0.973957
0.031984 -0.683386 -0.729356
-0.409508 -0.561183 -0.719289
-0.814309 0.313272 0.488631
-0.848006 0.030148 0.529128
-0.702485 0.127378 0.700207
-0.848006 0.030148 0.529128
-0.814309 0.313272 0.488631
-0.955845 0.102595 0.275382
-0.739858 -0.077233 0.668315
-0.837850 -0.412119 0.358003
-0.620585 -0.433696 0.653286
-0.837850 -0.412119 0.358003
-0.761472 -0.648176 0.005310
-0.707814 -0.638287 0.302637
0.719486 0.616697 0.319414
0.952259 0.131190 0.275668
0.801328 0.580590 0.144184
0.719486 0.616697 0.319414
0.801328 0.580590 0.144184
0.473661 0.869140 0.142274
0.178334 -0.067566 0.981647
-0.083093 -0.419819 0.903796
0.413765 -0.567889 0.711548
-0.032240 -0.068907 0.997102
-0.083093 -0.419819 0.903796
0.178334 -0.067566 0.981647
0.751489 -0.026145 -0.659227
0.868211 -0.030024 -0.495286
0.835935 -0.298707 -0.460421
0.926461 -0.238230 -0.291404
0.894618 -0.410216 -0.177148
0.835935 -0.298707 -0.460421
-0.495060 -0.682532 0.537648
-0.678603 -0.505406 0.532976
-0.608596 -0.704093 0.365875
-0.608596 -0.704093 0.365875
-0.678603 -0.505406 0.532976
-0.788906 -0.543434 0.286891
-0.737216 -0.274930 0.617192
-0.862948 -0.256390 0.435414
-0.678603 -0.505406 0.532976
-0.848006 0.030148 0.529128
-0.862948 -0.256390 0.435414
-0.737216 -0.274930 0.617192
-0.002384 -0.168497 0.985699
-0.503011 0.079807 0.860588
-0.166628 0.257994 0.951669
-0.503011 0.079807 0.860588
-0.487661 0.244634 0.838058
-0.166628 0.257994 0.951669
-0.436041 0.357025 0.826076
-0.443135 0.071934 0.893564
-0.208419 0.042455 0.977118
-0.603828 0.285052 0.744404
-0.443135 0.071934 0.893564
-0.436041 0.357025 0.826076
-0.563730 -0.628099 0.536377
0.088487 -0.591976 0.801084
0.322073 -0.684383 0.654133
-0.761472 -0.648176 0.005310
-0.563730 -0.628099 0.536377
-0.355464 -0.916734 0.182330
0.712136 0.652439 -0.259200
0.673783 -0.057252 -0.736708
0.487798 0.682014 -0.544895
0.487798 0.682014 -0.544895
0.653360 0.723557 -0.222678
0.712136 0.652439 -0.259200
0.322073 -0.684383 0.654133
0.573211 -0.696390 0.431822
-0.355464 -0.916734 0.182330
-0.563730 -0.628099 0.536377
0.322073 -0.684383 0.654133
-0.355464 -0.916734 0.182330
-0.851116 -0.089655 -0.517266
-0.904209 -0.275365 -0.326465
-0.952447 0.060725 -0.298591
-0.952447 0.060725 -0.298591
-0.904209 -0.275365 -0.326465
-0.973803 -0.217320 -0.066929
-0.215276 -0.932270 0.290740
0.111175 -0.992332 0.054021
-0.065026 -0.720882 0.690000
-0.175146 -0.896541 -0.406864
0.111175 -0.992332 0.054021
-0.215276 -0.932270 0.290740
0.712136 0.652439 -0.259200
0.972763 -0.074702 -0.219434
0.673783 -0.057252 -0.736708
0.972763 -0.074702 -0.219434
0.622007 -0.733142 -0.274973
0.673783 -0.057252 -0.736708
0.308529 0.183870 0.933275
0.011696 -0.324300 0.945882
0.477716 -0.234644 0.846599
0.477716 -0.234644 0.846599
0.877357 0.248440 0.410514
0.308529 0.183870 0.933275
-0.457331 0.438664 -0.773578
-0.508481 0.720417 -0.471643
-0.325533 0.613998 -0.719051
-0.457331 0.438664 -0.773578
-0.325533 0.613998 -0.719051
-0.098731 0.308180 -0.946191
0.690530 0.133357 -0.710904
0.927920 -0.358992 -0.100447
0.780588 0.339322 -0.524922
0.780588 0.339322 -0.524922
0.657790 0.205523 -0.724619
0.690530 0.133357 -0.710904
-0.362759 -0.436770 0.823188
-0.510646 -0.095591 0.854461
-0.537170 -0.280233 0.795561
-0.537170 -0.280233 0.795561
-0.555400 -0.464884 0.689503
-0.362759 -0.436770 0.823188
-0.424940 -0.582662 -0.692771
-0.501462 -0.795964 -0.339084
-0.586972 -0.383556 -0.712986
-0.586972 -0.383556 -0.712986
-0.196938 -0.252589 -0.947320
-0.424940 -0.582662 -0.692771
0.911575 -0.155202 -0.380714
0.703429 0.142962 -0.696239
0.911294 0.284934 -0.297246
0.983656 -0.060761 0.169495
0.911575 -0.155202 -0.380714
0.911294 0.284934 -0.297246
-0.393164 -0.364596 0.844092
-0.559052 -0.021602 0.828851
-0.205706 0.033102 0.978054
-0.559052 -0.021602 0.828851
-0.289140 -0.075769 0.954283
-0.205706 0.033102 0.978054
-0.746406 -0.498445 -0.440943
-0.851116 -0.089655 -0.517266
-0.685870 -0.429793 -0.587248
-0.685870 -0.429793 -0.587248
-0.507474 -0.664340 -0.548746
-0.746406 -0.498445 -0.440943
0.801328 0.580590 0.144184
0.952259 0.131190 0.275668
0.991692 0.066504 0.110107
0.952259 0.131190 0.275668
0.935186 -0.306958 0.176648
0.991692 0.066504 0.110107
0.053557 -0.814885 -0.577143
-0.238076 -0.622524 -0.745509
0.329656 -0.334095 -0.883011
0.053557 -0.814885 -0.577143
-0.302945 -0.920888 -0.245337
-0.238076 -0.622524 -0.745509
0.953849 -0.297910 0.037711
0.922835 -0.384443 0.024072
0.943661 -0.317915 -0.091839
0.953849 -0.297910 0.037711
0.908551 -0.403774 0.107246
0.922835 -0.384443 0.024072
-0.049090 0.242197 0.968984
-0.474056 -0.148043 0.867960
-0.237503 -0.110763 0.965051
-0.414526 -0.431672 0.801141
-0.237503 -0.110763 0.965051
-0.474056 -0.148043 0.867960
-0.803838 0.577109 -0.144185
-0.647519 0.761533 -0.028046
-0.673108 0.710441 -0.205422
-0.647519 0.761533 -0.028046
-0.551566 0.824055 -0.129264
-0.673108 0.710441 -0.205422
-0.803838 0.577109 -0.144185
-0.773490 0.527550 -0.351288
-0.900369 0.335828 -0.276685
-0.773490 0.527550 -0.351288
-0.803838 0.577109 -0.144185
-0.673108 0.710441 -0.205422
0.896079 -0.432759 -0.098807
0.894781 -0.445144 0.034829
0.819158 -0.548465 -0.167828
0.806053 -0.480195 -0.345964
0.896079 -0.432759 -0.098807
0.819158 -0.548465 -0.167828
-0.852305 -0.522290 0.028103
-0.973803 -0.217320 -0.066929
-0.788596 -0.584503 -0.190979
-0.946545 -0.250367 0.203394
-0.852305 -0.522290 0.028103
-0.788906 -0.543434 0.286891
-0.147300 0.601348 0.785292
0.529626 0.470930 0.705494
0.152387 0.459611 0.874949
-0.147300 0.601348 0.785292
0.152387 0.459611 0.874949
-0.166628 0.257994 0.951669
-0.955845 0.102595 0.275382
-0.973803 -0.217320 -0.066929
-0.946545 -0.250367 0.203394
-0.973803 -0.217320 -0.066929
-0.852305 -0.522290 0.028103
-0.946545 -0.250367 0.203394
0.364953 0.863350 -0.348477
0.523480 0.822272 -0.223244
0.662401 0.622383 -0.416970
0.364953 0.863350 -0.348477
0.138043 0.962543 -0.233355
0.523480 0.822272 -0.223244
0.459175 0.570280 0.681131
0.877357 0.248440 0.410514
0.572950 0.797642 0.188400
0.572950 0.797642 0.188400
0.648393 0.653555 0.390451
0.459175 0.570280 0.681131
-0.857017 -0.345580 -0.382226
-0.881163 -0.462726 0.097138
-0.952728 -0.292728 -0.081364
-0.586972 -0.383556 -0.712986
-0.857017 -0.345580 -0.382226
-0.785503 -0.210966 -0.581789
0.622229 0.717704 0.312621
0.897470 0.388298 -0.209219
0.903854 0.333689 0.267769
0.559592 0.376478 0.738323
0.622229 0.717704 0.312621
0.903854 0.333689 0.267769
-0.857017 -0.345580 -0.382226
-0.952728 -0.292728 -0.081364
-0.785503 -0.210966 -0.581789
-0.952728 -0.292728 -0.081364
-0.664799 -0.673645 -0.322869
-0.785503 -0.210966 -0.581789
-0.420106 -0.834846 -0.355730
-0.664799 -0.673645 -0.322869
-0.709436 -0.700861 0.074128
-0.952728 -0.292728 -0.081364
-0.709436 -0.700861 0.074128
-0.664799 -0.673645 -0.322869
0.831950 0.497640 -0.245385
0.808477 0.578469 -0.108343
0.784017 0.619649 0.036776
0.825095 0.550132 0.128739
0.831950 0.497640 -0.245385
0.784017 0.619649 0.036776
-0.065026 -0.720882 0.690000
0.477716 -0.234644 0.846599
0.011696 -0.324300 0.945882
-0.065026 -0.720882 0.690000
0.011696 -0.324300 0.945882
-0.315706 -0.607500 0.728885
-0.218850 0.382738 0.897561
-0.017036 0.546816 0.837079
-0.331925 0.691623 0.641469
-0.218850 0.382738 0.897561
0.119974 0.122199 0.985228
-0.017036 0.546816 0.837079
-0.197682 -0.594521 -0.779401
-0.418391 -0.681361 -0.600579
0.004785 -0.995939 -0.089901
-0.248208 -0.606530 -0.755324
-0.418391 -0.681361 -0.600579
-0.197682 -0.594521 -0.779401
-0.758640 -0.620667 0.198085
-0.932793 -0.148252 -0.328511
-0.988695 -0.090580 0.119487
-0.758640 -0.620667 0.198085
-0.988695 -0.090580 0.119487
-0.863592 -0.033569 0.503073
0.897470 0.388298 -0.209219
0.622229 0.717704 0.312621
0.619472 0.754156 -0.217954
0.457405 0.517360 -0.723270
0.897470 0.388298 -0.209219
0.619472 0.754156 -0.217954
0.436463 -0.812696 -0.386039
0.853806 -0.520590 0.000413
0.949484 0.234291 -0.208777
0.436463 -0.812696 -0.386039
0.949484 0.234291 -0.208777
0.658572 0.167180 -0.733712
0.414334 -0.908868 -0.047821
0.040225 -0.936766 0.347636
-0.302945 -0.920888 -0.245337
0.414334 -0.908868 -0.047821
0.413765 -0.567889 0.711548
0.040225 -0.936766 0.347636
-0.261377 -0.419515 0.869304
-0.609681 -0.535843 0.584090
-0.458573 -0.713580 0.529636
-0.609681 -0.535843 0.584090
-0.610078 -0.785077 0.107050
-0.458573 -0.713580 0.529636
0.798820 -0.119806 0.589520
0.975309 0.218993 -0.028522
0.816856 0.348380 0.459758
0.436680 0.193529 0.878554
0.798820 -0.119806 0.589520
0.816856 0.348380 0.459758
-0.261597 0.960859 -0.091193
-0.094892 0.980384 -0.172752
-0.164885 0.947604 -0.273604
-0.164885 0.947604 -0.273604
-0.094892 0.980384 -0.172752
0.138043 0.962543 -0.233355
0.178721 -0.194750 -0.964433
0.057935 -0.481326 -0.874625
0.521991 -0.295141 -0.800261
0.521991 -0.295141 -0.800261
0.690530 0.133357 -0.710904
0.436300 0.079180 -0.896311
-0.168686 -0.604231 0.778749
-0.166448 -0.454982 0.874807
-0.362759 -0.436770 0.823188
0.088487 -0.591976 0.801084
-0.166448 -0.454982 0.874807
-0.168686 -0.604231 0.778749
-0.515889 -0.845201 -0.139620
-0.788596 -0.584503 -0.190979
-0.618744 -0.707440 -0.341591
-0.420106 -0.834846 -0.355730
-0.515889 -0.845201 -0.139620
-0.618744 -0.707440 -0.341591
-0.467088 0.145929 -0.872086
-0.638189 0.205973 -0.741815
-0.607097 0.417683 -0.675999
-0.638189 0.205973 -0.741815
-0.706975 0.462311 -0.535215
-0.607097 0.417683 -0.675999
-0.803838 0.577109 -0.144185
-0.915856 0.395947 0.066592
-0.788074 0.610124 0.081779
-0.804676 0.511166 0.302003
-0.788074 0.610124 0.081779
-0.915856 0.395947 0.066592
0.473661 0.869140 0.142274
0.103980 0.978831 0.176291
0.328444 0.900319 0.285571
0.719486 0.616697 0.319414
0.473661 0.869140 0.142274
0.328444 0.900319 0.285571
0.196656 0.620974 0.758760
-0.147300 0.601348 0.785292
-0.149952 0.524510 0.838095
0.196656 0.620974 0.758760
-0.149952 0.524510 0.838095
-0.049090 0.242197 0.968984
0.098931 -0.914821 0.391555
-0.234950 -0.748151 0.620539
-0.373621 -0.922655 0.095477
-0.234950 -0.748151 0.620539
0.098931 -0.914821 0.391555
0.438911 -0.616306 0.653853
0.975309 0.218993 -0.028522
0.810011 -0.551293 0.199895
0.871067 -0.451044 -0.194427
0.810011 -0.551293 0.199895
0.414334 -0.908868 -0.047821
0.871067 -0.451044 -0.194427
0.457405 0.517360 -0.723270
0.242321 0.165042 -0.956055
0.745804 0.236319 -0.622839
0.897470 0.388298 -0.209219
0.457405 0.517360 -0.723270
0.745804 0.236319 -0.622839
-0.467088 0.145929 -0.872086
-0.476787 -0.082688 -0.875121
-0.587783 -0.121733 -0.799808
-0.361894 -0.397423 -0.843260
-0.587783 -0.121733 -0.799808
-0.476787 -0.082688 -0.875121
0.927204 0.333421 0.170653
0.996152 0.049893 0.072050
0.833520 0.160322 0.528717
0.895330 0.328544 -0.300736
0.996152 0.049893 0.072050
0.927204 0.333421 0.170653
0.920804 0.061874 -0.385086
0.895330 0.328544 -0.300736
0.705952 0.144869 -0.693286
0.996152 0.049893 0.072050
0.895330 0.328544 -0.300736
0.920804 0.061874 -0.385086
0.908551 -0.403774 0.107246
0.935186 -0.306958 0.176648
0.927920 -0.358992 -0.100447
0.908551 -0.403774 0.107246
0.953849 -0.297910 0.037711
0.935186 -0.306958 0.176648
-0.398904 0.916918 -0.011686
-0.333691 0.932304 0.139495
-0.248488 0.967920 0.037213
-0.333691 0.932304 0.139495
-0.103731 0.981636 0.160095
-0.248488 0.967920 0.037213
-0.707814 -0.638287 0.302637
-0.551708 -0.683125 0.478496
-0.620585 -0.433696 0.653286
-0.837850 -0.412119 0.358003
-0.707814 -0.638287 0.302637
-0.620585 -0.433696 0.653286
0.975309 0.218993 -0.028522
0.784822 -0.082149 -0.614253
0.800492 0.369692 -0.471742
0.800492 0.369692 -0.471742
0.784822 -0.082149 -0.614253
0.428524 0.310939 -0.848342
0.926461 -0.238230 -0.291404
0.835935 -0.298707 -0.460421
0.868211 -0.030024 -0.495286
0.868211 -0.030024 -0.495286
0.938747 0.108356 -0.327129
0.926461 -0.238230 -0.291404
-0.442416 0.854607 -0.271874
-0.340891 0.923249 -0.177214
-0.343273 0.885524 -0.313068
-0.442416 0.854607 -0.271874
-0.343273 0.885524 -0.313068
-0.508481 0.720417 -0.471643
0.275408 0.953645 -0.121292
0.221065 0.974590 0.036109
0.599039 0.800273 -0.026735
0.275408 0.953645 -0.121292
-0.042273 0.998415 -0.037148
0.221065 0.974590 0.036109
0.914910 0.178440 0.362075
0.983843 -0.168763 -0.059772
0.921775 0.145211 -0.359507
0.914910 0.178440 0.362075
0.813426 -0.451220 0.367068
0.983843 -0.168763 -0.059772
0.547984 -0.646655 -0.530613
0.072808 -0.006054 -0.997328
-0.291465 -0.651142 -0.700758
0.547984 -0.646655 -0.530613
0.454290 0.067585 -0.888287
0.072808 -0.006054 -0.997328
0.454290 0.067585 -0.888287
0.319499 0.026202 -0.947224
0.065124 -0.016505 -0.997741
0.454290 0.067585 -0.888287
0.065124 -0.016505 -0.997741
0.072808 -0.006054 -0.997328
-0.810856 -0.578533 0.088385
-0.321294 -0.912705 0.252466
-0.398864 -0.643778 0.653037
-0.321294 -0.912705 0.252466
0.313282 -0.856447 0.410308
-0.398864 -0.643778 0.653037
0.483214 0.682193 -0.548741
0.662401 0.622383 -0.416970
0.783760 0.326396 -0.528381
0.662401 0.622383 -0.416970
0.483214 0.682193 -0.548741
0.364953 0.863350 -0.348477
0.337418 -0.069937 -0.938753
0.178721 -0.194750 -0.964433
0.436300 0.079180 -0.896311
0.178721 -0.194750 -0.964433
0.521991 -0.295141 -0.800261
0.436300 0.079180 -0.896311
0.300528 0.750568 -0.588498
-0.315419 0.380442 -0.869353
-0.916054 0.400961 -0.008702
-0.315419 0.380442 -0.869353
-0.872622 0.104219 -0.477148
-0.916054 0.400961 -0.008702
-0.872622 0.104219 -0.477148
-0.988683 0.148142 -0.023668
-0.916054 0.400961 -0.008702
-0.988683 0.148142 -0.023668
-0.896496 0.190131 0.400182
-0.916054 0.400961 -0.008702
-0.896496 0.190131 0.400182
-0.387130 0.466999 0.795011
-0.916054 0.400961 -0.008702
-0.387130 0.466999 0.795011
0.264437 0.805034 0.531030
-0.916054 0.400961 -0.008702
0.264437 0.805034 0.531030
0.475243 0.879260 -0.032340
-0.916054 0.400961 -0.008702
0.475243 0.879260 -0.032340
0.300528 0.750568 -0.588498
-0.916054 0.400961 -0.008702
-0.337420 -0.853535 -0.397022
-0.597256 -0.801802 0.019969
-0.461104 -0.809306 -0.363878
-0.461104 -0.809306 -0.363878
-0.597256 -0.801802 0.019969
-0.566346 -0.792870 -0.224966
-0.566346 -0.792870 -0.224966
-0.597256 -0.801802 0.019969
-0.622636 -0.782064 0.026474
-0.622636 -0.782064 0.026474
-0.597256 -0.801802 0.019969
-0.570133 -0.757091 0.319000
-0.570133 -0.757091 0.319000
-0.597256 -0.801802 0.019969
-0.429515 -0.757903 0.491019
-0.429515 -0.757903 0.491019
-0.597256 -0.801802 0.019969
-0.307081 -0.820932 0.481427
-0.307081 -0.820932 0.481427
-0.597256 -0.801802 0.019969
-0.230969 -0.972486 0.030406
-0.230969 -0.972486 0.030406
-0.597256 -0.801802 0.019969
-0.337420 -0.853535 -0.397022
0.600247 0.529371 0.599559
0.815609 0.578461 -0.012863
0.264437 0.805034 0.531030
0.264437 0.805034 0.531030
0.815609 0.578461 -0.012863
0.475243 0.879260 -0.032340
0.600247 0.529371 0.599559
-0.387130 0.466999 0.795011
-0.057199 0.290812 0.955069
-0.387130 0.466999 0.795011
0.600247 0.529371 0.599559
0.264437 0.805034 0.531030
-0.717948 -0.107076 -0.687812
-0.988683 0.148142 -0.023668
-0.872622 0.104219 -0.477148
-0.988683 0.148142 -0.023668
-0.717948 -0.107076 -0.687812
-0.996912 -0.078432 0.003797
-0.896496 0.190131 0.400182
-0.996912 -0.078432 0.003797
-0.760132 0.034077 0.648874
-0.996912 -0.078432 0.003797
-0.896496 0.190131 0.400182
-0.988683 0.148142 -0.023668
-0.760132 0.034077 0.648874
-0.057199 0.290812 0.955069
-0.896496 0.190131 0.400182
-0.896496 0.190131 0.400182
-0.057199 0.290812 0.955069
-0.387130 0.466999 0.795011
0.815609 0.578461 -0.012863
0.300528 0.750568 -0.588498
0.475243 0.879260 -0.032340
0.300528 0.750568 -0.588498
0.815609 0.578461 -0.012863
0.644209 0.447392 -0.620351
0.644209 0.447392 -0.620351
-0.315419 0.380442 -0.869353
0.300528 0.750568 -0.588498
-0.315419 0.380442 -0.869353
0.644209 0.447392 -0.620351
0.034701 0.137367 -0.989912
0.034701 0.137367 -0.989912
-0.872622 0.104219 -0.477148
-0.315419 0.380442 -0.869353
-0.872622 0.104219 -0.477148
0.034701 0.137367 -0.989912
-0.717948 -0.107076 -0.687812
0.675078 0.394402 0.623472
0.908783 0.417121 -0.011083
0.600247 0.529371 0.599559
0.600247 0.529371 0.599559
0.908783 0.417121 -0.011083
0.815609 0.578461 -0.012863
-0.035170 0.219189 0.975048
0.675078 0.394402 0.623472
-0.057199 0.290812 0.955069
-0.057199 0.290812 0.955069
0.675078 0.394402 0.623472
0.600247 0.529371 0.599559
0.908783 0.417121 -0.011083
0.644209 0.447392 -0.620351
0.815609 0.578461 -0.012863
0.644209 0.447392 -0.620351
0.908783 0.417121 -0.011083
0.707182 0.292704 -0.643598
0.707182 0.292704 -0.643598
0.034701 0.137367 -0.989912
0.644209 0.447392 -0.620351
0.034701 0.137367 -0.989912
0.707182 0.292704 -0.643598
0.016881 0.049296 -0.998641
0.016881 0.049296 -0.998641
-0.717948 -0.107076 -0.687812
0.034701 0.137367 -0.989912
-0.717948 -0.107076 -0.687812
0.016881 0.049296 -0.998641
-0.741439 -0.103952 -0.662920
-0.996912 -0.078432 0.003797
-0.741439 -0.103952 -0.662920
-0.996940 -0.078170 -0.000204
-0.741439 -0.103952 -0.662920
-0.996912 -0.078432 0.003797
-0.717948 -0.107076 -0.687812
-0.760132 0.034077 0.648874
-0.996912 -0.078432 0.003797
-0.762896 0.022335 0.646135
-0.996912 -0.078432 0.003797
-0.996940 -0.078170 -0.000204
-0.762896 0.022335 0.646135
-0.762896 0.022335 0.646135
-0.035170 0.219189 0.975048
-0.760132 0.034077 0.648874
-0.760132 0.034077 0.648874
-0.035170 0.219189 0.975048
-0.057199 0.290812 0.955069
0.933088 0.359518 -0.009701
0.707182 0.292704 -0.643598
0.908783 0.417121 -0.011083
0.707182 0.292704 -0.643598
0.933088 0.359518 -0.009701
0.719966 0.227692 -0.655595
0.689211 0.347778 0.635640
0.933088 0.359518 -0.009701
0.675078 0.394402 0.623472
0.675078 0.394402 0.623472
0.933088 0.359518 -0.009701
0.908783 0.417121 -0.011083
-0.747503 0.033815 0.663397
-0.016060 0.202464 0.979158
-0.762896 0.022335 0.646135
-0.762896 0.022335 0.646135
-0.016060 0.202464 0.979158
-0.035170 0.219189 0.975048
-0.016060 0.202464 0.979158
0.675078 0.394402 0.623472
-0.035170 0.219189 0.975048
0.675078 0.394402 0.623472
-0.016060 0.202464 0.979158
0.689211 0.347778 0.635640
-0.996940 -0.078170 -0.000204
-0.728057 -0.114817 -0.675833
-0.997462 -0.071199 0.000128
-0.728057 -0.114817 -0.675833
-0.996940 -0.078170 -0.000204
-0.741439 -0.103952 -0.662920
-0.762896 0.022335 0.646135
-0.997462 -0.071199 0.000128
-0.747503 0.033815 0.663397
-0.997462 -0.071199 0.000128
-0.762896 0.022335 0.646135
-0.996940 -0.078170 -0.000204
0.719966 0.227692 -0.655595
0.016881 0.049296 -0.998641
0.707182 0.292704 -0.643598
0.016881 0.049296 -0.998641
0.719966 0.227692 -0.655595
0.027997 0.002193 -0.999605
0.027997 0.002193 -0.999605
-0.741439 -0.103952 -0.662920
0.016881 0.049296 -0.998641
-0.741439 -0.103952 -0.662920
0.027997 0.002193 -0.999605
-0.728057 -0.114817 -0.675833
-0.000947 0.186712 0.982414
0.689211 0.347778 0.635640
-0.016060 0.202464 0.979158
0.689211 0.347778 0.635640
-0.000947 0.186712 0.982414
0.692894 0.294227 0.658277
-0.747503 0.033815 0.663397
-0.000947 0.186712 0.982414
-0.016060 0.202464 0.979158
-0.000947 0.186712 0.982414
-0.747503 0.033815 0.663397
-0.729470 0.052331 0.682008
-0.729470 0.052331 0.682008
-0.747503 0.033815 0.663397
-0.998197 -0.059964 0.002684
-0.747503 0.033815 0.663397
-0.997462 -0.071199 0.000128
-0.998197 -0.059964 0.002684
-0.714133 -0.123504 -0.689029
-0.998197 -0.059964 0.002684
-0.997462 -0.071199 0.000128
-0.997462 -0.071199 0.000128
-0.728057 -0.114817 -0.675833
-0.714133 -0.123504 -0.689029
0.036479 -0.046728 -0.998241
-0.714133 -0.123504 -0.689029
-0.728057 -0.114817 -0.675833
0.036479 -0.046728 -0.998241
-0.728057 -0.114817 -0.675833
0.027997 0.002193 -0.999605
0.027997 0.002193 -0.999605
0.724120 0.148530 -0.673490
0.036479 -0.046728 -0.998241
0.724120 0.148530 -0.673490
0.027997 0.002193 -0.999605
0.719966 0.227692 -0.655595
0.956457 0.291810 -0.006088
0.719966 0.227692 -0.655595
0.933088 0.359518 -0.009701
0.719966 0.227692 -0.655595
0.956457 0.291810 -0.006088
0.724120 0.148530 -0.673490
0.689211 0.347778 0.635640
0.956457 0.291810 -0.006088
0.933088 0.359518 -0.009701
0.956457 0.291810 -0.006088
0.689211 0.347778 0.635640
0.692894 0.294227 0.658277
-0.999581 -0.028702 0.003734
-0.703865 0.081198 0.705678
-0.729470 0.052331 0.682008
-0.729470 0.052331 0.682008
-0.998197 -0.059964 0.002684
-0.999581 -0.028702 0.003734
-0.701640 -0.094361 -0.706256
-0.999581 -0.028702 0.003734
-0.998197 -0.059964 0.002684
-0.998197 -0.059964 0.002684
-0.714133 -0.123504 -0.689029
-0.701640 -0.094361 -0.706256
0.037194 -0.036825 -0.998629
-0.701640 -0.094361 -0.706256
-0.714133 -0.123504 -0.689029
0.037194 -0.036825 -0.998629
-0.714133 -0.123504 -0.689029
0.036479 -0.046728 -0.998241
0.037194 -0.036825 -0.998629
0.724120 0.148530 -0.673490
0.731413 0.112923 -0.672520
0.724120 0.148530 -0.673490
0.037194 -0.036825 -0.998629
0.036479 -0.046728 -0.998241
0.956457 0.291810 -0.006088
0.731413 0.112923 -0.672520
0.724120 0.148530 -0.673490
0.731413 0.112923 -0.672520
0.956457 0.291810 -0.006088
0.974716 0.223437 -0.001947
0.692894 0.294227 0.658277
0.974716 0.223437 -0.001947
0.956457 0.291810 -0.006088
0.974716 0.223437 -0.001947
0.692894 0.294227 0.658277
0.708543 0.243592 0.662291
0.014613 0.182772 0.983047
0.692894 0.294227 0.658277
-0.000947 0.186712 0.982414
0.692894 0.294227 0.658277
0.014613 0.182772 0.983047
0.708543 0.243592 0.662291
-0.729470 0.052331 0.682008
0.014613 0.182772 0.983047
-0.000947 0.186712 0.982414
0.014613 0.182772 0.983047
-0.729470 0.052331 0.682008
-0.703865 0.081198 0.705678
0.708543 0.243592 0.662291
0.998434 0.055671 -0.005569
0.974716 0.223437 -0.001947
0.998434 0.055671 -0.005569
0.708543 0.243592 0.662291
0.745170 0.122078 0.655606
0.087402 0.161055 0.983068
0.708543 0.243592 0.662291
0.014613 0.182772 0.983047
0.708543 0.243592 0.662291
0.087402 0.161055 0.983068
0.745170 0.122078 0.655606
-0.703865 0.081198 0.705678
0.087402 0.161055 0.983068
0.014613 0.182772 0.983047
0.087402 0.161055 0.983068
-0.703865 0.081198 0.705678
-0.659980 0.141117 0.737911
-0.999912 0.011367 -0.006864
-0.659980 0.141117 0.737911
-0.703865 0.081198 0.705678
-0.703865 0.081198 0.705678
-0.999581 -0.028702 0.003734
-0.999912 0.011367 -0.006864
-0.650377 -0.116551 -0.750617
-0.999912 0.011367 -0.006864
-0.999581 -0.028702 0.003734
-0.999581 -0.028702 0.003734
-0.701640 -0.094361 -0.706256
-0.650377 -0.116551 -0.750617
0.084510 -0.096746 -0.991715
-0.650377 -0.116551 -0.750617
-0.701640 -0.094361 -0.706256
0.084510 -0.096746 -0.991715
-0.701640 -0.094361 -0.706256
0.037194 -0.036825 -0.998629
0.084510 -0.096746 -0.991715
0.731413 0.112923 -0.672520
0.742767 -0.021367 -0.669209
0.731413 0.112923 -0.672520
0.084510 -0.096746 -0.991715
0.037194 -0.036825 -0.998629
0.974716 0.223437 -0.001947
0.742767 -0.021367 -0.669209
0.731413 0.112923 -0.672520
0.742767 -0.021367 -0.669209
0.974716 0.223437 -0.001947
0.998434 0.055671 -0.005569
0.132868 0.065919 0.988939
0.745170 0.122078 0.655606
0.087402 0.161055 0.983068
0.745170 0.122078 0.655606
0.132868 0.065919 0.988939
0.767858 -0.051656 0.638535
-0.634107 0.133452 0.761642
0.087402 0.161055 0.983068
-0.659980 0.141117 0.737911
0.087402 0.161055 0.983068
-0.634107 0.133452 0.761642
0.132868 0.065919 0.988939
-0.999718 0.019355 0.013742
-0.634107 0.133452 0.761642
-0.659980 0.141117 0.737911
-0.659980 0.141117 0.737911
-0.999912 0.011367 -0.006864
-0.999718 0.019355 0.013742
-0.668989 -0.177222 -0.721835
-0.999718 0.019355 0.013742
-0.999912 0.011367 -0.006864
-0.999912 0.011367 -0.006864
-0.650377 -0.116551 -0.750617
-0.668989 -0.177222 -0.721835
-0.668989 -0.177222 -0.721835
0.084510 -0.096746 -0.991715
0.099388 -0.219353 -0.970570
0.084510 -0.096746 -0.991715
-0.668989 -0.177222 -0.721835
-0.650377 -0.116551 -0.750617
0.099388 -0.219353 -0.970570
0.742767 -0.021367 -0.669209
0.752545 -0.186155 -0.631682
0.742767 -0.021367 -0.669209
0.099388 -0.219353 -0.970570
0.084510 -0.096746 -0.991715
0.998434 0.055671 -0.005569
0.752545 -0.186155 -0.631682
0.742767 -0.021367 -0.669209
0.752545 -0.186155 -0.631682
0.998434 0.055671 -0.005569
0.989469 -0.144587 0.006733
0.745170 0.122078 0.655606
0.989469 -0.144587 0.006733
0.998434 0.055671 -0.005569
0.989469 -0.144587 0.006733
0.745170 0.122078 0.655606
0.767858 -0.051656 0.638535
0.084850 -0.233147 -0.968733
0.752545 -0.186155 -0.631682
0.689870 -0.350285 -0.633545
0.752545 -0.186155 -0.631682
0.084850 -0.233147 -0.968733
0.099388 -0.219353 -0.970570
0.989469 -0.144587 0.006733
0.689870 -0.350285 -0.633545
0.752545 -0.186155 -0.631682
0.689870 -0.350285 -0.633545
0.989469 -0.144587 0.006733
0.917349 -0.397960 0.009982
0.731151 -0.242945 0.637491
0.989469 -0.144587 0.006733
0.767858 -0.051656 0.638535
0.989469 -0.144587 0.006733
0.731151 -0.242945 0.637491
0.917349 -0.397960 0.009982
0.767858 -0.051656 0.638535
0.132868 0.065919 0.988939
0.144766 -0.002502 0.989463
0.767858 -0.051656 0.638535
0.144766 -0.002502 0.989463
0.731151 -0.242945 0.637491
0.132868 0.065919 0.988939
-0.634107 0.133452 0.761642
-0.662488 0.136836 0.736468
0.132868 0.065919 0.988939
-0.662488 0.136836 0.736468
0.144766 -0.002502 0.989463
-0.999431 0.033048 0.006790
-0.662488 0.136836 0.736468
-0.634107 0.133452 0.761642
-0.634107 0.133452 0.761642
-0.999718 0.019355 0.013742
-0.999431 0.033048 0.006790
-0.688302 -0.090037 -0.719815
-0.999431 0.033048 0.006790
-0.999718 0.019355 0.013742
-0.999718 0.019355 0.013742
-0.668989 -0.177222 -0.721835
-0.688302 -0.090037 -0.719815
-0.688302 -0.090037 -0.719815
0.099388 -0.219353 -0.970570
0.084850 -0.233147 -0.968733
0.099388 -0.219353 -0.970570
-0.688302 -0.090037 -0.719815
-0.668989 -0.177222 -0.721835
0.583350 -0.510010 0.632133
0.917349 -0.397960 0.009982
0.731151 -0.242945 0.637491
0.917349 -0.397960 0.009982
0.583350 -0.510010 0.632133
0.685257 -0.728094 0.017385
0.583350 -0.510010 0.632133
0.144766 -0.002502 0.989463
0.084414 -0.027828 0.996042
0.144766 -0.002502 0.989463
0.583350 -0.510010 0.632133
0.731151 -0.242945 0.637491
-0.703346 0.178227 0.688142
0.084414 -0.027828 0.996042
0.144766 -0.002502 0.989463
0.144766 -0.002502 0.989463
-0.662488 0.136836 0.736468
-0.703346 0.178227 0.688142
-0.999061 0.043304 0.001313
-0.703346 0.178227 0.688142
-0.662488 0.136836 0.736468
-0.662488 0.136836 0.736468
-0.999431 0.033048 0.006790
-0.999061 0.043304 0.001313
-0.739643 -0.013306 -0.672868
-0.999061 0.043304 0.001313
-0.999431 0.033048 0.006790
-0.999431 0.033048 0.006790
-0.688302 -0.090037 -0.719815
-0.739643 -0.013306 -0.672868
-0.739643 -0.013306 -0.672868
0.084850 -0.233147 -0.968733
-0.011234 -0.255307 -0.966795
0.084850 -0.233147 -0.968733
-0.739643 -0.013306 -0.672868
-0.688302 -0.090037 -0.719815
0.527992 -0.584595 -0.616014
-0.011234 -0.255307 -0.966795
0.084850 -0.233147 -0.968733
0.084850 -0.233147 -0.968733
0.689870 -0.350285 -0.633545
0.527992 -0.584595 -0.616014
0.527992 -0.584595 -0.616014
0.917349 -0.397960 0.009982
0.685257 -0.728094 0.017385
0.917349 -0.397960 0.009982
0.527992 -0.584595 -0.616014
0.689870 -0.350285 -0.633545
-0.337420 -0.853535 -0.397022
-0.461104 -0.809306 -0.363878
-0.011234 -0.255307 -0.966795
-0.011234 -0.255307 -0.966795
0.527992 -0.584595 -0.616014
-0.337420 -0.853535 -0.397022
-0.566346 -0.792870 -0.224966
-0.011234 -0.255307 -0.966795
-0.461104 -0.809306 -0.363878
-0.011234 -0.255307 -0.966795
-0.566346 -0.792870 -0.224966
-0.739643 -0.013306 -0.672868
-0.566346 -0.792870 -0.224966
-0.622636 -0.782064 0.026474
-0.999061 0.043304 0.001313
-0.999061 0.043304 0.001313
-0.739643 -0.013306 -0.672868
-0.566346 -0.792870 -0.224966
-0.622636 -0.782064 0.026474
-0.570133 -0.757091 0.319000
-0.703346 0.178227 0.688142
-0.703346 0.178227 0.688142
-0.999061 0.043304 0.001313
-0.622636 -0.782064 0.026474
-0.570133 -0.757091 0.319000
-0.429515 -0.757903 0.491019
0.084414 -0.027828 0.996042
0.084414 -0.027828 0.996042
-0.703346 0.178227 0.688142
-0.570133 -0.757091 0.319000
0.084414 -0.027828 0.996042
-0.307081 -0.820932 0.481427
0.583350 -0.510010 0.632133
-0.307081 -0.820932 0.481427
0.084414 -0.027828 0.996042
-0.429515 -0.757903 0.491019
-0.230969 -0.972486 0.030406
0.583350 -0.510010 0.632133
-0.307081 -0.820932 0.481427
0.583350 -0.510010 0.632133
-0.230969 -0.972486 0.030406
0.685257 -0.728094 0.017385
-0.230969 -0.972486 0.030406
0.527992 -0.584595 -0.616014
0.685257 -0.728094 0.017385
0.527992 -0.584595 -0.616014
-0.230969 -0.972486 0.030406
-0.337420 -0.853535 -0.397022
0.445608 0.884419 -0.138694
0.442416 0.854607 -0.271874
0.340890 0.923249 -0.177213
0.362758 -0.436769 0.823189
0.168685 -0.604232 0.778748
0.394937 -0.595549 0.699533
0.678602 -0.505406 0.532976
0.788906 -0.543435 0.286891
0.862948 -0.256389 0.435415
-0.573210 -0.696391 0.431821
-0.466712 -0.840886 -0.274027
-0.743408 -0.600086 0.295368
-0.927919 -0.358993 -0.100447
-0.908550 -0.403775 0.107247
-0.841810 -0.518031 0.151659
-0.529625 0.470929 0.705495
-0.698290 0.233133 0.676787
-0.858747 0.333604 0.388925
0.636421 0.680252 -0.363629
0.706974 0.462311 -0.535216
0.596506 0.614415 -0.516406
0.204077 -0.139065 -0.969027
-0.013300 0.015800 -0.999787
0.504724 -0.141044 -0.851681
-0.938747 0.108358 -0.327128
-0.783759 0.326396 -0.528381
-0.868210 -0.030023 -0.495287
0.254476 -0.249456 -0.934352
0.467090 0.145930 -0.872084
0.476788 -0.082687 -0.875121
0.333691 0.932304 0.139495
0.370862 0.896028 0.244122
0.447853 0.884660 0.129630
0.443135 0.071933 0.893564
0.291319 -0.214156 0.932347
0.510646 -0.095590 0.854461
0.603828 0.285050 0.744405
0.686520 0.454222 0.567779
0.538316 0.564798 0.625475
0.955845 0.102595 0.275382
0.862948 -0.256389 0.435415
0.946546 -0.250364 0.203393
-0.751490 -0.026145 -0.659227
-0.556856 0.024030 -0.830262
-0.474954 -0.239667 -0.846745
-0.579708 -0.772929 -0.257913
-0.436463 -0.812696 -0.386038
-0.853808 -0.520588 0.000413
0.164886 0.947604 -0.273603
-0.132648 0.896409 -0.422912
-0.138043 0.962543 -0.233354
0.193005 0.870153 0.453413
0.186531 0.948491 0.256070
-0.085901 0.912079 0.400916
0.503012 0.079807 0.860587
0.739860 -0.077234 0.668313
0.546459 -0.306394 0.779426
0.355467 -0.916733 0.182327
-0.004786 -0.995939 -0.089901
-0.573210 -0.696391 0.431821
-0.494403 0.650388 0.576681
-0.276201 0.756970 0.592207
-0.606081 0.742580 0.285027
0.620340 -0.720773 -0.309297
-0.004786 -0.995939 -0.089901
0.355467 -0.916733 0.182327
-0.927919 -0.358993 -0.100447
-0.995147 -0.077399 0.060754
-0.935186 -0.306958 0.176648
-0.796617 0.481784 -0.365084
-0.831948 0.497642 -0.245387
-0.780586 0.339322 -0.524925
-0.685967 0.452218 0.570042
-0.494403 0.650388 0.576681
-0.672474 0.662214 0.330532
0.837849 -0.412121 0.358002
0.546459 -0.306394 0.779426
0.739860 -0.077234 0.668313
-0.149640 -0.981368 -0.120518
0.373622 -0.922654 0.095478
-0.098930 -0.914821 0.391555
-0.040652 -0.406299 -0.912835
0.197682 -0.594520 -0.779402
0.248208 -0.606529 -0.755325
0.900369 0.335828 -0.276686
0.952448 0.060724 -0.298590
0.832711 0.258721 -0.489547
0.505174 -0.718361 -0.478285
0.217440 -0.598828 -0.770795
-0.283526 -0.415639 -0.864209
-0.922835 -0.384443 0.024074
-0.943661 -0.317915 -0.091839
-0.894781 -0.445144 0.034828
-0.806053 -0.480196 -0.345963
-0.690737 -0.569891 -0.445091
-0.712204 -0.627034 -0.315584
0.618744 -0.707439 -0.341594
0.507473 -0.664339 -0.548748
0.746406 -0.498446 -0.440942
0.515890 -0.845201 -0.139620
0.660663 -0.744993 0.092247
0.430724 -0.902442 0.008644
0.639173 -0.553180 0.534275
0.805868 -0.318833 0.498921
0.709435 -0.700862 0.074128
-0.853808 -0.520588 0.000413
-0.949482 0.234297 -0.208781
-0.897471 0.388297 -0.209218
0.639173 -0.553180 0.534275
0.709435 -0.700862 0.074128
0.263639 -0.960092 0.093370
-0.919173 -0.380918 0.100114
-0.573210 -0.696391 0.431821
-0.633818 -0.748961 0.193216
-0.658571 0.167182 -0.733713
-0.242321 0.165043 -0.956055
-0.745806 0.236320 -0.622837
0.210150 -0.755839 0.620116
0.458574 -0.713580 0.529635
0.261379 -0.419517 0.869302
0.238075 -0.622524 -0.745510
0.501461 -0.795965 -0.339081
0.302944 -0.920888 -0.245338
0.586971 -0.383557 -0.712986
0.857018 -0.345579 -0.382224
0.720162 -0.626157 -0.298821
0.604892 -0.751753 0.262629
0.727928 -0.592547 0.344977
0.505174 -0.718361 -0.478285
-0.579708 -0.772929 -0.257913
-0.921723 -0.382388 0.064848
-0.549564 -0.756671 0.354159
-0.895330 0.328544 -0.300736
-0.705951 0.144869 -0.693286
-0.703430 0.142963 -0.696238
0.495060 -0.682531 0.537649
0.555400 -0.464884 0.689503
0.394937 -0.595549 0.699533
-0.065126 -0.016505 -0.997740
0.358434 -0.106389 -0.927473
0.099624 -0.203672 -0.973957
0.863592 -0.033571 0.503073
0.702566 -0.175354 0.689675
0.936306 -0.248218 0.248431
-0.901388 -0.048243 0.430317
-0.775508 0.402934 0.486037
-0.952259 0.131191 0.275667
0.103731 0.981636 0.160094
-0.103981 0.978831 0.176291
-0.085901 0.912079 0.400916
0.638526 -0.372842 -0.673256
0.658196 -0.061112 -0.750362
0.852834 -0.366900 -0.371562
-0.403453 0.278606 0.871553
-0.308529 0.183868 0.933275
-0.007028 -0.243802 0.969799
-0.083473 0.248317 -0.965075
0.310238 0.179091 -0.933637
0.324680 -0.050315 -0.944485
-0.007028 -0.243802 0.969799
-0.011696 -0.324300 0.945882
0.315707 -0.607500 0.728885
0.587783 -0.121730 -0.799808
0.638190 0.205977 -0.741813
0.738407 0.120811 -0.663446
0.542940 -0.434499 -0.718629
0.712373 -0.181313 -0.677975
0.685871 -0.429792 -0.587248
-0.796617 0.481784 -0.365084
-0.780586 0.339322 -0.524925
-0.657792 0.205524 -0.724617
-0.438912 -0.616307 0.653852
-0.813427 -0.451218 0.367068
-0.563537 -0.818798 0.109526
-0.474954 -0.239667 -0.846745
-0.556856 0.024030 -0.830262
-0.262278 0.119530 -0.957561
0.079925 0.866967 -0.491915
-0.132648 0.896409 -0.422912
0.164886 0.947604 -0.273603
-0.590707 0.119681 0.797961
-0.772931 0.231961 0.590569
-0.471290 0.032792 0.881368
0.409507 -0.561185 -0.719288
0.568867 -0.302585 -0.764743
0.749693 -0.533721 -0.391283
-0.728265 -0.373515 0.574558
-0.748094 -0.660322 -0.065798
-0.313286 -0.856445 0.410309
-0.703430 0.142963 -0.696238
-0.705951 0.144869 -0.693286
-0.319499 0.026203 -0.947224
0.168685 -0.604232 0.778748
-0.018331 -0.390209 0.920544
0.393165 -0.364598 0.844091
0.205707 0.033101 0.978054
-0.215102 0.019916 0.976388
0.289141 -0.075770 0.954283
0.370862 0.896028 0.244122
0.506691 0.825645 0.248143
0.447853 0.884660 0.129630
0.706974 0.462311 -0.535216
0.636421 0.680252 -0.363629
0.773491 0.527549 -0.351289
-0.325717 0.236915 0.915303
-0.372767 0.433803 0.820280
-0.685967 0.452218 0.570042
0.414526 -0.431673 0.801141
0.620585 -0.433696 0.653286
0.474055 -0.148044 0.867960
-0.414334 -0.908867 -0.047823
-0.871066 -0.451045 -0.194429
-0.519381 -0.689226 -0.505184
-0.301946 0.181484 0.935891
-0.436680 0.193530 0.878554
-0.178333 -0.067567 0.981647
-0.187659 -0.697051 -0.692029
-0.180148 -0.177375 -0.967515
0.021271 -0.283666 -0.958687
-0.712137 0.652439 -0.259200
-0.572952 0.797641 0.188403
-0.653359 0.723558 -0.222679
-0.698290 0.233133 0.676787
-0.529625 0.470929 0.705495
-0.358120 0.315605 0.878717
-0.119974 0.122199 0.985228
0.166628 0.257994 0.951669
0.002385 -0.168498 0.985699
-0.866895 -0.367404 0.336909
-0.972763 -0.074703 -0.219435
-0.622008 -0.733141 -0.274974
-0.007028 -0.243802 0.969799
-0.308529 0.183868 0.933275
-0.011696 -0.324300 0.945882
0.686520 0.454222 0.567779
0.814310 0.313271 0.488632
0.804675 0.511167 0.302004
0.656543 0.673268 0.340089
0.804675 0.511167 0.302004
0.621412 0.772115 0.132984
0.638526 -0.372842 -0.673256
0.852834 -0.366900 -0.371562
0.793242 -0.574412 -0.202034
0.257833 -0.635627 -0.727668
0.433956 -0.860961 -0.265385
0.175146 -0.896541 -0.406864
-0.743408 -0.600086 0.295368
-0.466712 -0.840886 -0.274027
-0.778222 -0.559213 -0.285747
-0.178721 -0.194751 -0.964433
-0.057934 -0.481325 -0.874625
-0.040652 -0.406299 -0.912835
-0.690737 -0.569891 -0.445091
-0.806053 -0.480196 -0.345963
-0.596683 -0.475342 -0.646544
-0.653853 0.097752 -0.750280
-0.255454 -0.004695 -0.966810
-0.419186 0.552231 -0.720641
0.032240 -0.068907 0.997102
-0.301946 0.181484 0.935891
-0.178333 -0.067567 0.981647
0.291464 -0.651141 -0.700760
-0.268469 -0.381931 0.884338
0.248593 -0.548554 0.798305
-0.535781 -0.843755 0.031882
-0.737375 -0.500033 0.454142
-0.774619 -0.571536 -0.270762
-0.547983 -0.646658 -0.530611
-0.268469 -0.381931 0.884338
0.291464 -0.651141 -0.700760
-0.255454 -0.004695 -0.966810
-0.653853 0.097752 -0.750280
-0.306909 -0.402189 -0.862584
-0.306909 -0.402189 -0.862584
-0.167378 -0.144836 -0.975196
0.012235 -0.286915 -0.957878
-0.619473 0.754155 -0.217952
-0.697423 0.705225 0.127509
-0.622229 0.717704 0.312622
-0.614753 0.670406 -0.415494
-0.457406 0.517358 -0.723271
-0.428525 0.310940 -0.848341
0.501461 -0.795965 -0.339081
0.238075 -0.622524 -0.745510
0.424942 -0.582660 -0.692770
-0.428525 0.310940 -0.848341
-0.457406 0.517358 -0.723271
-0.242321 0.165043 -0.956055
-0.994045 0.002498 -0.108944
-0.943661 -0.317915 -0.091839
-0.953849 -0.297908 0.037712
-0.952259 0.131191 0.275667
-0.775508 0.402934 0.486037
-0.719486 0.616696 0.319414
0.149954 0.524511 0.838094
0.487662 0.244636 0.838057
0.147300 0.601351 0.785290
0.049090 0.242198 0.968984
0.008525 -0.052417 0.998589
0.237503 -0.110763 0.965051
0.936306 -0.248218 0.248431
0.702566 -0.175354 0.689675
0.770441 -0.409402 0.488683
-0.313286 -0.856445 0.410309
-0.307298 -0.931217 -0.195968
0.367714 -0.905196 -0.213089
0.398866 -0.643777 0.653036
0.770441 -0.409402 0.488683
0.458958 -0.303760 0.834917
0.289141 -0.075770 0.954283
-0.253631 0.050018 0.966007
0.005223 -0.062449 0.998034
0.442416 0.854607 -0.271874
0.524847 0.800482 -0.289422
0.508482 0.720416 -0.471643
-0.030945 0.574293 -0.818065
-0.261095 0.702150 -0.662431
0.079925 0.866967 -0.491915
-0.521993 -0.295140 -0.800260
-0.778222 -0.559213 -0.285747
-0.057934 -0.481325 -0.874625
-0.780586 0.339322 -0.524925
-0.838886 0.241096 -0.487999
-0.927919 -0.358993 -0.100447
0.612585 -0.478396 0.629187
0.758640 -0.620668 0.198084
0.495060 -0.682531 0.537649
0.263639 -0.960092 0.093370
0.291464 -0.651141 -0.700760
0.248593 -0.548554 0.798305
-0.831948 0.497642 -0.245387
-0.838886 0.241096 -0.487999
-0.780586 0.339322 -0.524925
-0.858747 0.333604 0.388925
-0.606081 0.742580 0.285027
-0.529625 0.470929 0.705495
0.636421 0.680252 -0.363629
0.673110 0.710440 -0.205421
0.773491 0.527549 -0.351289
0.445608 0.884419 -0.138694
0.524847 0.800482 -0.289422
0.442416 0.854607 -0.271874
0.988696 -0.090578 0.119484
0.863592 -0.033571 0.503073
0.936306 -0.248218 0.248431
-0.072809 -0.006054 -0.997327
0.291464 -0.651141 -0.700760
0.358434 -0.106389 -0.927473
0.409846 -0.436107 -0.801147
0.254476 -0.249456 -0.934352
0.361894 -0.397424 -0.843260
0.505174 -0.718361 -0.478285
0.284400 -0.755312 -0.590441
0.217440 -0.598828 -0.770795
0.749693 -0.533721 -0.391283
0.702168 -0.208505 -0.680798
0.891689 -0.405886 -0.200368
0.702168 -0.208505 -0.680798
0.738370 -0.566325 -0.366177
0.932793 -0.148252 -0.328511
0.737217 -0.274930 0.617191
0.555400 -0.464884 0.689503
0.678602 -0.505406 0.532976
0.603828 0.285050 0.744405
0.702487 0.127375 0.700206
0.686520 0.454222 0.567779
0.707815 -0.638286 0.302635
0.551708 -0.683125 0.478497
0.654234 -0.756163 0.013923
0.418393 -0.681361 -0.600578
0.620340 -0.720773 -0.309297
0.532502 -0.732110 -0.424802
-0.828236 0.497886 -0.257165
-0.523479 0.822273 -0.223243
-0.662400 0.622383 -0.416971
-0.801328 0.580589 0.144184
-0.893142 0.448134 -0.038387
-0.991692 0.066503 0.110108
0.603828 0.285050 0.744405
0.538316 0.564798 0.625475
0.436039 0.357025 0.826077
-0.124072 0.726073 0.676332
0.193005 0.870153 0.453413
-0.085901 0.912079 0.400916
-0.787302 -0.279573 0.549540
-0.919173 -0.380918 0.100114
-0.996152 0.049893 0.072051
0.289141 -0.075770 0.954283
-0.215102 0.019916 0.976388
-0.253631 0.050018 0.966007
0.442618 -0.207562 0.872357
0.805868 -0.318833 0.498921
0.639173 -0.553180 0.534275
0.248593 -0.548554 0.798305
-0.268469 -0.381931 0.884338
0.032240 -0.068907 0.997102
-0.187659 -0.697051 -0.692029
-0.673782 -0.057254 -0.736708
-0.180148 -0.177375 -0.967515
-0.419186 0.552231 -0.720641
-0.487797 0.682012 -0.544898
-0.653359 0.723558 -0.222679
0.042273 0.998415 -0.037149
-0.103981 0.978831 0.176291
0.103731 0.981636 0.160094
0.398904 0.916918 -0.011686
0.261597 0.960859 -0.091194
0.248488 0.967920 0.037212
0.002385 -0.168498 0.985699
0.503012 0.079807 0.860587
0.546459 -0.306394 0.779426
-0.088487 -0.591975 0.801084
-0.322073 -0.684382 0.654133
-0.463740 -0.313249 0.828746
-0.427456 -0.758504 0.491888
-0.866895 -0.367404 0.336909
-0.622008 -0.733141 -0.274974
0.215276 -0.932270 0.290738
0.175146 -0.896541 -0.406864
0.433956 -0.860961 -0.265385
-0.853808 -0.520588 0.000413
-0.897471 0.388297 -0.209218
-0.903854 0.333688 0.267770
-0.268469 -0.381931 0.884338
-0.301946 0.181484 0.935891
0.032240 -0.068907 0.997102
0.237503 -0.110763 0.965051
0.008525 -0.052417 0.998589
0.414526 -0.431673 0.801141
-0.438912 -0.616307 0.653852
-0.560020 -0.072033 0.825342
-0.813427 -0.451218 0.367068
-0.138043 0.962543 -0.233354
-0.275407 0.953645 -0.121290
0.042273 0.998415 -0.037149
-0.828236 0.497886 -0.257165
-0.599039 0.800273 -0.026735
-0.523479 0.822273 -0.223243
-0.935772 0.322660 0.142203
-0.833519 0.160321 0.528719
-0.927205 0.333421 0.170650
-0.787302 -0.279573 0.549540
-0.996152 0.049893 0.072051
-0.833519 0.160321 0.528719
-0.463740 -0.313249 0.828746
-0.322073 -0.684382 0.654133
-0.787302 -0.279573 0.549540
-0.463740 -0.313249 0.828746
-0.787302 -0.279573 0.549540
-0.590707 0.119681 0.797961
0.418393 -0.681361 -0.600578
-0.004786 -0.995939 -0.089901
0.620340 -0.720773 -0.309297
-0.057934 -0.481325 -0.874625
-0.778222 -0.559213 -0.285747
-0.466712 -0.840886 -0.274027
0.325531 0.613999 -0.719052
-0.030945 0.574293 -0.818065
0.290518 0.777335 -0.557988
0.467090 0.145930 -0.872084
0.254476 -0.249456 -0.934352
0.187896 0.056020 -0.980590
0.458574 -0.713580 0.529635
0.210150 -0.755839 0.620116
0.416933 -0.891520 0.177084
-0.413765 -0.567888 0.711549
-0.810012 -0.551292 0.199893
-0.414334 -0.908867 -0.047823
0.952448 0.060724 -0.298590
0.990702 0.132082 -0.032616
0.973803 -0.217321 -0.066928
0.746406 -0.498446 -0.440942
0.788596 -0.584503 -0.190979
0.618744 -0.707439 -0.341594
-0.529625 0.470929 0.705495
-0.152385 0.459611 0.874950
-0.358120 0.315605 0.878717
-0.196654 0.620976 0.758760
0.147300 0.601351 0.785290
-0.276201 0.756970 0.592207
0.510646 -0.095590 0.854461
0.537168 -0.280228 0.795564
0.677950 -0.152802 0.719051
0.510646 -0.095590 0.854461
0.291319 -0.214156 0.932347
0.362758 -0.436769 0.823189
-0.040652 -0.406299 -0.912835
0.248208 -0.606529 -0.755325
-0.306848 -0.751624 -0.583871
-0.593743 -0.319438 -0.738532
-0.778732 -0.537610 -0.323346
-0.921775 0.145211 -0.359506
-0.549564 -0.756671 0.354159
-0.921723 -0.382388 0.064848
-0.403453 0.278606 0.871553
-0.653359 0.723558 -0.222679
-0.653853 0.097752 -0.750280
-0.419186 0.552231 -0.720641
-0.065126 -0.016505 -0.997740
-0.072809 -0.006054 -0.997327
0.358434 -0.106389 -0.927473
-0.920803 0.061871 -0.385089
-0.774619 -0.571536 -0.270762
-0.705951 0.144869 -0.693286
0.932793 -0.148252 -0.328511
0.738370 -0.566325 -0.366177
0.758640 -0.620668 0.198084
0.758640 -0.620668 0.198084
0.738370 -0.566325 -0.366177
0.443455 -0.855481 0.267393
-0.819161 -0.548460 -0.167829
-0.806053 -0.480196 -0.345963
-0.712204 -0.627034 -0.315584
-0.535781 -0.843755 0.031882
-0.579708 -0.772929 -0.257913
-0.853808 -0.520588 0.000413
0.516776 -0.625918 -0.584097
0.284400 -0.755312 -0.590441
0.420106 -0.834845 -0.355732
0.952728 -0.292728 -0.081365
0.709435 -0.700862 0.074128
0.881163 -0.462727 0.097136
-0.445202 0.772992 0.451971
-0.085901 0.912079 0.400916
-0.328444 0.900318 0.285572
-0.124072 0.726073 0.676332
-0.085901 0.912079 0.400916
-0.423889 0.623326 0.657102
0.516776 -0.625918 -0.584097
0.420106 -0.834845 -0.355732
0.664799 -0.673644 -0.322870
0.709435 -0.700862 0.074128
0.515890 -0.845201 -0.139620
0.430724 -0.902442 0.008644
-0.784821 -0.082150 -0.614253
-0.428525 0.310940 -0.848341
-0.329655 -0.334097 -0.883010
-0.074923 -0.080445 -0.993939
0.196939 -0.252586 -0.947320
0.238075 -0.622524 -0.745510
-0.935772 0.322660 0.142203
-0.895330 0.328544 -0.300736
-0.911295 0.284933 -0.297244
-0.983656 -0.060766 0.169491
-0.911576 -0.155200 -0.380713
-0.748094 -0.660322 -0.065798
-0.921775 0.145211 -0.359506
-0.778732 -0.537610 -0.323346
-0.983842 -0.168764 -0.059772
-0.796617 0.481784 -0.365084
-0.825094 0.550132 0.128739
-0.831948 0.497642 -0.245387
0.587783 -0.121730 -0.799808
0.712373 -0.181313 -0.677975
0.542940 -0.434499 -0.718629
0.326834 -0.611116 -0.720914
0.409846 -0.436107 -0.801147
0.361894 -0.397424 -0.843260
-0.242321 0.165043 -0.956055
0.204077 -0.139065 -0.969027
-0.074923 -0.080445 -0.993939
-0.242321 0.165043 -0.956055
-0.013300 0.015800 -0.999787
0.204077 -0.139065 -0.969027
0.621412 0.772115 0.132984
0.447853 0.884660 0.129630
0.506691 0.825645 0.248143
0.551565 0.824055 -0.129263
0.524847 0.800482 -0.289422
0.445608 0.884419 -0.138694
0.952448 0.060724 -0.298590
0.900369 0.335828 -0.276686
0.990702 0.132082 -0.032616
0.788072 0.610127 0.081779
0.803838 0.577109 -0.144185
0.647520 0.761532 -0.028045
0.495060 -0.682531 0.537649
0.758640 -0.620668 0.198084
0.443455 -0.855481 0.267393
0.608596 -0.704092 0.365875
0.443455 -0.855481 0.267393
0.660663 -0.744993 0.092247
-0.943661 -0.317915 -0.091839
-0.894618 -0.410217 -0.177148
-0.896080 -0.432757 -0.098807
-0.938747 0.108358 -0.327128
-0.926461 -0.238231 -0.291405
-0.943661 -0.317915 -0.091839
-0.031984 -0.683387 -0.729356
0.367714 -0.905196 -0.213089
-0.307298 -0.931217 -0.195968
-0.748094 -0.660322 -0.065798
-0.911576 -0.155200 -0.380713
-0.506711 -0.397578 -0.764968
0.837849 -0.412121 0.358002
0.761472 -0.648176 0.005313
0.563733 -0.628094 0.536379
0.707815 -0.638286 0.302635
0.654234 -0.756163 0.013923
0.761472 -0.648176 0.005313
-0.306909 -0.402189 -0.862584
0.012235 -0.286915 -0.957878
-0.255454 -0.004695 -0.966810
0.197805 -0.191629 -0.961328
0.254476 -0.249456 -0.934352
0.409846 -0.436107 -0.801147
-0.784821 -0.082150 -0.614253
-0.519381 -0.689226 -0.505184
-0.871066 -0.451045 -0.194429
-0.531294 0.570920 0.625920
-0.622229 0.717704 0.312622
-0.697423 0.705225 0.127509
-0.313286 -0.856445 0.410309
-0.146543 -0.461890 0.874747
-0.728265 -0.373515 0.574558
-0.146543 -0.461890 0.874747
0.398866 -0.643777 0.653036
0.458958 -0.303760 0.834917
-0.579708 -0.772929 -0.257913
-0.549564 -0.756671 0.354159
-0.436463 -0.812696 -0.386038
-0.242321 0.165043 -0.956055
-0.658571 0.167182 -0.733713
-0.283526 -0.415639 -0.864209
-0.798820 -0.119802 0.589520
-0.975309 0.218994 -0.028523
-0.810012 -0.551292 0.199893
-0.810012 -0.551292 0.199893
-0.413765 -0.567888 0.711549
-0.798820 -0.119802 0.589520
-0.436463 -0.812696 -0.386038
-0.549564 -0.756671 0.354159
-0.283526 -0.415639 -0.864209
0.604892 -0.751753 0.262629
0.505174 -0.718361 -0.478285
-0.283526 -0.415639 -0.864209
-0.958468 0.045977 -0.281468
-0.653359 0.723558 -0.222679
-0.648394 0.653555 0.390450
-0.653359 0.723558 -0.222679
-0.572952 0.797641 0.188403
-0.648394 0.653555 0.390450
0.727928 -0.592547 0.344977
0.793242 -0.574412 -0.202034
0.505174 -0.718361 -0.478285
0.433956 -0.860961 -0.265385
0.453041 -0.856513 0.247263
0.215276 -0.932270 0.290738
0.458958 -0.303760 0.834917
0.770441 -0.409402 0.488683
0.702566 -0.175354 0.689675
0.559052 -0.021603 0.828851
0.289141 -0.075770 0.954283
0.702566 -0.175354 0.689675
-0.774619 -0.571536 -0.270762
-0.737375 -0.500033 0.454142
-0.547983 -0.646658 -0.530611
-0.774619 -0.571536 -0.270762
-0.547983 -0.646658 -0.530611
-0.705951 0.144869 -0.693286
-0.358120 0.315605 0.878717
0.166628 0.257994 0.951669
-0.119974 0.122199 0.985228
-0.124072 0.726073 0.676332
0.017036 0.546818 0.837078
0.193005 0.870153 0.453413
-0.348731 0.381742 -0.855956
-0.261095 0.702150 -0.662431
-0.030945 0.574293 -0.818065
-0.483213 0.682194 -0.548741
-0.364952 0.863350 -0.348477
-0.132648 0.896409 -0.422912
0.504724 -0.141044 -0.851681
0.785503 -0.210968 -0.581788
0.586971 -0.383557 -0.712986
0.516776 -0.625918 -0.584097
0.664799 -0.673644 -0.322870
0.785503 -0.210968 -0.581788
0.409846 -0.436107 -0.801147
0.658196 -0.061112 -0.750362
0.197805 -0.191629 -0.961328
0.310238 0.179091 -0.933637
-0.083473 0.248317 -0.965075
-0.126106 0.404167 -0.905950
-0.783759 0.326396 -0.528381
-0.612242 0.358309 -0.704823
-0.751490 -0.026145 -0.659227
-0.612242 0.358309 -0.704823
-0.483213 0.682194 -0.548741
-0.261095 0.702150 -0.662431
0.445608 0.884419 -0.138694
0.340890 0.923249 -0.177213
0.398904 0.916918 -0.011686
0.494781 0.869006 0.004503
0.551565 0.824055 -0.129263
0.445608 0.884419 -0.138694
0.654234 -0.756163 0.013923
0.532502 -0.732110 -0.424802
0.620340 -0.720773 -0.309297
-0.149640 -0.981368 -0.120518
0.224384 -0.868622 -0.441754
0.373622 -0.922654 0.095478
-0.690529 0.133353 -0.710905
-0.927919 -0.358993 -0.100447
-0.521993 -0.295140 -0.800260
-0.657792 0.205524 -0.724617
-0.690529 0.133353 -0.710905
-0.436302 0.079179 -0.896310
-0.825094 0.550132 0.128739
-0.921775 0.145211 -0.359506
-0.914910 0.178443 0.362075
-0.560020 -0.072033 0.825342
-0.685967 0.452218 0.570042
-0.914910 0.178443 0.362075
0.457331 0.438662 -0.773579
0.467090 0.145930 -0.872084
0.187896 0.056020 -0.980590
0.607097 0.417683 -0.675998
0.596506 0.614415 -0.516406
0.706974 0.462311 -0.535216
0.955845 0.102595 0.275382
0.804675 0.511167 0.302004
0.814310 0.313271 0.488632
0.915856 0.395946 0.066592
0.990702 0.132082 -0.032616
0.900369 0.335828 -0.276686
-0.719486 0.616696 0.319414
-0.445202 0.772992 0.451971
-0.328444 0.900318 0.285572
-0.893142 0.448134 -0.038387
-0.801328 0.580589 0.144184
-0.599039 0.800273 -0.026735
0.720162 -0.626157 -0.298821
0.857018 -0.345579 -0.382224
0.881163 -0.462727 0.097136
0.416933 -0.891520 0.177084
0.610078 -0.785077 0.107047
0.458574 -0.713580 0.529635
0.810855 -0.578535 0.088385
0.749693 -0.533721 -0.391283
0.891689 -0.405886 -0.200368
0.810855 -0.578535 0.088385
0.321292 -0.912709 0.252457
0.367714 -0.905196 -0.213089
0.291319 -0.214156 0.932347
0.166446 -0.454983 0.874806
0.362758 -0.436769 0.823189
0.004935 -0.391872 0.920007
0.546459 -0.306394 0.779426
-0.088487 -0.591975 0.801084
0.559052 -0.021603 0.828851
0.702566 -0.175354 0.689675
0.863592 -0.033571 0.503073
0.205707 0.033101 0.978054
0.393165 -0.364598 0.844091
-0.018331 -0.390209 0.920544
-0.958468 0.045977 -0.281468
-0.653853 0.097752 -0.750280
-0.653359 0.723558 -0.222679
-0.958468 0.045977 -0.281468
-0.596683 -0.475342 -0.646544
-0.653853 0.097752 -0.750280
-0.268469 -0.381931 0.884338
-0.737375 -0.500033 0.454142
-0.559593 0.376479 0.738322
-0.737375 -0.500033 0.454142
-0.268469 -0.381931 0.884338
-0.547983 -0.646658 -0.530611
0.804675 0.511167 0.302004
0.656543 0.673268 0.340089
0.686520 0.454222 0.567779
0.538316 0.564798 0.625475
0.686520 0.454222 0.567779
0.567913 0.682480 0.460104
-0.704889 -0.300291 -0.642618
-0.806053 -0.480196 -0.345963
-0.835935 -0.298706 -0.460421
-0.943661 -0.317915 -0.091839
-0.926461 -0.238231 -0.291405
-0.894618 -0.410217 -0.177148
0.738407 0.120811 -0.663446
0.638190 0.205977 -0.741813
0.706974 0.462311 -0.535216
0.738407 0.120811 -0.663446
0.832711 0.258721 -0.489547
0.851116 -0.089657 -0.517265
-0.819161 -0.548460 -0.167829
-0.712204 -0.627034 -0.315584
-0.731523 -0.680187 -0.047118
-0.778222 -0.559213 -0.285747
-0.841810 -0.518031 0.151659
-0.743408 -0.600086 0.295368
0.546459 -0.306394 0.779426
0.563733 -0.628094 0.536379
-0.088487 -0.591975 0.801084
0.563733 -0.628094 0.536379
0.546459 -0.306394 0.779426
0.837849 -0.412121 0.358002
0.373622 -0.922654 0.095478
0.551708 -0.683125 0.478497
0.234950 -0.748151 0.620539
0.007539 -0.374047 0.927379
0.414526 -0.431673 0.801141
0.008525 -0.052417 0.998589
0.848007 0.030149 0.529127
0.862948 -0.256389 0.435415
0.955845 0.102595 0.275382
0.677950 -0.152802 0.719051
0.555400 -0.464884 0.689503
0.737217 -0.274930 0.617191
0.212549 -0.710176 0.671173
-0.007028 -0.243802 0.969799
0.315707 -0.607500 0.728885
-0.549564 -0.756671 0.354159
-0.403453 0.278606 0.871553
-0.007028 -0.243802 0.969799
-0.549564 -0.756671 0.354159
0.212549 -0.710176 0.671173
-0.283526 -0.415639 -0.864209
0.212549 -0.710176 0.671173
-0.549564 -0.756671 0.354159
-0.007028 -0.243802 0.969799
-0.559593 0.376479 0.738322
-0.436680 0.193530 0.878554
-0.301946 0.181484 0.935891
-0.268469 -0.381931 0.884338
-0.559593 0.376479 0.738322
-0.301946 0.181484 0.935891
-0.180148 -0.177375 -0.967515
-0.083473 0.248317 -0.965075
0.021271 -0.283666 -0.958687
-0.487797 0.682012 -0.544898
-0.419186 0.552231 -0.720641
-0.338164 0.304495 -0.890465
-0.572952 0.797641 0.188403
-0.712137 0.652439 -0.259200
-0.877357 0.248440 0.410515
-0.403453 0.278606 0.871553
-0.459176 0.570278 0.681132
-0.308529 0.183868 0.933275
-0.348731 0.381742 -0.855956
-0.030945 0.574293 -0.818065
-0.262278 0.119530 -0.957561
0.098729 0.308181 -0.946191
-0.030945 0.574293 -0.818065
0.325531 0.613999 -0.719052
0.017036 0.546818 0.837078
0.331925 0.691621 0.641472
0.193005 0.870153 0.453413
0.444460 0.808275 0.386195
0.506691 0.825645 0.248143
0.370862 0.896028 0.244122
0.261597 0.960859 -0.091194
0.042273 0.998415 -0.037149
0.248488 0.967920 0.037212
0.094892 0.980384 -0.172751
-0.138043 0.962543 -0.233354
0.042273 0.998415 -0.037149
0.343272 0.885524 -0.313068
0.164886 0.947604 -0.273603
0.340890 0.923249 -0.177213
0.261597 0.960859 -0.091194
0.094892 0.980384 -0.172751
0.042273 0.998415 -0.037149
-0.253631 0.050018 0.966007
-0.590707 0.119681 0.797961
-0.471290 0.032792 0.881368
-0.253631 0.050018 0.966007
-0.463740 -0.313249 0.828746
-0.590707 0.119681 0.797961
0.746406 -0.498446 -0.440942
0.904210 -0.275367 -0.326462
0.788596 -0.584503 -0.190979
0.712373 -0.181313 -0.677975
0.851116 -0.089657 -0.517265
0.685871 -0.429792 -0.587248
0.049090 0.242198 0.968984
-0.372767 0.433803 0.820280
-0.325717 0.236915 0.915303
-0.196654 0.620976 0.758760
-0.276201 0.756970 0.592207
-0.494403 0.650388 0.576681
-0.306848 -0.751624 -0.583871
-0.593743 -0.319438 -0.738532
-0.040652 -0.406299 -0.912835
-0.337419 -0.069937 -0.938753
-0.178721 -0.194751 -0.964433
-0.040652 -0.406299 -0.912835
-0.519381 -0.689226 -0.505184
-0.053558 -0.814883 -0.577146
-0.414334 -0.908867 -0.047823
-0.329655 -0.334097 -0.883010
-0.074923 -0.080445 -0.993939
0.238075 -0.622524 -0.745510
-0.774619 -0.571536 -0.270762
-0.633818 -0.748961 0.193216
-0.535781 -0.843755 0.031882
-0.731523 -0.680187 -0.047118
-0.633818 -0.748961 0.193216
-0.841810 -0.518031 0.151659
0.065025 -0.720882 0.690000
0.215276 -0.932270 0.290738
0.315707 -0.607500 0.728885
-0.427456 -0.758504 0.491888
-0.622008 -0.733141 -0.274974
-0.111175 -0.992331 0.054021
0.042273 0.998415 -0.037149
-0.221065 0.974590 0.036109
-0.103981 0.978831 0.176291
-0.801328 0.580589 0.144184
-0.473661 0.869139 0.142275
-0.599039 0.800273 -0.026735
0.193005 0.870153 0.453413
0.444460 0.808275 0.386195
0.370862 0.896028 0.244122
0.193005 0.870153 0.453413
0.370862 0.896028 0.244122
0.186531 0.948491 0.256070
-0.325717 0.236915 0.915303
0.008525 -0.052417 0.998589
0.049090 0.242198 0.968984
0.008525 -0.052417 0.998589
-0.560020 -0.072033 0.825342
0.007539 -0.374047 0.927379
-0.894781 -0.445144 0.034828
-0.819161 -0.548460 -0.167829
-0.731523 -0.680187 -0.047118
-0.943661 -0.317915 -0.091839
-0.896080 -0.432757 -0.098807
-0.894781 -0.445144 0.034828
-0.816855 0.348382 0.459758
-0.697423 0.705225 0.127509
-0.975309 0.218994 -0.028523
-0.614753 0.670406 -0.415494
-0.697423 0.705225 0.127509
-0.619473 0.754155 -0.217952
0.261379 -0.419517 0.869302
0.083095 -0.419819 0.903796
0.210150 -0.755839 0.620116
0.210150 -0.755839 0.620116
-0.413765 -0.567888 0.711549
-0.040224 -0.936766 0.347636
-0.319499 0.026203 -0.947224
-0.065126 -0.016505 -0.997740
0.099624 -0.203672 -0.973957
-0.506711 -0.397578 -0.764968
-0.031984 -0.683387 -0.729356
-0.307298 -0.931217 -0.195968
0.166628 0.257994 0.951669
-0.358120 0.315605 0.878717
-0.152385 0.459611 0.874950
0.487662 0.244636 0.838057
0.166628 0.257994 0.951669
0.147300 0.601351 0.785290
-0.828236 0.497886 -0.257165
-0.783759 0.326396 -0.528381
-0.938747 0.108358 -0.327128
-0.994045 0.002498 -0.108944
-0.938747 0.108358 -0.327128
-0.943661 -0.317915 -0.091839
-0.705951 0.144869 -0.693286
-0.547983 -0.646658 -0.530611
-0.454293 0.067585 -0.888285
-0.319499 0.026203 -0.947224
-0.705951 0.144869 -0.693286
-0.454293 0.067585 -0.888285
-0.119974 0.122199 0.985228
0.002385 -0.168498 0.985699
0.208420 0.042456 0.977117
0.436039 0.357025 0.826077
0.331925 0.691621 0.641472
0.218850 0.382738 0.897561
-0.778222 -0.559213 -0.285747
-0.927919 -0.358993 -0.100447
-0.841810 -0.518031 0.151659
-0.521993 -0.295140 -0.800260
-0.927919 -0.358993 -0.100447
-0.778222 -0.559213 -0.285747
0.848007 0.030149 0.529127
0.677950 -0.152802 0.719051
0.737217 -0.274930 0.617191
0.814310 0.313271 0.488632
0.686520 0.454222 0.567779
0.702487 0.127375 0.700206
-0.704889 -0.300291 -0.642618
-0.751490 -0.026145 -0.659227
-0.474954 -0.239667 -0.846745
-0.653853 0.097752 -0.750280
-0.596683 -0.475342 -0.646544
-0.306909 -0.402189 -0.862584
0.788072 0.610127 0.081779
0.647520 0.761532 -0.028045
0.621412 0.772115 0.132984
0.647520 0.761532 -0.028045
0.494781 0.869006 0.004503
0.621412 0.772115 0.132984
-0.308529 0.183868 0.933275
-0.459176 0.570278 0.681132
-0.877357 0.248440 0.410515
-0.866895 -0.367404 0.336909
-0.427456 -0.758504 0.491888
-0.477716 -0.234645 0.846599
-0.813427 -0.451218 0.367068
-0.778732 -0.537610 -0.323346
-0.563537 -0.818798 0.109526
-0.778732 -0.537610 -0.323346
-0.593743 -0.319438 -0.738532
-0.306848 -0.751624 -0.583871
0.409846 -0.436107 -0.801147
0.326834 -0.611116 -0.720914
0.505174 -0.718361 -0.478285
0.793242 -0.574412 -0.202034
0.852834 -0.366900 -0.371562
0.505174 -0.718361 -0.478285
-0.808478 0.578467 -0.108343
-0.784016 0.619650 0.036774
-0.606081 0.742580 0.285027
-0.825094 0.550132 0.128739
-0.672474 0.662214 0.330532
-0.784016 0.619650 0.036774
0.504724 -0.141044 -0.851681
0.586971 -0.383557 -0.712986
0.204077 -0.139065 -0.969027
0.196939 -0.252586 -0.947320
0.424942 -0.582660 -0.692770
0.238075 -0.622524 -0.745510
-0.673782 -0.057254 -0.736708
-0.487797 0.682012 -0.544898
-0.338164 0.304495 -0.890465
-0.877357 0.248440 0.410515
-0.712137 0.652439 -0.259200
-0.972763 -0.074703 -0.219435
0.609682 -0.535843 0.584089
0.805868 -0.318833 0.498921
0.442618 -0.207562 0.872357
0.881163 -0.462727 0.097136
0.609682 -0.535843 0.584089
0.610078 -0.785077 0.107047
0.788596 -0.584503 -0.190979
0.904210 -0.275367 -0.326462
0.973803 -0.217321 -0.066928
0.608596 -0.704092 0.365875
0.660663 -0.744993 0.092247
0.788906 -0.543435 0.286891
-0.935186 -0.306958 0.176648
-0.995147 -0.077399 0.060754
-0.901388 -0.048243 0.430317
-0.858747 0.333604 0.388925
-0.698290 0.233133 0.676787
-0.901388 -0.048243 0.430317
0.210150 -0.755839 0.620116
-0.040224 -0.936766 0.347636
0.416933 -0.891520 0.177084
-0.414334 -0.908867 -0.047823
-0.053558 -0.814883 -0.577146
0.302944 -0.920888 -0.245338
-0.808478 0.578467 -0.108343
-0.838886 0.241096 -0.487999
-0.831948 0.497642 -0.245387
-0.858747 0.333604 0.388925
-0.901388 -0.048243 0.430317
-0.995147 -0.077399 0.060754
-0.622008 -0.733141 -0.274974
-0.187659 -0.697051 -0.692029
-0.111175 -0.992331 0.054021
-0.673782 -0.057254 -0.736708
-0.187659 -0.697051 -0.692029
-0.622008 -0.733141 -0.274974
0.186531 0.948491 0.256070
0.370862 0.896028 0.244122
0.333691 0.932304 0.139495
0.042273 0.998415 -0.037149
0.103731 0.981636 0.160094
0.248488 0.967920 0.037212
0.749693 -0.533721 -0.391283
0.810855 -0.578535 0.088385
0.367714 -0.905196 -0.213089
0.409507 -0.561185 -0.719288
0.749693 -0.533721 -0.391283
0.367714 -0.905196 -0.213089
0.660663 -0.744993 0.092247
0.515890 -0.845201 -0.139620
0.788596 -0.584503 -0.190979
0.660663 -0.744993 0.092247
0.788596 -0.584503 -0.190979
0.852307 -0.522287 0.028101
-0.685967 0.452218 0.570042
-0.825094 0.550132 0.128739
-0.914910 0.178443 0.362075
-0.825094 0.550132 0.128739
-0.685967 0.452218 0.570042
-0.672474 0.662214 0.330532
0.508482 0.720416 -0.471643
0.325531 0.613999 -0.719052
0.290518 0.777335 -0.557988
0.596506 0.614415 -0.516406
0.607097 0.417683 -0.675998
0.457331 0.438662 -0.773579
0.487662 0.244636 0.838057
0.049090 0.242198 0.968984
0.474055 -0.148044 0.867960
0.487662 0.244636 0.838057
0.739860 -0.077234 0.668313
0.503012 0.079807 0.860587
0.474055 -0.148044 0.867960
0.620585 -0.433696 0.653286
0.739860 -0.077234 0.668313
0.487662 0.244636 0.838057
0.474055 -0.148044 0.867960
0.739860 -0.077234 0.668313
-0.471290 0.032792 0.881368
-0.772931 0.231961 0.590569
-0.728265 -0.373515 0.574558
-0.935772 0.322660 0.142203
-0.911295 0.284933 -0.297244
-0.983656 -0.060766 0.169491
-0.419186 0.552231 -0.720641
-0.126106 0.404167 -0.905950
-0.083473 0.248317 -0.965075
-0.338164 0.304495 -0.890465
-0.419186 0.552231 -0.720641
-0.083473 0.248317 -0.965075
0.621412 0.772115 0.132984
0.804675 0.511167 0.302004
0.788072 0.610127 0.081779
0.804675 0.511167 0.302004
0.955845 0.102595 0.275382
0.915856 0.395946 0.066592
0.852834 -0.366900 -0.371562
0.658196 -0.061112 -0.750362
0.409846 -0.436107 -0.801147
0.409846 -0.436107 -0.801147
0.505174 -0.718361 -0.478285
0.852834 -0.366900 -0.371562
0.210150 -0.755839 0.620116
0.083095 -0.419819 0.903796
-0.413765 -0.567888 0.711549
-0.178333 -0.067567 0.981647
-0.436680 0.193530 0.878554
-0.413765 -0.567888 0.711549
-0.167378 -0.144836 -0.975196
0.187896 0.056020 -0.980590
0.012235 -0.286915 -0.957878
-0.030945 0.574293 -0.818065
0.098729 0.308181 -0.946191
-0.262278 0.119530 -0.957561
0.555400 -0.464884 0.689503
0.677950 -0.152802 0.719051
0.537168 -0.280228 0.795564
0.555400 -0.464884 0.689503
0.362758 -0.436769 0.823189
0.394937 -0.595549 0.699533
0.810855 -0.578535 0.088385
0.891689 -0.405886 -0.200368
0.936306 -0.248218 0.248431
0.988696 -0.090578 0.119484
0.936306 -0.248218 0.248431
0.932793 -0.148252 -0.328511
-0.428525 0.310940 -0.848341
-0.074923 -0.080445 -0.993939
-0.329655 -0.334097 -0.883010
-0.428525 0.310940 -0.848341
-0.242321 0.165043 -0.956055
-0.074923 -0.080445 -0.993939
-0.306848 -0.751624 -0.583871
0.224384 -0.868622 -0.441754
-0.149640 -0.981368 -0.120518
-0.563537 -0.818798 0.109526
-0.778732 -0.537610 -0.323346
-0.306848 -0.751624 -0.583871
0.343272 0.885524 -0.313068
0.508482 0.720416 -0.471643
0.290518 0.777335 -0.557988
0.079925 0.866967 -0.491915
0.164886 0.947604 -0.273603
0.343272 0.885524 -0.313068
0.832711 0.258721 -0.489547
0.706974 0.462311 -0.535216
0.773491 0.527549 -0.351289
0.832711 0.258721 -0.489547
0.738407 0.120811 -0.663446
0.706974 0.462311 -0.535216
0.568867 -0.302585 -0.764743
0.099624 -0.203672 -0.973957
0.358434 -0.106389 -0.927473
0.358434 -0.106389 -0.927473
0.738370 -0.566325 -0.366177
0.702168 -0.208505 -0.680798
-0.445202 0.772992 0.451971
-0.719486 0.616696 0.319414
-0.775508 0.402934 0.486037
-0.423889 0.623326 0.657102
-0.698290 0.233133 0.676787
-0.358120 0.315605 0.878717
-0.088487 -0.591975 0.801084
-0.463740 -0.313249 0.828746
-0.018331 -0.390209 0.920544
-0.215102 0.019916 0.976388
-0.463740 -0.313249 0.828746
-0.253631 0.050018 0.966007
-0.835935 -0.298706 -0.460421
-0.751490 -0.026145 -0.659227
-0.704889 -0.300291 -0.642618
-0.783759 0.326396 -0.528381
-0.751490 -0.026145 -0.659227
-0.868210 -0.030023 -0.495287
0.542940 -0.434499 -0.718629
0.326834 -0.611116 -0.720914
0.361894 -0.397424 -0.843260
0.542940 -0.434499 -0.718629
0.685871 -0.429792 -0.587248
0.507473 -0.664339 -0.548748
0.603828 0.285050 0.744405
0.443135 0.071933 0.893564
0.510646 -0.095590 0.854461
0.603828 0.285050 0.744405
0.510646 -0.095590 0.854461
0.702487 0.127375 0.700206
0.099624 -0.203672 -0.973957
-0.506711 -0.397578 -0.764968
-0.319499 0.026203 -0.947224
-0.703430 0.142963 -0.696238
-0.319499 0.026203 -0.947224
-0.506711 -0.397578 -0.764968
0.248593 -0.548554 0.798305
0.639173 -0.553180 0.534275
0.263639 -0.960092 0.093370
0.442618 -0.207562 0.872357
0.639173 -0.553180 0.534275
0.248593 -0.548554 0.798305
0.453041 -0.856513 0.247263
0.433956 -0.860961 -0.265385
0.793242 -0.574412 -0.202034
0.638526 -0.372842 -0.673256
0.793242 -0.574412 -0.202034
0.433956 -0.860961 -0.265385
0.291464 -0.651141 -0.700760
0.263639 -0.960092 0.093370
0.738370 -0.566325 -0.366177
0.291464 -0.651141 -0.700760
0.738370 -0.566325 -0.366177
0.358434 -0.106389 -0.927473
-0.253631 0.050018 0.966007
-0.471290 0.032792 0.881368
0.005223 -0.062449 0.998034
-0.471290 0.032792 0.881368
-0.728265 -0.373515 0.574558
-0.146543 -0.461890 0.874747
-0.313286 -0.856445 0.410309
0.398866 -0.643777 0.653036
-0.146543 -0.461890 0.874747
-0.313286 -0.856445 0.410309
0.367714 -0.905196 -0.213089
0.321292 -0.912709 0.252457
-0.013300 0.015800 -0.999787
0.217440 -0.598828 -0.770795
0.504724 -0.141044 -0.851681
0.504724 -0.141044 -0.851681
0.516776 -0.625918 -0.584097
0.785503 -0.210968 -0.581788
-0.124072 0.726073 0.676332
-0.423889 0.623326 0.657102
-0.358120 0.315605 0.878717
-0.124072 0.726073 0.676332
-0.358120 0.315605 0.878717
0.017036 0.546818 0.837078
0.049090 0.242198 0.968984
0.487662 0.244636 0.838057
0.149954 0.524511 0.838094
-0.196654 0.620976 0.758760
-0.372767 0.433803 0.820280
0.049090 0.242198 0.968984
-0.413765 -0.567888 0.711549
-0.436680 0.193530 0.878554
-0.798820 -0.119802 0.589520
-0.816855 0.348382 0.459758
-0.531294 0.570920 0.625920
-0.697423 0.705225 0.127509
-0.057934 -0.481325 -0.874625
0.197682 -0.594520 -0.779402
-0.040652 -0.406299 -0.912835
-0.057934 -0.481325 -0.874625
-0.466712 -0.840886 -0.274027
0.197682 -0.594520 -0.779402
-0.325717 0.236915 0.915303
-0.685967 0.452218 0.570042
-0.560020 -0.072033 0.825342
-0.325717 0.236915 0.915303
-0.560020 -0.072033 0.825342
0.008525 -0.052417 0.998589
-0.800493 0.369695 -0.471737
-0.614753 0.670406 -0.415494
-0.428525 0.310940 -0.848341
-0.697423 0.705225 0.127509
-0.614753 0.670406 -0.415494
-0.975309 0.218994 -0.028523
-0.619473 0.754155 -0.217952
-0.457406 0.517358 -0.723271
-0.614753 0.670406 -0.415494
-0.897471 0.388297 -0.209218
-0.658571 0.167182 -0.733713
-0.745806 0.236320 -0.622837
-0.403453 0.278606 0.871553
-0.921723 -0.382388 0.064848
-0.648394 0.653555 0.390450
-0.459176 0.570278 0.681132
-0.403453 0.278606 0.871553
-0.648394 0.653555 0.390450
0.099624 -0.203672 -0.973957
0.568867 -0.302585 -0.764743
0.409507 -0.561185 -0.719288
-0.506711 -0.397578 -0.764968
0.099624 -0.203672 -0.973957
-0.031984 -0.683387 -0.729356
0.788906 -0.543435 0.286891
0.660663 -0.744993 0.092247
0.852307 -0.522287 0.028101
0.946546 -0.250364 0.203393
0.862948 -0.256389 0.435415
0.788906 -0.543435 0.286891
0.079925 0.866967 -0.491915
-0.261095 0.702150 -0.662431
-0.132648 0.896409 -0.422912
-0.261095 0.702150 -0.662431
-0.483213 0.682194 -0.548741
-0.132648 0.896409 -0.422912
-0.901388 -0.048243 0.430317
-0.952259 0.131191 0.275667
-0.935186 -0.306958 0.176648
-0.991692 0.066503 0.110108
-0.994045 0.002498 -0.108944
-0.953849 -0.297908 0.037712
-0.908550 -0.403775 0.107247
-0.922835 -0.384443 0.024074
-0.894781 -0.445144 0.034828
-0.991692 0.066503 0.110108
-0.953849 -0.297908 0.037712
-0.935186 -0.306958 0.176648
-0.731523 -0.680187 -0.047118
-0.579708 -0.772929 -0.257913
-0.535781 -0.843755 0.031882
-0.633818 -0.748961 0.193216
-0.731523 -0.680187 -0.047118
-0.535781 -0.843755 0.031882
0.507473 -0.664339 -0.548748
0.326834 -0.611116 -0.720914
0.542940 -0.434499 -0.718629
0.284400 -0.755312 -0.590441
0.507473 -0.664339 -0.548748
0.420106 -0.834845 -0.355732
-0.784016 0.619650 0.036774
-0.672474 0.662214 0.330532
-0.606081 0.742580 0.285027
-0.494403 0.650388 0.576681
-0.606081 0.742580 0.285027
-0.672474 0.662214 0.330532
0.436039 0.357025 0.826077
0.538316 0.564798 0.625475
0.331925 0.691621 0.641472
0.538316 0.564798 0.625475
0.567913 0.682480 0.460104
0.444460 0.808275 0.386195
-0.477716 -0.234645 0.846599
-0.427456 -0.758504 0.491888
0.065025 -0.720882 0.690000
-0.427456 -0.758504 0.491888
-0.111175 -0.992331 0.054021
0.065025 -0.720882 0.690000
-0.893142 0.448134 -0.038387
-0.599039 0.800273 -0.026735
-0.828236 0.497886 -0.257165
-0.828236 0.497886 -0.257165
-0.938747 0.108358 -0.327128
-0.994045 0.002498 -0.108944
-0.783759 0.326396 -0.528381
-0.483213 0.682194 -0.548741
-0.612242 0.358309 -0.704823
-0.828236 0.497886 -0.257165
-0.662400 0.622383 -0.416971
-0.783759 0.326396 -0.528381
-0.921775 0.145211 -0.359506
-0.657792 0.205524 -0.724617
-0.593743 -0.319438 -0.738532
-0.657792 0.205524 -0.724617
-0.436302 0.079179 -0.896310
-0.337419 -0.069937 -0.938753
0.442618 -0.207562 0.872357
0.248593 -0.548554 0.798305
0.032240 -0.068907 0.997102
0.442618 -0.207562 0.872357
0.261379 -0.419517 0.869302
0.609682 -0.535843 0.584089
0.254476 -0.249456 -0.934352
0.476788 -0.082687 -0.875121
0.361894 -0.397424 -0.843260
0.542940 -0.434499 -0.718629
0.361894 -0.397424 -0.843260
0.587783 -0.121730 -0.799808
0.467090 0.145930 -0.872084
0.638190 0.205977 -0.741813
0.587783 -0.121730 -0.799808
0.467090 0.145930 -0.872084
0.457331 0.438662 -0.773579
0.607097 0.417683 -0.675998
0.915856 0.395946 0.066592
0.955845 0.102595 0.275382
0.990702 0.132082 -0.032616
0.990702 0.132082 -0.032616
0.955845 0.102595 0.275382
0.973803 -0.217321 -0.066928
0.702566 -0.175354 0.689675
0.289141 -0.075770 0.954283
0.458958 -0.303760 0.834917
0.005223 -0.062449 0.998034
0.458958 -0.303760 0.834917
0.289141 -0.075770 0.954283
-0.698290 0.233133 0.676787
-0.423889 0.623326 0.657102
-0.775508 0.402934 0.486037
-0.901388 -0.048243 0.430317
-0.698290 0.233133 0.676787
-0.775508 0.402934 0.486037
0.017036 0.546818 0.837078
-0.358120 0.315605 0.878717
-0.119974 0.122199 0.985228
0.208420 0.042456 0.977117
0.218850 0.382738 0.897561
-0.119974 0.122199 0.985228
0.654234 -0.756163 0.013923
0.620340 -0.720773 -0.309297
0.761472 -0.648176 0.005313
0.620340 -0.720773 -0.309297
0.355467 -0.916733 0.182327
0.761472 -0.648176 0.005313
0.604892 -0.751753 0.262629
0.315707 -0.607500 0.728885
0.727928 -0.592547 0.344977
0.453041 -0.856513 0.247263
0.315707 -0.607500 0.728885
0.215276 -0.932270 0.290738
0.324680 -0.050315 -0.944485
0.658196 -0.061112 -0.750362
0.638526 -0.372842 -0.673256
0.257833 -0.635627 -0.727668
0.638526 -0.372842 -0.673256
0.433956 -0.860961 -0.265385
-0.563537 -0.818798 0.109526
-0.306848 -0.751624 -0.583871
-0.149640 -0.981368 -0.120518
-0.563537 -0.818798 0.109526
-0.149640 -0.981368 -0.120518
-0.098930 -0.914821 0.391555
0.621412 0.772115 0.132984
0.506691 0.825645 0.248143
0.656543 0.673268 0.340089
0.506691 0.825645 0.248143
0.444460 0.808275 0.386195
0.567913 0.682480 0.460104
-0.322073 -0.684382 0.654133
-0.573210 -0.696391 0.431821
-0.787302 -0.279573 0.549540
-0.787302 -0.279573 0.549540
-0.573210 -0.696391 0.431821
-0.919173 -0.380918 0.100114
-0.132648 0.896409 -0.422912
-0.364952 0.863350 -0.348477
-0.138043 0.962543 -0.233354
-0.523479 0.822273 -0.223243
-0.275407 0.953645 -0.121290
-0.138043 0.962543 -0.233354
0.103731 0.981636 0.160094
0.186531 0.948491 0.256070
0.333691 0.932304 0.139495
-0.085901 0.912079 0.400916
0.186531 0.948491 0.256070
0.103731 0.981636 0.160094
-0.994045 0.002498 -0.108944
-0.991692 0.066503 0.110108
-0.893142 0.448134 -0.038387
-0.994045 0.002498 -0.108944
-0.893142 0.448134 -0.038387
-0.828236 0.497886 -0.257165
0.621412 0.772115 0.132984
0.494781 0.869006 0.004503
0.447853 0.884660 0.129630
0.398904 0.916918 -0.011686
0.333691 0.932304 0.139495
0.447853 0.884660 0.129630
0.414526 -0.431673 0.801141
0.551708 -0.683125 0.478497
0.620585 -0.433696 0.653286
0.234950 -0.748151 0.620539
0.551708 -0.683125 0.478497
0.414526 -0.431673 0.801141
-0.187659 -0.697051 -0.692029
0.257833 -0.635627 -0.727668
0.175146 -0.896541 -0.406864
-0.187659 -0.697051 -0.692029
0.175146 -0.896541 -0.406864
-0.111175 -0.992331 0.054021
-0.523479 0.822273 -0.223243
-0.599039 0.800273 -0.026735
-0.275407 0.953645 -0.121290
-0.221065 0.974590 0.036109
-0.599039 0.800273 -0.026735
-0.473661 0.869139 0.142275
-0.712204 -0.627034 -0.315584
-0.579708 -0.772929 -0.257913
-0.731523 -0.680187 -0.047118
-0.712204 -0.627034 -0.315584
-0.921723 -0.382388 0.064848
-0.579708 -0.772929 -0.257913
0.004935 -0.391872 0.920007
0.166446 -0.454983 0.874806
0.291319 -0.214156 0.932347
0.208420 0.042456 0.977117
0.002385 -0.168498 0.985699
0.291319 -0.214156 0.932347
-0.167378 -0.144836 -0.975196
-0.306909 -0.402189 -0.862584
-0.474954 -0.239667 -0.846745
-0.596683 -0.475342 -0.646544
-0.474954 -0.239667 -0.846745
-0.306909 -0.402189 -0.862584
-0.313286 -0.856445 0.410309
-0.748094 -0.660322 -0.065798
-0.307298 -0.931217 -0.195968
-0.748094 -0.660322 -0.065798
-0.506711 -0.397578 -0.764968
-0.307298 -0.931217 -0.195968
0.524847 0.800482 -0.289422
0.636421 0.680252 -0.363629
0.508482 0.720416 -0.471643
0.551565 0.824055 -0.129263
0.636421 0.680252 -0.363629
0.524847 0.800482 -0.289422
0.709435 -0.700862 0.074128
0.805868 -0.318833 0.498921
0.881163 -0.462727 0.097136
0.805868 -0.318833 0.498921
0.609682 -0.535843 0.584089
0.881163 -0.462727 0.097136
0.504724 -0.141044 -0.851681
0.217440 -0.598828 -0.770795
0.516776 -0.625918 -0.584097
0.217440 -0.598828 -0.770795
0.284400 -0.755312 -0.590441
0.516776 -0.625918 -0.584097
-0.338164 0.304495 -0.890465
-0.083473 0.248317 -0.965075
-0.180148 -0.177375 -0.967515
-0.338164 0.304495 -0.890465
-0.180148 -0.177375 -0.967515
-0.673782 -0.057254 -0.736708
0.551708 -0.683125 0.478497
0.373622 -0.922654 0.095478
0.654234 -0.756163 0.013923
0.373622 -0.922654 0.095478
0.532502 -0.732110 -0.424802
0.654234 -0.756163 0.013923
0.891689 -0.405886 -0.200368
0.702168 -0.208505 -0.680798
0.932793 -0.148252 -0.328511
0.932793 -0.148252 -0.328511
0.936306 -0.248218 0.248431
0.891689 -0.405886 -0.200368
-0.535781 -0.843755 0.031882
-0.853808 -0.520588 0.000413
-0.737375 -0.500033 0.454142
-0.737375 -0.500033 0.454142
-0.853808 -0.520588 0.000413
-0.559593 0.376479 0.738322
0.702487 0.127375 0.700206
0.677950 -0.152802 0.719051
0.848007 0.030149 0.529127
0.510646 -0.095590 0.854461
0.677950 -0.152802 0.719051
0.702487 0.127375 0.700206
0.494781 0.869006 0.004503
0.398904 0.916918 -0.011686
0.447853 0.884660 0.129630
0.445608 0.884419 -0.138694
0.398904 0.916918 -0.011686
0.494781 0.869006 0.004503
0.430724 -0.902442 0.008644
0.660663 -0.744993 0.092247
0.443455 -0.855481 0.267393
0.443455 -0.855481 0.267393
0.738370 -0.566325 -0.366177
0.263639 -0.960092 0.093370
0.284400 -0.755312 -0.590441
0.326834 -0.611116 -0.720914
0.507473 -0.664339 -0.548748
0.326834 -0.611116 -0.720914
0.284400 -0.755312 -0.590441
0.505174 -0.718361 -0.478285
-0.796617 0.481784 -0.365084
-0.657792 0.205524 -0.724617
-0.921775 0.145211 -0.359506
-0.796617 0.481784 -0.365084
-0.921775 0.145211 -0.359506
-0.825094 0.550132 0.128739
-0.841810 -0.518031 0.151659
-0.894781 -0.445144 0.034828
-0.731523 -0.680187 -0.047118
-0.894781 -0.445144 0.034828
-0.841810 -0.518031 0.151659
-0.908550 -0.403775 0.107247
0.005223 -0.062449 0.998034
-0.471290 0.032792 0.881368
-0.146543 -0.461890 0.874747
-0.146543 -0.461890 0.874747
0.458958 -0.303760 0.834917
0.005223 -0.062449 0.998034
-0.772931 0.231961 0.590569
-0.935772 0.322660 0.142203
-0.983656 -0.060766 0.169491
-0.772931 0.231961 0.590569
-0.833519 0.160321 0.528719
-0.935772 0.322660 0.142203
-0.927205 0.333421 0.170650
-0.895330 0.328544 -0.300736
-0.935772 0.322660 0.142203
-0.919173 -0.380918 0.100114
-0.920803 0.061871 -0.385089
-0.996152 0.049893 0.072051
-0.083473 0.248317 -0.965075
0.324680 -0.050315 -0.944485
0.021271 -0.283666 -0.958687
0.257833 -0.635627 -0.727668
0.324680 -0.050315 -0.944485
0.638526 -0.372842 -0.673256
0.197805 -0.191629 -0.961328
0.658196 -0.061112 -0.750362
0.310238 0.179091 -0.933637
0.310238 0.179091 -0.933637
0.658196 -0.061112 -0.750362
0.324680 -0.050315 -0.944485
-0.775508 0.402934 0.486037
-0.423889 0.623326 0.657102
-0.445202 0.772992 0.451971
-0.445202 0.772992 0.451971
-0.423889 0.623326 0.657102
-0.085901 0.912079 0.400916
0.538316 0.564798 0.625475
0.444460 0.808275 0.386195
0.331925 0.691621 0.641472
0.193005 0.870153 0.453413
0.331925 0.691621 0.641472
0.444460 0.808275 0.386195
-0.098930 -0.914821 0.391555
-0.438912 -0.616307 0.653852
-0.563537 -0.818798 0.109526
0.414526 -0.431673 0.801141
0.007539 -0.374047 0.927379
0.234950 -0.748151 0.620539
-0.255454 -0.004695 -0.966810
0.197805 -0.191629 -0.961328
0.310238 0.179091 -0.933637
0.012235 -0.286915 -0.957878
0.197805 -0.191629 -0.961328
-0.255454 -0.004695 -0.966810
-0.560020 -0.072033 0.825342
-0.914910 0.178443 0.362075
-0.813427 -0.451218 0.367068
-0.813427 -0.451218 0.367068
-0.983842 -0.168764 -0.059772
-0.778732 -0.537610 -0.323346
0.393165 -0.364598 0.844091
0.559052 -0.021603 0.828851
0.612585 -0.478396 0.629187
0.394937 -0.595549 0.699533
0.168685 -0.604232 0.778748
0.393165 -0.364598 0.844091
0.393165 -0.364598 0.844091
0.612585 -0.478396 0.629187
0.394937 -0.595549 0.699533
0.495060 -0.682531 0.537649
0.394937 -0.595549 0.699533
0.612585 -0.478396 0.629187
0.004935 -0.391872 0.920007
-0.088487 -0.591975 0.801084
0.166446 -0.454983 0.874806
0.168685 -0.604232 0.778748
-0.088487 -0.591975 0.801084
-0.018331 -0.390209 0.920544
0.302944 -0.920888 -0.245338
0.501461 -0.795965 -0.339081
0.416933 -0.891520 0.177084
-0.040224 -0.936766 0.347636
0.302944 -0.920888 -0.245338
0.416933 -0.891520 0.177084
-0.559593 0.376479 0.738322
-0.853808 -0.520588 0.000413
-0.903854 0.333688 0.267770
-0.559593 0.376479 0.738322
-0.622229 0.717704 0.312622
-0.531294 0.570920 0.625920
-0.858747 0.333604 0.388925
-0.995147 -0.077399 0.060754
-0.808478 0.578467 -0.108343
-0.808478 0.578467 -0.108343
-0.606081 0.742580 0.285027
-0.858747 0.333604 0.388925
0.248208 -0.606529 -0.755325
0.418393 -0.681361 -0.600578
0.532502 -0.732110 -0.424802
0.224384 -0.868622 -0.441754
0.532502 -0.732110 -0.424802
0.373622 -0.922654 0.095478
0.254476 -0.249456 -0.934352
0.197805 -0.191629 -0.961328
0.012235 -0.286915 -0.957878
0.012235 -0.286915 -0.957878
0.187896 0.056020 -0.980590
0.254476 -0.249456 -0.934352
0.702168 -0.208505 -0.680798
0.568867 -0.302585 -0.764743
0.358434 -0.106389 -0.927473
0.749693 -0.533721 -0.391283
0.568867 -0.302585 -0.764743
0.702168 -0.208505 -0.680798
-0.262278 0.119530 -0.957561
0.187896 0.056020 -0.980590
-0.167378 -0.144836 -0.975196
-0.262278 0.119530 -0.957561
-0.167378 -0.144836 -0.975196
-0.474954 -0.239667 -0.846745
0.263639 -0.960092 0.093370
0.709435 -0.700862 0.074128
0.430724 -0.902442 0.008644
0.443455 -0.855481 0.267393
0.263639 -0.960092 0.093370
0.430724 -0.902442 0.008644
-0.920803 0.061871 -0.385089
-0.919173 -0.380918 0.100114
-0.774619 -0.571536 -0.270762
-0.919173 -0.380918 0.100114
-0.633818 -0.748961 0.193216
-0.774619 -0.571536 -0.270762
-0.658571 0.167182 -0.733713
-0.436463 -0.812696 -0.386038
-0.283526 -0.415639 -0.864209
-0.897471 0.388297 -0.209218
-0.949482 0.234297 -0.208781
-0.658571 0.167182 -0.733713
0.851116 -0.089657 -0.517265
0.904210 -0.275367 -0.326462
0.746406 -0.498446 -0.440942
0.851116 -0.089657 -0.517265
0.832711 0.258721 -0.489547
0.952448 0.060724 -0.298590
0.586971 -0.383557 -0.712986
0.196939 -0.252586 -0.947320
0.204077 -0.139065 -0.969027
0.204077 -0.139065 -0.969027
0.196939 -0.252586 -0.947320
-0.074923 -0.080445 -0.993939
0.416933 -0.891520 0.177084
0.501461 -0.795965 -0.339081
0.610078 -0.785077 0.107047
0.610078 -0.785077 0.107047
0.720162 -0.626157 -0.298821
0.881163 -0.462727 0.097136
-0.556856 0.024030 -0.830262
-0.348731 0.381742 -0.855956
-0.262278 0.119530 -0.957561
-0.751490 -0.026145 -0.659227
-0.612242 0.358309 -0.704823
-0.556856 0.024030 -0.830262
0.261597 0.960859 -0.091194
0.340890 0.923249 -0.177213
0.164886 0.947604 -0.273603
0.398904 0.916918 -0.011686
0.340890 0.923249 -0.177213
0.261597 0.960859 -0.091194
-0.921723 -0.382388 0.064848
-0.958468 0.045977 -0.281468
-0.648394 0.653555 0.390450
-0.690737 -0.569891 -0.445091
-0.921723 -0.382388 0.064848
-0.712204 -0.627034 -0.315584
0.673110 0.710440 -0.205421
0.636421 0.680252 -0.363629
0.551565 0.824055 -0.129263
0.647520 0.761532 -0.028045
0.551565 0.824055 -0.129263
0.494781 0.869006 0.004503
-0.438912 -0.616307 0.653852
0.007539 -0.374047 0.927379
-0.560020 -0.072033 0.825342
0.007539 -0.374047 0.927379
-0.438912 -0.616307 0.653852
0.234950 -0.748151 0.620539
0.208420 0.042456 0.977117
0.291319 -0.214156 0.932347
0.443135 0.071933 0.893564
0.436039 0.357025 0.826077
0.218850 0.382738 0.897561
0.208420 0.042456 0.977117
-0.328444 0.900318 0.285572
-0.085901 0.912079 0.400916
-0.103981 0.978831 0.176291
-0.221065 0.974590 0.036109
-0.473661 0.869139 0.142275
-0.103981 0.978831 0.176291
-0.494403 0.650388 0.576681
-0.685967 0.452218 0.570042
-0.372767 0.433803 0.820280
-0.372767 0.433803 0.820280
-0.196654 0.620976 0.758760
-0.494403 0.650388 0.576681
-0.866895 -0.367404 0.336909
-0.477716 -0.234645 0.846599
-0.877357 0.248440 0.410515
-0.877357 0.248440 0.410515
-0.972763 -0.074703 -0.219435
-0.866895 -0.367404 0.336909
-0.975309 0.218994 -0.028523
-0.614753 0.670406 -0.415494
-0.800493 0.369695 -0.471737
-0.975309 0.218994 -0.028523
-0.784821 -0.082150 -0.614253
-0.871066 -0.451045 -0.194429
0.832711 0.258721 -0.489547
0.773491 0.527549 -0.351289
0.900369 0.335828 -0.276686
0.900369 0.335828 -0.276686
0.803838 0.577109 -0.144185
0.915856 0.395946 0.066592
-0.262278 0.119530 -0.957561
0.098729 0.308181 -0.946191
0.187896 0.056020 -0.980590
0.098729 0.308181 -0.946191
0.457331 0.438662 -0.773579
0.187896 0.056020 -0.980590
0.420106 -0.834845 -0.355732
0.507473 -0.664339 -0.548748
0.618744 -0.707439 -0.341594
0.709435 -0.700862 0.074128
0.420106 -0.834845 -0.355732
0.515890 -0.845201 -0.139620
-0.018331 -0.390209 0.920544
-0.463740 -0.313249 0.828746
-0.215102 0.019916 0.976388
0.205707 0.033101 0.978054
-0.018331 -0.390209 0.920544
-0.215102 0.019916 0.976388
-0.559593 0.376479 0.738322
-0.531294 0.570920 0.625920
-0.436680 0.193530 0.878554
-0.436680 0.193530 0.878554
-0.531294 0.570920 0.625920
-0.816855 0.348382 0.459758
0.567913 0.682480 0.460104
0.686520 0.454222 0.567779
0.656543 0.673268 0.340089
0.567913 0.682480 0.460104
0.656543 0.673268 0.340089
0.506691 0.825645 0.248143
-0.329655 -0.334097 -0.883010
-0.053558 -0.814883 -0.577146
-0.519381 -0.689226 -0.505184
-0.519381 -0.689226 -0.505184
-0.784821 -0.082150 -0.614253
-0.329655 -0.334097 -0.883010
-0.612242 0.358309 -0.704823
-0.261095 0.702150 -0.662431
-0.348731 0.381742 -0.855956
-0.612242 0.358309 -0.704823
-0.348731 0.381742 -0.855956
-0.556856 0.024030 -0.830262
0.290518 0.777335 -0.557988
0.079925 0.866967 -0.491915
0.343272 0.885524 -0.313068
0.079925 0.866967 -0.491915
0.290518 0.777335 -0.557988
-0.030945 0.574293 -0.818065
0.002385 -0.168498 0.985699
0.546459 -0.306394 0.779426
0.004935 -0.391872 0.920007
0.291319 -0.214156 0.932347
0.002385 -0.168498 0.985699
0.004935 -0.391872 0.920007
-0.573210 -0.696391 0.431821
-0.743408 -0.600086 0.295368
-0.633818 -0.748961 0.193216
-0.841810 -0.518031 0.151659
-0.633818 -0.748961 0.193216
-0.743408 -0.600086 0.295368
-0.835935 -0.298706 -0.460421
-0.806053 -0.480196 -0.345963
-0.894618 -0.410217 -0.177148
-0.806053 -0.480196 -0.345963
-0.896080 -0.432757 -0.098807
-0.894618 -0.410217 -0.177148
-0.895330 0.328544 -0.300736
-0.703430 0.142963 -0.696238
-0.911295 0.284933 -0.297244
-0.703430 0.142963 -0.696238
-0.506711 -0.397578 -0.764968
-0.911576 -0.155200 -0.380713
-0.593743 -0.319438 -0.738532
-0.337419 -0.069937 -0.938753
-0.040652 -0.406299 -0.912835
-0.657792 0.205524 -0.724617
-0.337419 -0.069937 -0.938753
-0.593743 -0.319438 -0.738532
0.727928 -0.592547 0.344977
0.315707 -0.607500 0.728885
0.453041 -0.856513 0.247263
0.727928 -0.592547 0.344977
0.453041 -0.856513 0.247263
0.793242 -0.574412 -0.202034
-0.474954 -0.239667 -0.846745
-0.596683 -0.475342 -0.646544
-0.704889 -0.300291 -0.642618
-0.596683 -0.475342 -0.646544
-0.806053 -0.480196 -0.345963
-0.704889 -0.300291 -0.642618
-0.283526 -0.415639 -0.864209
-0.013300 0.015800 -0.999787
-0.242321 0.165043 -0.956055
-0.283526 -0.415639 -0.864209
0.217440 -0.598828 -0.770795
-0.013300 0.015800 -0.999787
-0.596683 -0.475342 -0.646544
-0.958468 0.045977 -0.281468
-0.690737 -0.569891 -0.445091
-0.958468 0.045977 -0.281468
-0.921723 -0.382388 0.064848
-0.690737 -0.569891 -0.445091
0.738407 0.120811 -0.663446
0.712373 -0.181313 -0.677975
0.587783 -0.121730 -0.799808
0.712373 -0.181313 -0.677975
0.738407 0.120811 -0.663446
0.851116 -0.089657 -0.517265
-0.187659 -0.697051 -0.692029
0.021271 -0.283666 -0.958687
0.257833 -0.635627 -0.727668
0.021271 -0.283666 -0.958687
0.324680 -0.050315 -0.944485
0.257833 -0.635627 -0.727668
0.147300 0.601351 0.785290
-0.529625 0.470929 0.705495
-0.276201 0.756970 0.592207
-0.606081 0.742580 0.285027
-0.276201 0.756970 0.592207
-0.529625 0.470929 0.705495
0.032240 -0.068907 0.997102
0.083095 -0.419819 0.903796
0.261379 -0.419517 0.869302
0.442618 -0.207562 0.872357
0.032240 -0.068907 0.997102
0.261379 -0.419517 0.869302
-0.466712 -0.840886 -0.274027
-0.004786 -0.995939 -0.089901
0.197682 -0.594520 -0.779402
-0.466712 -0.840886 -0.274027
-0.573210 -0.696391 0.431821
-0.004786 -0.995939 -0.089901
0.212549 -0.710176 0.671173
0.315707 -0.607500 0.728885
0.604892 -0.751753 0.262629
0.212549 -0.710176 0.671173
0.604892 -0.751753 0.262629
-0.283526 -0.415639 -0.864209
0.636421 0.680252 -0.363629
0.596506 0.614415 -0.516406
0.508482 0.720416 -0.471643
0.596506 0.614415 -0.516406
0.457331 0.438662 -0.773579
0.508482 0.720416 -0.471643
0.495060 -0.682531 0.537649
0.443455 -0.855481 0.267393
0.608596 -0.704092 0.365875
0.495060 -0.682531 0.537649
0.678602 -0.505406 0.532976
0.555400 -0.464884 0.689503
0.770441 -0.409402 0.488683
0.810855 -0.578535 0.088385
0.936306 -0.248218 0.248431
0.770441 -0.409402 0.488683
0.398866 -0.643777 0.653036
0.810855 -0.578535 0.088385
-0.787302 -0.279573 0.549540
-0.833519 0.160321 0.528719
-0.590707 0.119681 0.797961
-0.590707 0.119681 0.797961
-0.833519 0.160321 0.528719
-0.772931 0.231961 0.590569
0.586971 -0.383557 -0.712986
0.720162 -0.626157 -0.298821
0.501461 -0.795965 -0.339081
0.501461 -0.795965 -0.339081
0.720162 -0.626157 -0.298821
0.610078 -0.785077 0.107047
0.863592 -0.033571 0.503073
0.612585 -0.478396 0.629187
0.559052 -0.021603 0.828851
0.758640 -0.620668 0.198084
0.612585 -0.478396 0.629187
0.863592 -0.033571 0.503073
-0.983656 -0.060766 0.169491
-0.748094 -0.660322 -0.065798
-0.728265 -0.373515 0.574558
-0.728265 -0.373515 0.574558
-0.772931 0.231961 0.590569
-0.983656 -0.060766 0.169491
0.248208 -0.606529 -0.755325
0.224384 -0.868622 -0.441754
-0.306848 -0.751624 -0.583871
0.224384 -0.868622 -0.441754
0.248208 -0.606529 -0.755325
0.532502 -0.732110 -0.424802
0.310238 0.179091 -0.933637
-0.126106 0.404167 -0.905950
-0.255454 -0.004695 -0.966810
-0.419186 0.552231 -0.720641
-0.255454 -0.004695 -0.966810
-0.126106 0.404167 -0.905950
-0.838886 0.241096 -0.487999
-0.808478 0.578467 -0.108343
-0.995147 -0.077399 0.060754
-0.927919 -0.358993 -0.100447
-0.838886 0.241096 -0.487999
-0.995147 -0.077399 0.060754
0.409507 -0.561185 -0.719288
0.367714 -0.905196 -0.213089
-0.031984 -0.683387 -0.729356
0.099624 -0.203672 -0.973957
0.409507 -0.561185 -0.719288
-0.031984 -0.683387 -0.729356
0.814310 0.313271 0.488632
0.702487 0.127375 0.700206
0.848007 0.030149 0.529127
0.848007 0.030149 0.529127
0.955845 0.102595 0.275382
0.814310 0.313271 0.488632
0.739860 -0.077234 0.668313
0.620585 -0.433696 0.653286
0.837849 -0.412121 0.358002
0.837849 -0.412121 0.358002
0.707815 -0.638286 0.302635
0.761472 -0.648176 0.005313
-0.719486 0.616696 0.319414
-0.801328 0.580589 0.144184
-0.952259 0.131191 0.275667
-0.719486 0.616696 0.319414
-0.473661 0.869139 0.142275
-0.801328 0.580589 0.144184
-0.178333 -0.067567 0.981647
-0.413765 -0.567888 0.711549
0.083095 -0.419819 0.903796
0.032240 -0.068907 0.997102
-0.178333 -0.067567 0.981647
0.083095 -0.419819 0.903796
-0.751490 -0.026145 -0.659227
-0.835935 -0.298706 -0.460421
-0.868210 -0.030023 -0.495287
-0.926461 -0.238231 -0.291405
-0.835935 -0.298706 -0.460421
-0.894618 -0.410217 -0.177148
0.495060 -0.682531 0.537649
0.608596 -0.704092 0.365875
0.678602 -0.505406 0.532976
0.608596 -0.704092 0.365875
0.788906 -0.543435 0.286891
0.678602 -0.505406 0.532976
0.737217 -0.274930 0.617191
0.678602 -0.505406 0.532976
0.862948 -0.256389 0.435415
0.848007 0.030149 0.529127
0.737217 -0.274930 0.617191
0.862948 -0.256389 0.435415
0.002385 -0.168498 0.985699
0.166628 0.257994 0.951669
0.503012 0.079807 0.860587
0.503012 0.079807 0.860587
0.166628 0.257994 0.951669
0.487662 0.244636 0.838057
0.436039 0.357025 0.826077
0.208420 0.042456 0.977117
0.443135 0.071933 0.893564
0.603828 0.285050 0.744405
0.436039 0.357025 0.826077
0.443135 0.071933 0.893564
0.563733 -0.628094 0.536379
-0.322073 -0.684382 0.654133
-0.088487 -0.591975 0.801084
0.761472 -0.648176 0.005313
0.355467 -0.916733 0.182327
0.563733 -0.628094 0.536379
-0.712137 0.652439 -0.259200
-0.487797 0.682012 -0.544898
-0.673782 -0.057254 -0.736708
-0.487797 0.682012 -0.544898
-0.712137 0.652439 -0.259200
-0.653359 0.723558 -0.222679
-0.322073 -0.684382 0.654133
0.355467 -0.916733 0.182327
-0.573210 -0.696391 0.431821
0.563733 -0.628094 0.536379
0.355467 -0.916733 0.182327
-0.322073 -0.684382 0.654133
0.851116 -0.089657 -0.517265
0.952448 0.060724 -0.298590
0.904210 -0.275367 -0.326462
0.952448 0.060724 -0.298590
0.973803 -0.217321 -0.066928
0.904210 -0.275367 -0.326462
0.215276 -0.932270 0.290738
0.065025 -0.720882 0.690000
-0.111175 -0.992331 0.054021
0.175146 -0.896541 -0.406864
0.215276 -0.932270 0.290738
-0.111175 -0.992331 0.054021
-0.712137 0.652439 -0.259200
-0.673782 -0.057254 -0.736708
-0.972763 -0.074703 -0.219435
-0.972763 -0.074703 -0.219435
-0.673782 -0.057254 -0.736708
-0.622008 -0.733141 -0.274974
-0.308529 0.183868 0.933275
-0.477716 -0.234645 0.846599
-0.011696 -0.324300 0.945882
-0.477716 -0.234645 0.846599
-0.308529 0.183868 0.933275
-0.877357 0.248440 0.410515
0.457331 0.438662 -0.773579
0.325531 0.613999 -0.719052
0.508482 0.720416 -0.471643
0.457331 0.438662 -0.773579
0.098729 0.308181 -0.946191
0.325531 0.613999 -0.719052
-0.690529 0.133353 -0.710905
-0.780586 0.339322 -0.524925
-0.927919 -0.358993 -0.100447
-0.780586 0.339322 -0.524925
-0.690529 0.133353 -0.710905
-0.657792 0.205524 -0.724617
0.362758 -0.436769 0.823189
0.537168 -0.280228 0.795564
0.510646 -0.095590 0.854461
0.537168 -0.280228 0.795564
0.362758 -0.436769 0.823189
0.555400 -0.464884 0.689503
0.424942 -0.582660 -0.692770
0.586971 -0.383557 -0.712986
0.501461 -0.795965 -0.339081
0.586971 -0.383557 -0.712986
0.424942 -0.582660 -0.692770
0.196939 -0.252586 -0.947320
-0.911576 -0.155200 -0.380713
-0.911295 0.284933 -0.297244
-0.703430 0.142963 -0.696238
-0.983656 -0.060766 0.169491
-0.911295 0.284933 -0.297244
-0.911576 -0.155200 -0.380713
0.393165 -0.364598 0.844091
0.205707 0.033101 0.978054
0.559052 -0.021603 0.828851
0.559052 -0.021603 0.828851
0.205707 0.033101 0.978054
0.289141 -0.075770 0.954283
0.746406 -0.498446 -0.440942
0.685871 -0.429792 -0.587248
0.851116 -0.089657 -0.517265
0.685871 -0.429792 -0.587248
0.746406 -0.498446 -0.440942
0.507473 -0.664339 -0.548748
-0.801328 0.580589 0.144184
-0.991692 0.066503 0.110108
-0.952259 0.131191 0.275667
-0.952259 0.131191 0.275667
-0.991692 0.066503 0.110108
-0.935186 -0.306958 0.176648
-0.053558 -0.814883 -0.577146
-0.329655 -0.334097 -0.883010
0.238075 -0.622524 -0.745510
-0.053558 -0.814883 -0.577146
0.238075 -0.622524 -0.745510
0.302944 -0.920888 -0.245338
-0.953849 -0.297908 0.037712
-0.943661 -0.317915 -0.091839
-0.922835 -0.384443 0.024074
-0.953849 -0.297908 0.037712
-0.922835 -0.384443 0.024074
-0.908550 -0.403775 0.107247
0.049090 0.242198 0.968984
0.237503 -0.110763 0.965051
0.474055 -0.148044 0.867960
0.414526 -0.431673 0.801141
0.474055 -0.148044 0.867960
0.237503 -0.110763 0.965051
0.803838 0.577109 -0.144185
0.673110 0.710440 -0.205421
0.647520 0.761532 -0.028045
0.647520 0.761532 -0.028045
0.673110 0.710440 -0.205421
0.551565 0.824055 -0.129263
0.803838 0.577109 -0.144185
0.900369 0.335828 -0.276686
0.773491 0.527549 -0.351289
0.773491 0.527549 -0.351289
0.673110 0.710440 -0.205421
0.803838 0.577109 -0.144185
-0.896080 -0.432757 -0.098807
-0.819161 -0.548460 -0.167829
-0.894781 -0.445144 0.034828
-0.806053 -0.480196 -0.345963
-0.819161 -0.548460 -0.167829
-0.896080 -0.432757 -0.098807
0.852307 -0.522287 0.028101
0.788596 -0.584503 -0.190979
0.973803 -0.217321 -0.066928
0.946546 -0.250364 0.203393
0.788906 -0.543435 0.286891
0.852307 -0.522287 0.028101
0.147300 0.601351 0.785290
-0.152385 0.459611 0.874950
-0.529625 0.470929 0.705495
0.147300 0.601351 0.785290
0.166628 0.257994 0.951669
-0.152385 0.459611 0.874950
0.955845 0.102595 0.275382
0.946546 -0.250364 0.203393
0.973803 -0.217321 -0.066928
0.973803 -0.217321 -0.066928
0.946546 -0.250364 0.203393
0.852307 -0.522287 0.028101
-0.364952 0.863350 -0.348477
-0.662400 0.622383 -0.416971
-0.523479 0.822273 -0.223243
-0.364952 0.863350 -0.348477
-0.523479 0.822273 -0.223243
-0.138043 0.962543 -0.233354
-0.459176 0.570278 0.681132
-0.572952 0.797641 0.188403
-0.877357 0.248440 0.410515
-0.572952 0.797641 0.188403
-0.459176 0.570278 0.681132
-0.648394 0.653555 0.390450
0.857018 -0.345579 -0.382224
0.952728 -0.292728 -0.081365
0.881163 -0.462727 0.097136
0.586971 -0.383557 -0.712986
0.785503 -0.210968 -0.581788
0.857018 -0.345579 -0.382224
-0.622229 0.717704 0.312622
-0.903854 0.333688 0.267770
-0.897471 0.388297 -0.209218
-0.559593 0.376479 0.738322
-0.903854 0.333688 0.267770
-0.622229 0.717704 0.312622
0.857018 -0.345579 -0.382224
0.785503 -0.210968 -0.581788
0.952728 -0.292728 -0.081365
0.952728 -0.292728 -0.081365
0.785503 -0.210968 -0.581788
0.664799 -0.673644 -0.322870
0.420106 -0.834845 -0.355732
0.709435 -0.700862 0.074128
0.664799 -0.673644 -0.322870
0.952728 -0.292728 -0.081365
0.664799 -0.673644 -0.322870
0.709435 -0.700862 0.074128
-0.831948 0.497642 -0.245387
-0.784016 0.619650 0.036774
-0.808478 0.578467 -0.108343
-0.825094 0.550132 0.128739
-0.784016 0.619650 0.036774
-0.831948 0.497642 -0.245387
0.065025 -0.720882 0.690000
-0.011696 -0.324300 0.945882
-0.477716 -0.234645 0.846599
0.065025 -0.720882 0.690000
0.315707 -0.607500 0.728885
-0.011696 -0.324300 0.945882
0.218850 0.382738 0.897561
0.331925 0.691621 0.641472
0.017036 0.546818 0.837078
0.218850 0.382738 0.897561
0.017036 0.546818 0.837078
-0.119974 0.122199 0.985228
0.197682 -0.594520 -0.779402
-0.004786 -0.995939 -0.089901
0.418393 -0.681361 -0.600578
0.248208 -0.606529 -0.755325
0.197682 -0.594520 -0.779402
0.418393 -0.681361 -0.600578
0.758640 -0.620668 0.198084
0.988696 -0.090578 0.119484
0.932793 -0.148252 -0.328511
0.758640 -0.620668 0.198084
0.863592 -0.033571 0.503073
0.988696 -0.090578 0.119484
-0.897471 0.388297 -0.209218
-0.619473 0.754155 -0.217952
-0.622229 0.717704 0.312622
-0.457406 0.517358 -0.723271
-0.619473 0.754155 -0.217952
-0.897471 0.388297 -0.209218
-0.436463 -0.812696 -0.386038
-0.949482 0.234297 -0.208781
-0.853808 -0.520588 0.000413
-0.436463 -0.812696 -0.386038
-0.658571 0.167182 -0.733713
-0.949482 0.234297 -0.208781
-0.414334 -0.908867 -0.047823
0.302944 -0.920888 -0.245338
-0.040224 -0.936766 0.347636
-0.414334 -0.908867 -0.047823
-0.040224 -0.936766 0.347636
-0.413765 -0.567888 0.711549
0.261379 -0.419517 0.869302
0.458574 -0.713580 0.529635
0.609682 -0.535843 0.584089
0.609682 -0.535843 0.584089
0.458574 -0.713580 0.529635
0.610078 -0.785077 0.107047
-0.798820 -0.119802 0.589520
-0.816855 0.348382 0.459758
-0.975309 0.218994 -0.028523
-0.436680 0.193530 0.878554
-0.816855 0.348382 0.459758
-0.798820 -0.119802 0.589520
0.261597 0.960859 -0.091194
0.164886 0.947604 -0.273603
0.094892 0.980384 -0.172751
0.164886 0.947604 -0.273603
-0.138043 0.962543 -0.233354
0.094892 0.980384 -0.172751
-0.178721 -0.194751 -0.964433
-0.521993 -0.295140 -0.800260
-0.057934 -0.481325 -0.874625
-0.521993 -0.295140 -0.800260
-0.436302 0.079179 -0.896310
-0.690529 0.133353 -0.710905
0.168685 -0.604232 0.778748
0.362758 -0.436769 0.823189
0.166446 -0.454983 0.874806
-0.088487 -0.591975 0.801084
0.168685 -0.604232 0.778748
0.166446 -0.454983 0.874806
0.515890 -0.845201 -0.139620
0.618744 -0.707439 -0.341594
0.788596 -0.584503 -0.190979
0.420106 -0.834845 -0.355732
0.618744 -0.707439 -0.341594
0.515890 -0.845201 -0.139620
0.467090 0.145930 -0.872084
0.607097 0.417683 -0.675998
0.638190 0.205977 -0.741813
0.638190 0.205977 -0.741813
0.607097 0.417683 -0.675998
0.706974 0.462311 -0.535216
0.803838 0.577109 -0.144185
0.788072 0.610127 0.081779
0.915856 0.395946 0.066592
0.804675 0.511167 0.302004
0.915856 0.395946 0.066592
0.788072 0.610127 0.081779
-0.473661 0.869139 0.142275
-0.328444 0.900318 0.285572
-0.103981 0.978831 0.176291
-0.719486 0.616696 0.319414
-0.328444 0.900318 0.285572
-0.473661 0.869139 0.142275
-0.196654 0.620976 0.758760
0.149954 0.524511 0.838094
0.147300 0.601351 0.785290
-0.196654 0.620976 0.758760
0.049090 0.242198 0.968984
0.149954 0.524511 0.838094
-0.098930 -0.914821 0.391555
0.373622 -0.922654 0.095478
0.234950 -0.748151 0.620539
0.234950 -0.748151 0.620539
-0.438912 -0.616307 0.653852
-0.098930 -0.914821 0.391555
-0.975309 0.218994 -0.028523
-0.871066 -0.451045 -0.194429
-0.810012 -0.551292 0.199893
-0.810012 -0.551292 0.199893
-0.871066 -0.451045 -0.194429
-0.414334 -0.908867 -0.047823
-0.457406 0.517358 -0.723271
-0.745806 0.236320 -0.622837
-0.242321 0.165043 -0.956055
-0.897471 0.388297 -0.209218
-0.745806 0.236320 -0.622837
-0.457406 0.517358 -0.723271
0.467090 0.145930 -0.872084
0.587783 -0.121730 -0.799808
0.476788 -0.082687 -0.875121
0.361894 -0.397424 -0.843260
0.476788 -0.082687 -0.875121
0.587783 -0.121730 -0.799808
-0.927205 0.333421 0.170650
-0.833519 0.160321 0.528719
-0.996152 0.049893 0.072051
-0.895330 0.328544 -0.300736
-0.927205 0.333421 0.170650
-0.996152 0.049893 0.072051
-0.920803 0.061871 -0.385089
-0.705951 0.144869 -0.693286
-0.895330 0.328544 -0.300736
-0.996152 0.049893 0.072051
-0.920803 0.061871 -0.385089
-0.895330 0.328544 -0.300736
-0.908550 -0.403775 0.107247
-0.927919 -0.358993 -0.100447
-0.935186 -0.306958 0.176648
-0.908550 -0.403775 0.107247
-0.935186 -0.306958 0.176648
-0.953849 -0.297908 0.037712
0.398904 0.916918 -0.011686
0.248488 0.967920 0.037212
0.333691 0.932304 0.139495
0.333691 0.932304 0.139495
0.248488 0.967920 0.037212
0.103731 0.981636 0.160094
0.707815 -0.638286 0.302635
0.620585 -0.433696 0.653286
0.551708 -0.683125 0.478497
0.837849 -0.412121 0.358002
0.620585 -0.433696 0.653286
0.707815 -0.638286 0.302635
-0.975309 0.218994 -0.028523
-0.800493 0.369695 -0.471737
-0.784821 -0.082150 -0.614253
-0.800493 0.369695 -0.471737
-0.428525 0.310940 -0.848341
-0.784821 -0.082150 -0.614253
-0.926461 -0.238231 -0.291405
-0.868210 -0.030023 -0.495287
-0.835935 -0.298706 -0.460421
-0.868210 -0.030023 -0.495287
-0.926461 -0.238231 -0.291405
-0.938747 0.108358 -0.327128
0.442416 0.854607 -0.271874
0.343272 0.885524 -0.313068
0.340890 0.923249 -0.177213
0.442416 0.854607 -0.271874
0.508482 0.720416 -0.471643
0.343272 0.885524 -0.313068
-0.275407 0.953645 -0.121290
-0.599039 0.800273 -0.026735
-0.221065 0.974590 0.036109
-0.275407 0.953645 -0.121290
-0.221065 0.974590 0.036109
0.042273 0.998415 -0.037149
-0.914910 0.178443 0.362075
-0.921775 0.145211 -0.359506
-0.983842 -0.168764 -0.059772
-0.914910 0.178443 0.362075
-0.983842 -0.168764 -0.059772
-0.813427 -0.451218 0.367068
-0.547983 -0.646658 -0.530611
0.291464 -0.651141 -0.700760
-0.072809 -0.006054 -0.997327
-0.547983 -0.646658 -0.530611
-0.072809 -0.006054 -0.997327
-0.454293 0.067585 -0.888285
-0.454293 0.067585 -0.888285
-0.065126 -0.016505 -0.997740
-0.319499 0.026203 -0.947224
-0.454293 0.067585 -0.888285
-0.072809 -0.006054 -0.997327
-0.065126 -0.016505 -0.997740
0.810855 -0.578535 0.088385
0.398866 -0.643777 0.653036
0.321292 -0.912709 0.252457
0.321292 -0.912709 0.252457
0.398866 -0.643777 0.653036
-0.313286 -0.856445 0.410309
-0.483213 0.682194 -0.548741
-0.783759 0.326396 -0.528381
-0.662400 0.622383 -0.416971
-0.662400 0.622383 -0.416971
-0.364952 0.863350 -0.348477
-0.483213 0.682194 -0.548741
-0.337419 -0.069937 -0.938753
-0.436302 0.079179 -0.896310
-0.178721 -0.194751 -0.964433
-0.178721 -0.194751 -0.964433
-0.436302 0.079179 -0.896310
-0.521993 -0.295140 -0.800260
</float_array>
          <technique_common>
            <accessor source="#stanMesh-Normal0-array" count="9396" stride="3">
              <param name="X" type="float"/>
              <param name="Y" type="float"/>
              <param name="Z" type="float"/>
            </accessor>
          </technique_common>
        </source>
        <source id="stanMesh-UV0">
          <float_array id="stanMesh-UV0-array" count="4844">
0.016113 0.725541
0.015986 0.736921
0.071307 0.733121
0.062523 0.725733
0.047898 0.716647
0.018988 0.717546
0.035466 0.713861
0.024990 0.714126
0.020156 0.756490
0.022842 0.762858
0.084680 0.757854
0.083039 0.750373
0.025505 0.769169
0.032275 0.778652
0.083078 0.774413
0.084806 0.765588
0.043795 0.787018
0.077747 0.784946
0.053891 0.790939
0.067577 0.790251
0.078069 0.742176
0.017537 0.747174
0.049822 0.039802
0.052619 0.037971
0.065046 0.067800
0.062242 0.069010
0.734890 0.732534
0.728791 0.735087
0.721367 0.687084
0.727567 0.685939
0.675310 0.499789
0.670475 0.498214
0.675782 0.468752
0.679786 0.470401
0.703859 0.616677
0.709341 0.616495
0.681447 0.527133
0.676258 0.526007
0.689686 0.567756
0.694846 0.568610
0.078872 0.122952
0.081168 0.122516
0.084876 0.142108
0.082746 0.142586
0.018045 0.432629
0.020768 0.435183
0.005915 0.451277
0.003241 0.448222
0.086507 0.162550
0.088491 0.162205
0.092484 0.196939
0.090084 0.197354
0.043001 0.389263
0.045866 0.390361
0.032653 0.414943
0.029797 0.413320
0.090334 0.241686
0.087793 0.241413
0.060894 0.356962
0.063865 0.357987
0.086297 0.279737
0.083592 0.279387
0.072723 0.321068
0.075543 0.321763
0.071520 0.096563
0.073972 0.095583
0.750924 0.807802
0.744804 0.810871
0.736867 0.778249
0.742055 0.774904
0.087128 0.016341
0.121780 0.007167
0.129145 0.049604
0.099205 0.053569
0.656154 0.758863
0.595630 0.758506
0.587748 0.689334
0.644135 0.700449
0.617701 0.484989
0.569739 0.469709
0.575464 0.434705
0.625131 0.452073
0.582710 0.615466
0.638431 0.622560
0.619623 0.517691
0.569834 0.503638
0.573814 0.552531
0.630279 0.564490
0.109101 0.117860
0.135943 0.114913
0.137865 0.134319
0.110972 0.137075
0.054308 0.464860
0.097559 0.474596
0.082848 0.511875
0.039272 0.488632
0.112662 0.160511
0.140676 0.158492
0.147495 0.208111
0.119883 0.196181
0.082587 0.402209
0.119259 0.404181
0.109654 0.435732
0.068579 0.433043
0.146310 0.253255
0.120072 0.248239
0.097572 0.366856
0.126252 0.375172
0.140448 0.309497
0.115807 0.285464
0.108253 0.330048
0.135404 0.343245
0.103883 0.084159
0.132626 0.082047
0.689065 0.843524
0.628057 0.875224
0.609208 0.815337
0.674379 0.811305
0.143617 0.005041
0.147300 0.045655
0.544479 0.753794
0.540204 0.675266
0.534940 0.463139
0.538813 0.425957
0.537434 0.605904
0.534277 0.496712
0.535442 0.545607
0.150779 0.113427
0.151319 0.132675
0.132583 0.478637
0.124796 0.530335
0.152859 0.158034
0.155702 0.207596
0.144302 0.403751
0.138881 0.438950
0.155389 0.253637
0.147424 0.376139
0.151778 0.309883
0.150243 0.343613
0.148729 0.079517
0.562777 0.888077
0.552537 0.815510
0.166687 0.004811
0.166671 0.036611
0.499182 0.748241
0.499219 0.666847
0.499311 0.461582
0.499329 0.422216
0.499249 0.598592
0.499296 0.494753
0.499274 0.543038
0.166631 0.111331
0.166615 0.137378
0.166416 0.478811
0.166400 0.538064
0.166591 0.171712
0.166563 0.203021
0.166434 0.403662
0.166425 0.439792
0.166511 0.255323
0.166443 0.376878
0.166470 0.310397
0.166454 0.345530
0.166652 0.074531
0.499117 0.889876
0.499153 0.811898
0.016113 0.725541
0.062523 0.725733
0.071307 0.733121
0.015986 0.736921
0.018988 0.717546
0.047898 0.716647
0.024990 0.714126
0.035898 0.713773
0.020156 0.756490
0.083039 0.750373
0.084680 0.757854
0.022842 0.762858
0.025505 0.769169
0.084806 0.765588
0.083078 0.774413
0.032275 0.778652
0.077747 0.784946
0.043795 0.787018
0.067577 0.790251
0.053891 0.790939
0.078069 0.742176
0.017537 0.747174
0.283517 0.039922
0.271068 0.069119
0.268265 0.067905
0.280722 0.038087
0.263490 0.732321
0.270853 0.685734
0.277052 0.686883
0.269586 0.734880
0.323276 0.499630
0.318827 0.470237
0.322832 0.468592
0.328111 0.498059
0.289140 0.616305
0.294622 0.616491
0.317114 0.526967
0.322304 0.525847
0.303678 0.568432
0.308837 0.567583
0.254379 0.123048
0.250479 0.142682
0.248349 0.142201
0.252083 0.122610
0.314812 0.432709
0.329608 0.448308
0.326933 0.451362
0.312086 0.435262
0.246687 0.162643
0.243048 0.197439
0.240648 0.197023
0.244704 0.162296
0.289878 0.389343
0.303069 0.413399
0.300213 0.415020
0.287012 0.390438
0.245254 0.241498
0.242713 0.241770
0.272005 0.357042
0.269036 0.358064
0.249392 0.279469
0.246688 0.279816
0.260212 0.321149
0.257390 0.321843
0.261762 0.096664
0.259311 0.095681
0.249076 0.807576
0.256286 0.774685
0.261470 0.778034
0.253503 0.810649
0.246234 0.016422
0.234121 0.053639
0.204184 0.049642
0.211591 0.007212
0.342201 0.758721
0.354272 0.700317
0.410669 0.689253
0.402725 0.758420
0.380898 0.484882
0.373497 0.451959
0.423181 0.434635
0.428875 0.469644
0.360044 0.622434
0.415772 0.615390
0.378947 0.517582
0.428748 0.503574
0.368249 0.564372
0.424725 0.552462
0.224155 0.117921
0.222259 0.137136
0.195370 0.134349
0.197315 0.114945
0.278532 0.464923
0.293556 0.488700
0.249967 0.511920
0.235275 0.474634
0.220533 0.160570
0.213250 0.196228
0.185620 0.208123
0.192524 0.158517
0.250284 0.402264
0.264276 0.433102
0.223199 0.435766
0.213610 0.404211
0.212964 0.248283
0.186719 0.253267
0.235321 0.366907
0.206636 0.375200
0.217170 0.285510
0.192497 0.309516
0.224671 0.330096
0.197507 0.343267
0.229411 0.084226
0.200669 0.082082
0.309212 0.843352
0.323928 0.811146
0.389095 0.815236
0.370192 0.875106
0.186034 0.045675
0.189758 0.005063
0.458226 0.675229
0.453881 0.753753
0.459839 0.425921
0.463679 0.463106
0.461057 0.605870
0.464312 0.496680
0.463104 0.545574
0.181918 0.132690
0.182481 0.113443
0.208009 0.530357
0.200249 0.478655
0.177415 0.207604
0.180344 0.158047
0.193970 0.438966
0.188567 0.403766
0.177637 0.253645
0.185462 0.376151
0.181163 0.309895
0.182667 0.343626
0.184570 0.079535
0.445766 0.815461
0.435460 0.888020
0.883257 0.011080
0.908723 0.030274
0.845973 0.039952
0.846203 0.003718
0.922223 0.070354
0.923539 0.120260
0.845456 0.121602
0.845775 0.070820
0.911056 0.166663
0.845155 0.171829
0.543849 0.394311
0.500003 0.394716
0.499999 0.367674
0.553565 0.376641
0.579318 0.397551
0.591450 0.381534
0.655753 0.441402
0.617821 0.414728
0.634982 0.396312
0.676830 0.419830
0.907363 0.189347
0.845024 0.195672
0.960945 0.155080
0.977487 0.185435
0.499996 0.345711
0.561101 0.357116
0.601841 0.367973
0.648443 0.382549
0.693287 0.403344
0.929088 0.217576
0.844917 0.215755
0.988363 0.214156
0.499993 0.322663
0.566837 0.335455
0.613065 0.344697
0.659696 0.360580
0.709590 0.373853
0.959191 0.250379
0.844809 0.236746
0.992624 0.258848
0.499989 0.294836
0.566394 0.309145
0.611535 0.319774
0.650651 0.333302
0.700387 0.350064
0.948008 0.275694
0.844616 0.275143
0.990708 0.293371
0.499985 0.266387
0.563298 0.277558
0.596098 0.284571
0.628841 0.292928
0.662450 0.302394
0.949100 0.298765
0.844483 0.302435
0.971257 0.358385
0.499980 0.228606
0.554159 0.236470
0.579984 0.238783
0.605992 0.241052
0.627525 0.239728
0.902662 0.404890
0.844018 0.400398
0.931718 0.420214
0.499974 0.187790
0.538526 0.189134
0.557147 0.187766
0.580230 0.186953
0.599943 0.182860
0.884714 0.469054
0.843738 0.466862
0.908746 0.475782
0.499967 0.138446
0.530778 0.142395
0.546126 0.143924
0.560451 0.141177
0.577594 0.134667
0.875887 0.521787
0.843553 0.521949
0.895731 0.523730
0.499959 0.096143
0.527616 0.098197
0.536089 0.098712
0.547868 0.097492
0.557140 0.089574
0.872885 0.572222
0.843421 0.575813
0.885949 0.569970
0.499948 0.049952
0.518894 0.051638
0.525455 0.052114
0.532383 0.051473
0.539081 0.049115
0.865530 0.613072
0.843337 0.616127
0.877176 0.612347
0.499946 0.042045
0.499943 0.029467
0.499941 0.019188
0.499939 0.010766
0.499938 0.004281
0.843240 0.659060
0.843275 0.644143
0.843229 0.663751
0.809059 0.010613
0.783350 0.029488
0.769338 0.069410
0.767396 0.119330
0.779314 0.165936
0.456156 0.394323
0.446436 0.376656
0.420689 0.397574
0.408552 0.381559
0.344267 0.441447
0.323183 0.419882
0.365024 0.396352
0.382191 0.414762
0.782757 0.188686
0.712677 0.184062
0.729530 0.153868
0.438894 0.357134
0.398157 0.368002
0.306721 0.403401
0.351559 0.382592
0.760734 0.216716
0.701500 0.212693
0.433152 0.335474
0.386927 0.344731
0.290410 0.373914
0.340301 0.360626
0.730295 0.249238
0.696781 0.257369
0.433588 0.309165
0.388451 0.319807
0.299606 0.350122
0.349338 0.333346
0.741226 0.274692
0.698354 0.291943
0.436675 0.277577
0.403878 0.284600
0.337531 0.302442
0.371137 0.292966
0.739909 0.297783
0.717172 0.357184
0.445803 0.236487
0.419979 0.238808
0.372438 0.239767
0.393972 0.241086
0.785332 0.404384
0.756133 0.419450
0.461423 0.189147
0.442802 0.187785
0.400004 0.182894
0.419719 0.186981
0.802742 0.468743
0.778652 0.475286
0.469157 0.142407
0.453809 0.143942
0.422337 0.134695
0.439482 0.141199
0.811216 0.521577
0.791357 0.523397
0.472302 0.098207
0.463829 0.098726
0.442773 0.089595
0.452049 0.097511
0.813974 0.572058
0.800919 0.569738
0.481002 0.051645
0.474440 0.052124
0.460813 0.049129
0.467512 0.051485
0.821161 0.612958
0.809520 0.612176
0.330550 0.997871
0.274067 0.997871
0.274067 0.970667
0.330550 0.970667
0.217584 0.997871
0.217584 0.970667
0.782416 0.997871
0.725933 0.997871
0.725933 0.970667
0.782416 0.970667
0.669449 0.997871
0.669449 0.970667
0.612966 0.997871
0.612966 0.970667
0.556483 0.997871
0.556483 0.970667
0.500000 0.997871
0.500000 0.970667
0.443517 0.997871
0.443517 0.970667
0.387034 0.997871
0.387034 0.970667
0.064267 0.804025
0.088082 0.821417
0.049410 0.849368
0.034778 0.803952
0.010877 0.821226
0.001694 0.849250
0.010738 0.877319
0.034553 0.894712
0.064042 0.894785
0.087943 0.877510
0.097125 0.849486
0.038316 0.841461
0.045053 0.836541
0.049255 0.849368
0.053395 0.836520
0.060156 0.841407
0.062754 0.849335
0.060195 0.857275
0.053458 0.862195
0.045116 0.862216
0.038355 0.857329
0.035757 0.849402
0.274067 0.957065
0.330550 0.957065
0.217584 0.957065
0.725933 0.957065
0.782416 0.957065
0.669449 0.957065
0.612966 0.957065
0.556483 0.957065
0.500000 0.957065
0.443517 0.957065
0.387034 0.957065
0.274067 0.943464
0.330550 0.943464
0.217584 0.943464
0.725933 0.943464
0.782416 0.943464
0.669449 0.943464
0.612966 0.943464
0.556483 0.943464
0.500000 0.943464
0.443517 0.943464
0.387034 0.943464
0.017853 0.826560
0.037286 0.812368
0.038994 0.817580
0.022298 0.829773
0.061350 0.812308
0.059668 0.817529
0.080854 0.826404
0.076424 0.829639
0.088347 0.849272
0.082862 0.849286
0.080967 0.872177
0.076522 0.868964
0.061534 0.886369
0.059826 0.881157
0.037470 0.886428
0.039152 0.881207
0.017966 0.872332
0.022395 0.869097
0.010473 0.849465
0.015958 0.849451
0.023849 0.830895
0.039590 0.819399
0.044638 0.834807
0.036991 0.840392
0.059081 0.819351
0.054109 0.834784
0.074878 0.830768
0.061784 0.840331
0.080947 0.849290
0.064733 0.849330
0.074970 0.867842
0.061829 0.858344
0.059230 0.879337
0.054181 0.863929
0.039739 0.879386
0.044711 0.863953
0.023942 0.867969
0.037036 0.858405
0.017873 0.849447
0.034087 0.849406
0.330550 0.917171
0.274067 0.917171
0.274067 0.902129
0.330550 0.902129
0.217584 0.917171
0.217584 0.902129
0.782416 0.917171
0.725933 0.917171
0.725933 0.902129
0.782416 0.902129
0.669449 0.917171
0.669449 0.902129
0.612966 0.917171
0.612966 0.902129
0.556483 0.917171
0.556483 0.902129
0.500000 0.917171
0.500000 0.902129
0.443517 0.917171
0.443517 0.902129
0.387034 0.917171
0.387034 0.902129
0.014900 0.824426
0.036152 0.808905
0.274067 0.925150
0.330550 0.925150
0.330550 0.938752
0.274067 0.938752
0.062468 0.808840
0.217584 0.925150
0.217584 0.938752
0.083796 0.824255
0.725933 0.925150
0.782416 0.925150
0.782416 0.938752
0.725933 0.938752
0.091990 0.849263
0.669449 0.925150
0.669449 0.938752
0.083920 0.874311
0.612966 0.925150
0.612966 0.938752
0.062668 0.889831
0.556483 0.925150
0.556483 0.938752
0.036352 0.889896
0.500000 0.925150
0.500000 0.938752
0.015023 0.874481
0.443517 0.925150
0.443517 0.938752
0.006829 0.849474
0.387034 0.925150
0.387034 0.938752
0.330550 0.997871
0.330550 0.970667
0.274067 0.970667
0.274067 0.997871
0.217584 0.970667
0.217584 0.997871
0.782416 0.997871
0.782416 0.970667
0.725933 0.970667
0.725933 0.997871
0.669449 0.970667
0.669449 0.997871
0.612966 0.970667
0.612966 0.997871
0.556483 0.970667
0.556483 0.997871
0.500000 0.970667
0.500000 0.997871
0.443517 0.970667
0.443517 0.997871
0.387034 0.970667
0.387034 0.997871
0.064267 0.804025
0.049410 0.849368
0.088082 0.821417
0.034778 0.803952
0.010877 0.821226
0.001694 0.849250
0.010738 0.877319
0.034553 0.894712
0.064042 0.894785
0.087943 0.877510
0.097125 0.849486
0.038316 0.841461
0.049255 0.849368
0.045053 0.836541
0.053395 0.836520
0.060156 0.841407
0.062754 0.849335
0.060195 0.857275
0.053458 0.862195
0.045116 0.862216
0.038355 0.857329
0.035757 0.849402
0.330550 0.957065
0.274067 0.957065
0.217584 0.957065
0.782416 0.957065
0.725933 0.957065
0.669449 0.957065
0.612966 0.957065
0.556483 0.957065
0.500000 0.957065
0.443517 0.957065
0.387034 0.957065
0.330550 0.943464
0.274067 0.943464
0.217584 0.943464
0.782416 0.943464
0.725933 0.943464
0.669449 0.943464
0.612966 0.943464
0.556483 0.943464
0.500000 0.943464
0.443517 0.943464
0.387034 0.943464
0.017853 0.826560
0.022298 0.829773
0.038994 0.817580
0.037286 0.812368
0.059668 0.817529
0.061350 0.812308
0.076424 0.829639
0.080854 0.826404
0.082862 0.849286
0.088347 0.849272
0.076522 0.868964
0.080967 0.872177
0.059826 0.881157
0.061534 0.886369
0.039152 0.881207
0.037470 0.886428
0.022395 0.869097
0.017966 0.872332
0.015958 0.849451
0.010473 0.849465
0.023849 0.830895
0.036991 0.840392
0.044638 0.834807
0.039590 0.819399
0.054109 0.834784
0.059081 0.819351
0.061784 0.840331
0.074878 0.830768
0.064733 0.849330
0.080947 0.849290
0.061829 0.858344
0.074970 0.867842
0.054181 0.863929
0.059230 0.879337
0.044711 0.863953
0.039739 0.879386
0.037036 0.858405
0.023942 0.867969
0.034087 0.849406
0.017873 0.849447
0.330550 0.917171
0.330550 0.902129
0.274067 0.902129
0.274067 0.917171
0.217584 0.902129
0.217584 0.917171
0.782416 0.917171
0.782416 0.902129
0.725933 0.902129
0.725933 0.917171
0.669449 0.902129
0.669449 0.917171
0.612966 0.902129
0.612966 0.917171
0.556483 0.902129
0.556483 0.917171
0.500000 0.902129
0.500000 0.917171
0.443517 0.902129
0.443517 0.917171
0.387034 0.902129
0.387034 0.917171
0.014900 0.824426
0.036152 0.808905
0.274067 0.925150
0.274067 0.938752
0.330550 0.938752
0.330550 0.925150
0.062468 0.808840
0.217584 0.925150
0.217584 0.938752
0.083796 0.824255
0.725933 0.925150
0.725933 0.938752
0.782416 0.938752
0.782416 0.925150
0.091990 0.849263
0.669449 0.925150
0.669449 0.938752
0.083920 0.874311
0.612966 0.925150
0.612966 0.938752
0.062668 0.889831
0.556483 0.925150
0.556483 0.938752
0.036352 0.889896
0.500000 0.925150
0.500000 0.938752
0.015023 0.874481
0.443517 0.925150
0.443517 0.938752
0.006829 0.849474
0.387034 0.925150
0.387034 0.938752
0.181027 0.889580
0.175340 0.884576
0.182109 0.884399
0.179744 0.879321
0.175176 0.877322
0.169653 0.879572
0.167824 0.884753
0.169884 0.889833
0.175504 0.892401
0.149449 0.854924
0.153610 0.851558
0.153425 0.862756
0.159527 0.854752
0.162594 0.862634
0.159522 0.870588
0.153240 0.873954
0.149443 0.870761
0.147779 0.862879
0.122067 0.853182
0.116448 0.855750
0.117087 0.847707
0.123762 0.846601
0.145967 0.845958
0.143916 0.851039
0.137926 0.844457
0.142630 0.841488
0.174667 0.875786
0.181322 0.876892
0.168050 0.877190
0.165367 0.880283
0.110925 0.852929
0.110470 0.846302
0.161585 0.805251
0.163832 0.810432
0.160496 0.814970
0.155790 0.811878
0.184024 0.879861
0.117615 0.841584
0.124881 0.840765
0.135357 0.838621
0.141042 0.836318
0.110395 0.840440
0.158908 0.820178
0.153221 0.817740
0.165199 0.817939
0.164594 0.822481
0.174180 0.871531
0.181446 0.872350
0.166960 0.872676
0.164015 0.875113
0.110552 0.833755
0.118209 0.834684
0.125902 0.834099
0.146729 0.833881
0.139316 0.830199
0.145988 0.828300
0.132647 0.831955
0.173619 0.866165
0.181312 0.866750
0.165962 0.867094
0.157183 0.826325
0.150512 0.824425
0.163853 0.828081
0.131173 0.826912
0.138380 0.825518
0.145589 0.823977
0.165132 0.862772
0.173050 0.861985
0.180998 0.862415
0.163454 0.832416
0.156247 0.831022
0.149038 0.829480
0.110883 0.828700
0.118801 0.829486
0.126749 0.829056
0.164537 0.859148
0.172565 0.858575
0.180612 0.858787
0.163124 0.836044
0.155638 0.835169
0.147864 0.834149
0.111292 0.824031
0.119319 0.824601
0.127366 0.824392
0.129999 0.822248
0.137770 0.821377
0.145260 0.820353
0.119673 0.820558
0.127947 0.820574
0.129427 0.818430
0.137316 0.818093
0.145206 0.817602
0.163981 0.856397
0.172245 0.856680
0.180519 0.856026
0.163072 0.838805
0.155183 0.838468
0.147292 0.837978
0.111408 0.820202
0.129463 0.813601
0.137364 0.814806
0.145263 0.816132
0.163587 0.854927
0.171761 0.855257
0.179916 0.854561
0.163128 0.840270
0.155231 0.841749
0.147328 0.842802
0.112081 0.815378
0.120255 0.814682
0.128409 0.815745
0.155729 0.844290
0.148450 0.846937
0.112688 0.811243
0.120679 0.808694
0.128615 0.811601
0.130585 0.809457
0.137862 0.812252
0.145313 0.814621
0.163469 0.853416
0.171460 0.853823
0.179395 0.853059
0.163178 0.841773
0.120969 0.805251
0.128852 0.808514
0.132281 0.806370
0.138689 0.810586
0.145377 0.813471
0.163272 0.852265
0.171226 0.852493
0.179109 0.851910
0.163242 0.842921
0.157116 0.846455
0.150146 0.850022
0.144582 0.854373
0.146278 0.854700
0.144180 0.862654
0.141752 0.862364
0.153248 0.851334
0.163395 0.844515
0.157478 0.847035
0.171001 0.850645
0.178884 0.850317
0.163048 0.850672
0.139248 0.809355
0.145530 0.811877
0.135451 0.805251
0.146273 0.870536
0.906531 0.826951
0.915156 0.828961
0.909355 0.835844
0.898609 0.762654
0.896139 0.756673
0.903489 0.759052
0.862869 0.807744
0.866336 0.809797
0.862779 0.813394
0.844762 0.756023
0.849586 0.756998
0.842235 0.762665
0.844746 0.771130
0.854500 0.758690
0.853235 0.771952
0.833189 0.778840
0.837032 0.778048
0.836020 0.783572
0.896339 0.832682
0.903037 0.841321
0.895134 0.836996
0.955656 0.829661
0.951553 0.823002
0.955273 0.821160
0.873506 0.783050
0.879117 0.779614
0.878494 0.784937
0.953395 0.800769
0.948526 0.799524
0.951136 0.794713
0.916491 0.812585
0.905864 0.811925
0.914107 0.802524
0.902719 0.774844
0.897058 0.769347
0.904931 0.769830
0.879279 0.793798
0.885508 0.792591
0.880378 0.799834
0.871233 0.813406
0.866426 0.815344
0.883522 0.778753
0.888214 0.772769
0.886909 0.778844
0.923615 0.882286
0.918820 0.885938
0.918809 0.880473
0.922797 0.835156
0.929380 0.830415
0.927355 0.838799
0.919392 0.795424
0.927032 0.799639
0.921457 0.802504
0.915766 0.771956
0.914644 0.768363
0.921137 0.761231
0.916750 0.762329
0.916908 0.756103
0.919222 0.761707
0.934427 0.874505
0.930453 0.883304
0.927057 0.880361
0.889858 0.861523
0.885275 0.869150
0.882168 0.868528
0.848186 0.780316
0.841384 0.775314
0.830434 0.757308
0.833700 0.763938
0.831595 0.766001
0.822175 0.756355
0.825994 0.767334
0.823301 0.766933
0.896195 0.864847
0.898717 0.868052
0.890694 0.875185
0.920466 0.867236
0.919702 0.871270
0.916386 0.868552
0.971582 0.863149
0.969014 0.865111
0.961293 0.856064
0.874626 0.824260
0.874406 0.831023
0.870320 0.824136
0.953889 0.812574
0.956828 0.817201
0.951574 0.817485
0.861977 0.772027
0.859513 0.761067
0.869601 0.778848
0.878529 0.768243
0.872429 0.757715
0.879440 0.762525
0.858591 0.825761
0.862599 0.827952
0.859543 0.832328
0.856237 0.822863
0.854613 0.818463
0.858484 0.817326
0.978165 0.882068
0.975494 0.882510
0.976988 0.870176
0.854339 0.873582
0.857617 0.866266
0.857778 0.873558
0.832662 0.846159
0.836767 0.848626
0.829991 0.847963
0.849387 0.750988
0.853356 0.753291
0.960485 0.818006
0.962921 0.826146
0.961403 0.831054
0.955365 0.852523
0.957364 0.859209
0.954788 0.860614
0.945339 0.852882
0.949112 0.852100
0.948251 0.860370
0.968204 0.868113
0.971261 0.865758
0.970214 0.871647
0.967209 0.879204
0.964561 0.881417
0.963343 0.872216
0.869112 0.753215
0.876332 0.754549
0.878400 0.757664
0.848883 0.735622
0.851841 0.725766
0.852193 0.737066
0.891011 0.754705
0.891053 0.760419
0.833731 0.802863
0.835873 0.814989
0.830165 0.802985
0.852074 0.821515
0.849914 0.806557
0.853619 0.807284
0.841636 0.782004
0.848539 0.785434
0.842132 0.786595
0.924870 0.811173
0.929972 0.811157
0.955856 0.872040
0.960220 0.879107
0.958177 0.882899
0.874282 0.859013
0.870736 0.861930
0.869002 0.851800
0.967565 0.818528
0.964073 0.820264
0.958781 0.809798
0.867094 0.864658
0.866336 0.854415
0.871114 0.841840
0.872897 0.836906
0.876457 0.841474
0.864848 0.837914
0.864287 0.832834
0.868731 0.835661
0.833364 0.754030
0.821217 0.746177
0.826268 0.744344
0.824570 0.747690
0.969404 0.795848
0.966058 0.790146
0.972340 0.789773
0.920977 0.843373
0.841475 0.737050
0.840443 0.724609
0.842981 0.726572
0.835360 0.818078
0.831788 0.817202
0.831457 0.812728
0.843491 0.720883
0.843918 0.717272
0.847281 0.719011
0.853924 0.726269
0.901120 0.754818
0.905316 0.755307
0.903661 0.749805
0.904754 0.735097
0.906616 0.747919
0.902097 0.806313
0.890387 0.828676
0.939133 0.755133
0.942592 0.756435
0.934458 0.762614
0.932429 0.749590
0.925428 0.758910
0.924385 0.755241
0.856642 0.847370
0.860067 0.849412
0.858052 0.850928
0.933713 0.862549
0.941029 0.854163
0.943647 0.856242
0.977162 0.828190
0.969137 0.823246
0.975702 0.824474
0.940572 0.880965
0.940368 0.886721
0.937824 0.881858
0.831318 0.782434
0.914293 0.778883
0.911983 0.773316
0.917611 0.775051
0.937181 0.875306
0.940585 0.872891
0.940606 0.876764
0.878263 0.809881
0.875779 0.806135
0.896497 0.806373
0.894146 0.814282
0.889428 0.811086
0.959873 0.870969
0.966690 0.824987
0.972599 0.828848
0.964466 0.826602
0.844714 0.766036
0.966508 0.854352
0.963208 0.854866
0.884223 0.767280
0.965027 0.805864
0.969510 0.815581
0.961213 0.804917
0.931480 0.859903
0.840142 0.842041
0.835197 0.842278
0.834947 0.837122
0.835228 0.828796
0.843064 0.833676
0.832845 0.834240
0.840498 0.836718
0.964440 0.800796
0.958540 0.799530
0.963287 0.794749
0.857831 0.863600
0.853766 0.863385
0.855124 0.859154
0.971974 0.833535
0.971485 0.836644
0.964726 0.830253
0.958024 0.840587
0.958246 0.838676
0.965511 0.842643
0.865241 0.784943
0.857117 0.781734
0.847263 0.789009
0.926715 0.767898
0.922827 0.773723
0.923730 0.765048
0.929378 0.762530
0.930142 0.756558
0.935559 0.752772
0.851922 0.795920
0.892691 0.879468
0.888240 0.883749
0.887912 0.879154
0.908951 0.718647
0.907341 0.723546
0.904764 0.722904
0.910123 0.725736
0.908033 0.736409
0.909059 0.843105
0.901837 0.832654
0.920177 0.848005
0.926381 0.844324
0.965086 0.850394
0.958605 0.845851
0.839410 0.771222
0.898220 0.753276
0.897265 0.750661
0.927886 0.888237
0.924609 0.884394
0.892721 0.825796
0.848749 0.817895
0.832717 0.791089
0.829476 0.790639
0.953756 0.808524
0.948218 0.804893
0.946340 0.815339
0.845549 0.794196
0.846736 0.801695
0.843560 0.806453
0.827204 0.804945
0.825208 0.801987
0.825893 0.789909
0.867814 0.804703
0.864896 0.800536
0.875003 0.799041
0.896918 0.859651
0.894961 0.853664
0.899107 0.853832
0.887468 0.861645
0.891507 0.853410
0.937731 0.828552
0.934474 0.835022
0.934872 0.828292
0.853255 0.789262
0.854143 0.785499
0.860678 0.788340
0.883520 0.789909
0.923722 0.793089
0.844331 0.753371
0.846712 0.740384
0.979961 0.871115
0.925124 0.871878
0.930280 0.872245
0.980700 0.824185
0.912325 0.885692
0.908652 0.883911
0.911201 0.877676
0.926871 0.821105
0.911471 0.819802
0.919337 0.816396
0.919441 0.824000
0.909098 0.761581
0.909472 0.754848
0.913106 0.759054
0.936427 0.872969
0.949878 0.880137
0.946359 0.888522
0.945911 0.880389
0.854208 0.866748
0.820038 0.750030
0.932751 0.823381
0.936098 0.819738
0.845978 0.727595
0.845690 0.735837
0.843499 0.737375
0.912450 0.753451
0.841103 0.754768
0.906749 0.860421
0.904586 0.862810
0.900487 0.855120
0.910468 0.857824
0.902747 0.852840
0.905865 0.850361
0.914695 0.847781
0.916400 0.844859
0.958335 0.793270
0.952044 0.854826
0.851698 0.849844
0.855067 0.850373
0.866752 0.819738
0.872182 0.819240
0.861254 0.823102
0.830908 0.777237
0.930186 0.767292
0.926230 0.775287
0.873825 0.793171
0.870251 0.799837
0.869461 0.795855
0.918843 0.860214
0.921687 0.863702
0.916274 0.861671
0.832951 0.748465
0.829703 0.751951
0.829387 0.746904
0.877758 0.865238
0.880873 0.862374
0.886062 0.754089
0.889735 0.753036
0.884768 0.762753
0.850239 0.738770
0.852006 0.749619
0.845900 0.809411
0.846930 0.823677
0.842608 0.821489
0.846478 0.847968
0.840641 0.853996
0.842156 0.845624
0.867716 0.758570
0.859842 0.750893
0.865460 0.749444
0.823317 0.846843
0.825845 0.853358
0.819281 0.848679
0.971611 0.878530
0.973768 0.868099
0.931895 0.801525
0.932664 0.807374
0.929655 0.795720
0.827073 0.848110
0.835148 0.854125
0.830749 0.856651
0.974190 0.839795
0.971277 0.841350
0.967711 0.838745
0.959339 0.836343
0.849218 0.726694
0.845832 0.722672
0.849082 0.722662
0.827058 0.750106
0.826325 0.757495
0.946718 0.810919
0.897895 0.824997
0.888704 0.817170
0.892702 0.820051
0.888940 0.823493
0.847884 0.854221
0.859231 0.810122
0.855207 0.812970
0.867096 0.763198
0.875529 0.772179
0.875668 0.777895
0.884825 0.880865
0.852101 0.720076
0.887979 0.871203
0.893323 0.862047
0.957042 0.805991
0.974603 0.841827
0.972543 0.843343
0.851921 0.858649
0.913568 0.717351
0.917260 0.720962
0.912564 0.720178
0.920330 0.875066
0.852989 0.852732
0.856757 0.854856
0.913319 0.876569
0.956745 0.814787
0.881467 0.760439
0.882138 0.753235
0.898633 0.884018
0.894709 0.883932
0.896088 0.875832
0.950301 0.889167
0.900953 0.734268
0.901119 0.748245
0.854571 0.748239
0.919845 0.782514
0.920177 0.790674
0.925565 0.847208
0.931312 0.839250
0.932093 0.833071
0.953914 0.834948
0.948775 0.823253
0.968820 0.884693
0.968964 0.879808
0.972575 0.883511
0.956042 0.811093
0.961867 0.808745
0.884341 0.783369
0.930249 0.844088
0.901808 0.819261
0.917262 0.864586
0.835521 0.762348
0.839018 0.761493
0.976524 0.857856
0.969023 0.852778
0.969370 0.849539
0.824695 0.751806
0.954605 0.789356
0.902800 0.843577
0.875680 0.817518
0.936428 0.807010
0.939126 0.820425
0.938042 0.813001
0.951403 0.862351
0.849560 0.793349
0.847152 0.789909
0.850662 0.790125
0.905090 0.763677
0.909458 0.768270
0.898404 0.748499
0.966973 0.808178
0.970838 0.801337
0.849003 0.871727
0.851344 0.863825
0.851104 0.872362
0.896855 0.801039
0.908640 0.793797
0.902350 0.800194
0.884197 0.772423
0.879839 0.774034
0.878644 0.835790
0.868459 0.830470
0.862623 0.754392
0.915150 0.764382
0.917995 0.873251
0.912947 0.872060
0.937721 0.747777
0.871932 0.806170
0.876517 0.869302
0.916265 0.874505
0.936092 0.864343
0.849210 0.862031
0.977527 0.819304
0.976847 0.821320
0.936967 0.878552
0.871700 0.850797
0.969631 0.785867
0.964243 0.785028
0.916573 0.849714
0.914996 0.792519
0.911490 0.796778
0.925328 0.828615
0.915059 0.840787
0.914581 0.724689
0.910911 0.737130
0.866672 0.825448
0.933600 0.767013
0.923972 0.862124
0.973674 0.860353
0.947062 0.845851
0.950487 0.847117
0.946916 0.849830
0.841714 0.826939
0.864164 0.854022
0.862584 0.856226
0.951259 0.873991
0.949070 0.876218
0.947101 0.872891
0.931558 0.817993
0.934693 0.812632
0.942315 0.750110
0.853660 0.855932
0.859325 0.859221
0.957159 0.851972
0.952268 0.848928
0.955431 0.846464
0.839428 0.812034
0.841613 0.818226
0.840167 0.821193
0.838456 0.819887
0.920305 0.777317
0.868806 0.788398
0.853830 0.736602
0.908794 0.776430
0.905128 0.779043
0.910605 0.781125
0.909276 0.784381
0.869129 0.847370
0.865883 0.847513
0.866370 0.850230
0.863546 0.850080
0.831373 0.744749
0.836218 0.773990
0.832100 0.775033
0.829092 0.767151
0.977794 0.866638
0.951446 0.866742
0.955472 0.863827
0.944317 0.875826
0.980097 0.828358
0.835572 0.821489
0.862679 0.818404
0.910539 0.847929
0.960939 0.885467
0.944312 0.850361
0.960638 0.788960
0.878618 0.827470
0.935382 0.801879
0.835973 0.786584
0.941252 0.808326
0.879322 0.790094
0.980700 0.881666
0.962585 0.867882
0.958643 0.867389
0.840811 0.720098
0.891749 0.883267
0.948176 0.818368
0.925565 0.791065
0.850406 0.855725
0.908554 0.858784
0.819281 0.755053
0.974236 0.836808
0.880230 0.881045
0.881724 0.875832
0.883830 0.883080
0.860864 0.866609
0.861263 0.874749
0.879264 0.751073
0.876444 0.857699
0.940121 0.813631
0.941661 0.817298
0.910848 0.791114
0.952891 0.877933
0.934837 0.838241
0.875275 0.788285
0.927080 0.861327
0.926950 0.856850
0.931568 0.856001
0.868281 0.843789
0.878461 0.846614
0.880646 0.842372
0.883818 0.846723
0.914457 0.783754
0.877040 0.872332
0.870051 0.869237
0.953128 0.888569
0.954123 0.873727
0.961849 0.821951
0.923617 0.868807
0.874777 0.878034
0.875081 0.872978
0.879235 0.877603
0.931682 0.747011
0.936730 0.745281
0.889328 0.875832
0.848697 0.717109
0.895599 0.850361
0.829610 0.832690
0.902367 0.875832
0.907658 0.886298
0.899627 0.877126
0.922325 0.873858
0.912904 0.864460
0.962318 0.817339
0.948939 0.864619
0.941060 0.746257
0.820636 0.762534
0.859316 0.855947
0.860241 0.852961
0.878947 0.822288
0.855876 0.827766
0.943326 0.859166
0.968563 0.844471
0.873163 0.872978
0.873783 0.877662
0.870071 0.876846
0.887461 0.782750
0.976711 0.863422
0.835100 0.751534
0.965413 0.869259
0.923783 0.778919
0.938805 0.852114
0.839955 0.761627
0.959774 0.815310
0.843489 0.858010
0.859182 0.805727
0.852692 0.791662
0.953774 0.837303
0.851454 0.826292
0.920645 0.758025
0.980697 0.820284
0.908856 0.874505
0.943323 0.877064
0.958760 0.786247
0.894578 0.764984
0.966293 0.845204
0.935421 0.881123
0.893686 0.877030
0.950882 0.831414
0.916325 0.789909
0.861432 0.862502
0.859805 0.875416
0.962429 0.819197
0.836355 0.759108
0.886503 0.818723
0.879057 0.815965
0.938438 0.743849
0.873650 0.845204
0.943425 0.802060
0.899217 0.862062
0.834800 0.790064
0.835757 0.801700
0.909769 0.717109
0.181027 0.889580
0.182109 0.884399
0.175340 0.884576
0.179744 0.879321
0.175176 0.877322
0.169653 0.879572
0.167824 0.884753
0.169884 0.889833
0.175504 0.892401
0.149449 0.854924
0.153425 0.862756
0.153610 0.851558
0.159527 0.854752
0.162594 0.862634
0.159522 0.870588
0.153240 0.873954
0.149443 0.870761
0.147779 0.862879
0.122067 0.853182
0.123762 0.846601
0.117087 0.847707
0.116448 0.855750
0.145967 0.845958
0.142630 0.841488
0.137926 0.844457
0.143916 0.851039
0.181322 0.876892
0.174667 0.875786
0.168050 0.877190
0.165367 0.880283
0.110470 0.846302
0.110925 0.852929
0.161585 0.805251
0.155790 0.811878
0.160496 0.814970
0.163832 0.810432
0.184024 0.879861
0.124881 0.840765
0.117615 0.841584
0.141042 0.836318
0.135357 0.838621
0.110395 0.840440
0.153221 0.817740
0.158908 0.820178
0.164594 0.822481
0.165199 0.817939
0.181446 0.872350
0.174180 0.871531
0.166960 0.872676
0.164015 0.875113
0.118209 0.834684
0.110552 0.833755
0.125902 0.834099
0.146729 0.833881
0.145988 0.828300
0.139316 0.830199
0.132647 0.831955
0.181312 0.866750
0.173619 0.866165
0.165962 0.867094
0.150512 0.824425
0.157183 0.826325
0.163853 0.828081
0.138380 0.825518
0.131173 0.826912
0.145589 0.823977
0.173050 0.861985
0.165132 0.862772
0.180998 0.862415
0.156247 0.831022
0.163454 0.832416
0.149038 0.829480
0.118801 0.829486
0.110883 0.828700
0.126749 0.829056
0.172565 0.858575
0.164537 0.859148
0.180612 0.858787
0.155638 0.835169
0.163124 0.836044
0.147864 0.834149
0.119319 0.824601
0.111292 0.824031
0.127366 0.824392
0.137770 0.821377
0.129999 0.822248
0.145260 0.820353
0.127947 0.820574
0.119673 0.820558
0.137316 0.818093
0.129427 0.818430
0.145206 0.817602
0.172245 0.856680
0.163981 0.856397
0.180519 0.856026
0.155183 0.838468
0.163072 0.838805
0.147292 0.837978
0.111408 0.820202
0.137364 0.814806
0.129463 0.813601
0.145263 0.816132
0.171761 0.855257
0.163587 0.854927
0.179916 0.854561
0.155231 0.841749
0.163128 0.840270
0.147328 0.842802
0.120255 0.814682
0.112081 0.815378
0.128409 0.815745
0.148450 0.846937
0.155729 0.844290
0.120679 0.808694
0.112688 0.811243
0.128615 0.811601
0.137862 0.812252
0.130585 0.809457
0.145313 0.814621
0.171460 0.853823
0.163469 0.853416
0.179395 0.853059
0.163178 0.841773
0.128852 0.808514
0.120969 0.805251
0.138689 0.810586
0.132281 0.806370
0.145377 0.813471
0.171226 0.852493
0.163272 0.852265
0.179109 0.851910
0.157116 0.846455
0.163242 0.842921
0.150146 0.850022
0.144582 0.854373
0.141752 0.862364
0.144180 0.862654
0.146278 0.854700
0.153248 0.851334
0.157478 0.847035
0.163395 0.844515
0.178884 0.850317
0.171001 0.850645
0.163048 0.850672
0.145530 0.811877
0.139248 0.809355
0.135451 0.805251
0.146273 0.870536
0.906531 0.826951
0.909355 0.835844
0.915156 0.828961
0.898609 0.762654
0.903489 0.759052
0.896139 0.756673
0.862869 0.807744
0.862779 0.813394
0.866336 0.809797
0.844762 0.756023
0.842235 0.762665
0.849586 0.756998
0.844746 0.771130
0.853235 0.771952
0.854500 0.758690
0.833189 0.778840
0.836020 0.783572
0.837032 0.778048
0.896339 0.832682
0.895134 0.836996
0.903037 0.841321
0.955656 0.829661
0.955273 0.821160
0.951553 0.823002
0.873506 0.783050
0.878494 0.784937
0.879117 0.779614
0.953395 0.800769
0.951136 0.794713
0.948526 0.799524
0.916491 0.812585
0.914107 0.802524
0.905864 0.811925
0.902719 0.774844
0.904931 0.769830
0.897058 0.769347
0.879279 0.793798
0.880378 0.799834
0.885508 0.792591
0.871233 0.813406
0.866426 0.815344
0.883522 0.778753
0.886909 0.778844
0.888214 0.772769
0.923615 0.882286
0.918809 0.880473
0.918820 0.885938
0.922797 0.835156
0.927355 0.838799
0.929380 0.830415
0.919392 0.795424
0.921457 0.802504
0.927032 0.799639
0.915766 0.771956
0.921137 0.761231
0.914644 0.768363
0.916750 0.762329
0.919222 0.761707
0.916908 0.756103
0.934427 0.874505
0.927057 0.880361
0.930453 0.883304
0.889858 0.861523
0.882168 0.868528
0.885275 0.869150
0.841384 0.775314
0.848186 0.780316
0.830434 0.757308
0.831595 0.766001
0.833700 0.763938
0.822175 0.756355
0.823301 0.766933
0.825994 0.767334
0.896195 0.864847
0.890694 0.875185
0.898717 0.868052
0.920466 0.867236
0.916386 0.868552
0.919702 0.871270
0.971582 0.863149
0.961293 0.856064
0.969014 0.865111
0.874626 0.824260
0.870320 0.824136
0.874406 0.831023
0.953889 0.812574
0.951574 0.817485
0.956828 0.817201
0.861977 0.772027
0.869601 0.778848
0.859513 0.761067
0.878529 0.768243
0.879440 0.762525
0.872429 0.757715
0.858591 0.825761
0.859543 0.832328
0.862599 0.827952
0.856237 0.822863
0.858484 0.817326
0.854613 0.818463
0.978165 0.882068
0.976988 0.870176
0.975494 0.882510
0.854339 0.873582
0.857778 0.873558
0.857617 0.866266
0.832662 0.846159
0.829991 0.847963
0.836767 0.848626
0.849387 0.750988
0.853356 0.753291
0.960485 0.818006
0.961403 0.831054
0.962921 0.826146
0.955365 0.852523
0.954788 0.860614
0.957364 0.859209
0.945339 0.852882
0.948251 0.860370
0.949112 0.852100
0.968204 0.868113
0.970214 0.871647
0.971261 0.865758
0.967209 0.879204
0.963343 0.872216
0.964561 0.881417
0.869112 0.753215
0.878400 0.757664
0.876332 0.754549
0.848883 0.735622
0.852193 0.737066
0.851841 0.725766
0.891011 0.754705
0.891053 0.760419
0.833731 0.802863
0.830165 0.802985
0.835873 0.814989
0.852074 0.821515
0.853619 0.807284
0.849914 0.806557
0.841636 0.782004
0.842132 0.786595
0.848539 0.785434
0.924870 0.811173
0.929972 0.811157
0.955856 0.872040
0.958177 0.882899
0.960220 0.879107
0.874282 0.859013
0.869002 0.851800
0.870736 0.861930
0.967565 0.818528
0.958781 0.809798
0.964073 0.820264
0.866336 0.854415
0.867094 0.864658
0.871114 0.841840
0.876457 0.841474
0.872897 0.836906
0.864848 0.837914
0.868731 0.835661
0.864287 0.832834
0.833364 0.754030
0.821217 0.746177
0.824570 0.747690
0.826268 0.744344
0.969404 0.795848
0.972340 0.789773
0.966058 0.790146
0.920977 0.843373
0.841475 0.737050
0.842981 0.726572
0.840443 0.724609
0.835360 0.818078
0.831457 0.812728
0.831788 0.817202
0.843491 0.720883
0.847281 0.719011
0.843918 0.717272
0.853924 0.726269
0.905316 0.755307
0.901120 0.754818
0.903661 0.749805
0.906616 0.747919
0.904754 0.735097
0.902097 0.806313
0.890387 0.828676
0.939133 0.755133
0.934458 0.762614
0.942592 0.756435
0.932429 0.749590
0.924385 0.755241
0.925428 0.758910
0.856642 0.847370
0.858052 0.850928
0.860067 0.849412
0.933713 0.862549
0.943647 0.856242
0.941029 0.854163
0.977162 0.828190
0.975702 0.824474
0.969137 0.823246
0.940572 0.880965
0.937824 0.881858
0.940368 0.886721
0.831318 0.782434
0.914293 0.778883
0.917611 0.775051
0.911983 0.773316
0.937181 0.875306
0.940606 0.876764
0.940585 0.872891
0.875779 0.806135
0.878263 0.809881
0.896497 0.806373
0.889428 0.811086
0.894146 0.814282
0.959873 0.870969
0.966690 0.824987
0.964466 0.826602
0.972599 0.828848
0.844714 0.766036
0.966508 0.854352
0.963208 0.854866
0.884223 0.767280
0.965027 0.805864
0.961213 0.804917
0.969510 0.815581
0.931480 0.859903
0.840142 0.842041
0.834947 0.837122
0.835197 0.842278
0.835228 0.828796
0.832845 0.834240
0.843064 0.833676
0.840498 0.836718
0.964440 0.800796
0.963287 0.794749
0.958540 0.799530
0.857831 0.863600
0.855124 0.859154
0.853766 0.863385
0.971974 0.833535
0.964726 0.830253
0.971485 0.836644
0.958024 0.840587
0.965511 0.842643
0.958246 0.838676
0.865241 0.784943
0.857117 0.781734
0.847263 0.789009
0.926715 0.767898
0.923730 0.765048
0.922827 0.773723
0.929378 0.762530
0.935559 0.752772
0.930142 0.756558
0.851922 0.795920
0.892691 0.879468
0.887912 0.879154
0.888240 0.883749
0.908951 0.718647
0.904764 0.722904
0.907341 0.723546
0.908033 0.736409
0.910123 0.725736
0.901837 0.832654
0.909059 0.843105
0.920177 0.848005
0.926381 0.844324
0.965086 0.850394
0.958605 0.845851
0.839410 0.771222
0.898220 0.753276
0.897265 0.750661
0.927886 0.888237
0.924609 0.884394
0.892721 0.825796
0.848749 0.817895
0.832717 0.791089
0.829476 0.790639
0.953756 0.808524
0.948218 0.804893
0.946340 0.815339
0.845549 0.794196
0.843560 0.806453
0.846736 0.801695
0.827204 0.804945
0.825893 0.789909
0.825208 0.801987
0.867814 0.804703
0.864896 0.800536
0.875003 0.799041
0.896918 0.859651
0.899107 0.853832
0.894961 0.853664
0.887468 0.861645
0.891507 0.853410
0.937731 0.828552
0.934872 0.828292
0.934474 0.835022
0.853255 0.789262
0.860678 0.788340
0.854143 0.785499
0.883520 0.789909
0.923722 0.793089
0.844331 0.753371
0.846712 0.740384
0.979961 0.871115
0.925124 0.871878
0.930280 0.872245
0.980700 0.824185
0.912325 0.885692
0.911201 0.877676
0.908652 0.883911
0.926871 0.821105
0.911471 0.819802
0.919441 0.824000
0.919337 0.816396
0.909098 0.761581
0.913106 0.759054
0.909472 0.754848
0.936427 0.872969
0.949878 0.880137
0.945911 0.880389
0.946359 0.888522
0.854208 0.866748
0.820038 0.750030
0.932751 0.823381
0.936098 0.819738
0.845978 0.727595
0.843499 0.737375
0.845690 0.735837
0.912450 0.753451
0.841103 0.754768
0.906749 0.860421
0.900487 0.855120
0.904586 0.862810
0.910468 0.857824
0.905865 0.850361
0.902747 0.852840
0.914695 0.847781
0.916400 0.844859
0.958335 0.793270
0.952044 0.854826
0.851698 0.849844
0.855067 0.850373
0.872182 0.819240
0.866752 0.819738
0.861254 0.823102
0.830908 0.777237
0.930186 0.767292
0.926230 0.775287
0.873825 0.793171
0.869461 0.795855
0.870251 0.799837
0.918843 0.860214
0.916274 0.861671
0.921687 0.863702
0.832951 0.748465
0.829387 0.746904
0.829703 0.751951
0.877758 0.865238
0.880873 0.862374
0.886062 0.754089
0.884768 0.762753
0.889735 0.753036
0.850239 0.738770
0.852006 0.749619
0.845900 0.809411
0.842608 0.821489
0.846930 0.823677
0.846478 0.847968
0.842156 0.845624
0.840641 0.853996
0.867716 0.758570
0.859842 0.750893
0.865460 0.749444
0.823317 0.846843
0.819281 0.848679
0.825845 0.853358
0.971611 0.878530
0.973768 0.868099
0.931895 0.801525
0.932664 0.807374
0.929655 0.795720
0.827073 0.848110
0.830749 0.856651
0.835148 0.854125
0.974190 0.839795
0.971277 0.841350
0.967711 0.838745
0.959339 0.836343
0.849218 0.726694
0.845832 0.722672
0.849082 0.722662
0.827058 0.750106
0.826325 0.757495
0.946718 0.810919
0.897895 0.824997
0.888704 0.817170
0.888940 0.823493
0.892702 0.820051
0.847884 0.854221
0.859231 0.810122
0.855207 0.812970
0.875529 0.772179
0.867096 0.763198
0.875668 0.777895
0.884825 0.880865
0.852101 0.720076
0.893323 0.862047
0.887979 0.871203
0.957042 0.805991
0.972543 0.843343
0.974603 0.841827
0.851921 0.858649
0.913568 0.717351
0.912564 0.720178
0.917260 0.720962
0.920330 0.875066
0.852989 0.852732
0.856757 0.854856
0.913319 0.876569
0.956745 0.814787
0.881467 0.760439
0.882138 0.753235
0.898633 0.884018
0.896088 0.875832
0.894709 0.883932
0.950301 0.889167
0.900953 0.734268
0.901119 0.748245
0.854571 0.748239
0.919845 0.782514
0.920177 0.790674
0.925565 0.847208
0.931312 0.839250
0.932093 0.833071
0.948775 0.823253
0.953914 0.834948
0.968820 0.884693
0.972575 0.883511
0.968964 0.879808
0.956042 0.811093
0.961867 0.808745
0.884341 0.783369
0.930249 0.844088
0.901808 0.819261
0.917262 0.864586
0.835521 0.762348
0.839018 0.761493
0.976524 0.857856
0.969370 0.849539
0.969023 0.852778
0.824695 0.751806
0.954605 0.789356
0.902800 0.843577
0.875680 0.817518
0.936428 0.807010
0.939126 0.820425
0.938042 0.813001
0.951403 0.862351
0.849560 0.793349
0.850662 0.790125
0.847152 0.789909
0.905090 0.763677
0.909458 0.768270
0.898404 0.748499
0.966973 0.808178
0.970838 0.801337
0.849003 0.871727
0.851104 0.872362
0.851344 0.863825
0.896855 0.801039
0.908640 0.793797
0.902350 0.800194
0.884197 0.772423
0.879839 0.774034
0.878644 0.835790
0.868459 0.830470
0.862623 0.754392
0.915150 0.764382
0.912947 0.872060
0.917995 0.873251
0.937721 0.747777
0.871932 0.806170
0.876517 0.869302
0.916265 0.874505
0.936092 0.864343
0.849210 0.862031
0.977527 0.819304
0.976847 0.821320
0.936967 0.878552
0.871700 0.850797
0.969631 0.785867
0.964243 0.785028
0.916573 0.849714
0.914996 0.792519
0.911490 0.796778
0.925328 0.828615
0.915059 0.840787
0.910911 0.737130
0.914581 0.724689
0.866672 0.825448
0.933600 0.767013
0.923972 0.862124
0.973674 0.860353
0.947062 0.845851
0.946916 0.849830
0.950487 0.847117
0.841714 0.826939
0.864164 0.854022
0.862584 0.856226
0.951259 0.873991
0.947101 0.872891
0.949070 0.876218
0.931558 0.817993
0.934693 0.812632
0.942315 0.750110
0.853660 0.855932
0.859325 0.859221
0.957159 0.851972
0.955431 0.846464
0.952268 0.848928
0.839428 0.812034
0.841613 0.818226
0.838456 0.819887
0.840167 0.821193
0.920305 0.777317
0.868806 0.788398
0.853830 0.736602
0.908794 0.776430
0.905128 0.779043
0.909276 0.784381
0.910605 0.781125
0.869129 0.847370
0.865883 0.847513
0.863546 0.850080
0.866370 0.850230
0.831373 0.744749
0.836218 0.773990
0.829092 0.767151
0.832100 0.775033
0.977794 0.866638
0.951446 0.866742
0.955472 0.863827
0.944317 0.875826
0.980097 0.828358
0.835572 0.821489
0.862679 0.818404
0.910539 0.847929
0.960939 0.885467
0.944312 0.850361
0.960638 0.788960
0.878618 0.827470
0.935382 0.801879
0.835973 0.786584
0.941252 0.808326
0.879322 0.790094
0.980700 0.881666
0.962585 0.867882
0.958643 0.867389
0.840811 0.720098
0.891749 0.883267
0.948176 0.818368
0.925565 0.791065
0.850406 0.855725
0.908554 0.858784
0.819281 0.755053
0.974236 0.836808
0.880230 0.881045
0.883830 0.883080
0.881724 0.875832
0.861263 0.874749
0.860864 0.866609
0.879264 0.751073
0.876444 0.857699
0.940121 0.813631
0.941661 0.817298
0.910848 0.791114
0.952891 0.877933
0.934837 0.838241
0.875275 0.788285
0.927080 0.861327
0.931568 0.856001
0.926950 0.856850
0.868281 0.843789
0.878461 0.846614
0.883818 0.846723
0.880646 0.842372
0.914457 0.783754
0.877040 0.872332
0.870051 0.869237
0.953128 0.888569
0.954123 0.873727
0.961849 0.821951
0.923617 0.868807
0.874777 0.878034
0.879235 0.877603
0.875081 0.872978
0.931682 0.747011
0.936730 0.745281
0.889328 0.875832
0.848697 0.717109
0.895599 0.850361
0.829610 0.832690
0.902367 0.875832
0.899627 0.877126
0.907658 0.886298
0.922325 0.873858
0.912904 0.864460
0.962318 0.817339
0.948939 0.864619
0.941060 0.746257
0.820636 0.762534
0.859316 0.855947
0.860241 0.852961
0.878947 0.822288
0.855876 0.827766
0.943326 0.859166
0.968563 0.844471
0.873163 0.872978
0.870071 0.876846
0.873783 0.877662
0.887461 0.782750
0.976711 0.863422
0.835100 0.751534
0.965413 0.869259
0.923783 0.778919
0.938805 0.852114
0.839955 0.761627
0.959774 0.815310
0.843489 0.858010
0.859182 0.805727
0.852692 0.791662
0.953774 0.837303
0.851454 0.826292
0.920645 0.758025
0.980697 0.820284
0.908856 0.874505
0.943323 0.877064
0.958760 0.786247
0.894578 0.764984
0.966293 0.845204
0.935421 0.881123
0.893686 0.877030
0.950882 0.831414
0.916325 0.789909
0.861432 0.862502
0.859805 0.875416
0.962429 0.819197
0.836355 0.759108
0.886503 0.818723
0.879057 0.815965
0.938438 0.743849
0.873650 0.845204
0.943425 0.802060
0.899217 0.862062
0.834800 0.790064
0.835757 0.801700
0.909769 0.717109
</float_array>
          <technique_common>
            <accessor source="#stanMesh-UV0-array" count="2422" stride="2">
              <param name="S" type="float"/>
              <param name="T" type="float"/>
            </accessor>
          </technique_common>
        </source>
        <vertices id="stanMesh-VERTEX">
          <input semantic="POSITION" source="#stanMesh-POSITION"/>
        </vertices>
        <triangles count="3132" material="lambert8"><input semantic="VERTEX" offset="0" source="#stanMesh-VERTEX"/><input semantic="NORMAL" offset="1" source="#stanMesh-Normal0"/><input semantic="TEXCOORD" offset="2" set="0" source="#stanMesh-UV0"/><p> 19 0 1 1 1 3 0 2 0 1 3 3 19 4 1 18 5 2 0 6 0 3 7 4 2 8 5 3 9 4 0 10 0 1 11 3 2 12 5 3 13 4 5 14 6 2 15 5 5 16 6 4 17 7 42 18 9 7 19 11 6 20 8 7 21 11 42 22 9 41 23 10 10 24 13 9 25 15 8 26 12 9 27 15 10 28 13 11 29 14 12 30 16 11 31 14 10 32 13 11 33 14 12 34 16 13 35 17 14 36 18 13 37 17 12 38 16 13 39 17 14 40 18 15 41 19 17 42 20 16 43 21 6 44 8 17 45 20 6 46 8 7 47 11 16 48 21 18 49 2 19 50 1 18 51 2 16 52 21 17 53 20 124 54 23 123 55 24 0 56 22 19 57 25 0 58 22 123 59 24 130 60 27 1 61 29 18 62 26 1 63 29 130 64 27 129 65 28 125 66 31 124 67 32 2 68 30 0 69 33 2 70 30 124 71 32 129 72 28 3 73 35 1 74 29 3 75 35 129 76 28 128 77 34 125 78 31 4 79 36 126 80 37 2 81 30 4 82 36 125 83 31 128 84 34 5 85 39 3 86 35 5 87 39 128 88 34 127 89 38 127 90 38 4 91 36 5 92 39 4 93 36 127 94 38 126 95 37 121 96 41 42 97 43 6 98 40 42 99 43 121 100 41 120 101 42 111 102 45 7 103 47 41 104 44 7 105 47 111 106 45 110 107 46 119 108 49 10 109 51 8 110 48 10 111 51 119 112 49 118 113 50 113 114 53 112 115 54 11 116 52 9 117 55 11 118 52 112 119 54 118 120 50 117 121 56 10 122 51 10 123 51 117 124 56 12 125 57 113 126 53 13 127 58 114 128 59 11 129 52 13 130 58 113 131 53 117 132 56 116 133 60 12 134 57 12 135 57 116 136 60 14 137 61 115 138 63 13 139 58 15 140 62 13 141 58 115 142 63 114 143 59 115 144 63 14 145 61 116 146 60 14 147 61 115 148 63 15 149 62 122 150 65 6 151 40 16 152 64 6 153 40 122 154 65 121 155 41 110 156 67 131 157 68 7 158 66 17 159 69 7 160 66 131 161 68 123 162 24 122 163 65 19 164 25 16 165 64 19 166 25 122 167 65 131 168 68 18 169 26 17 170 69 18 171 26 131 172 68 130 173 27 41 174 44 112 175 54 111 176 45 112 177 54 41 178 44 9 179 55 8 180 12 41 181 10 42 182 9 41 183 10 8 184 12 9 185 15 8 186 48 42 187 43 120 188 42 120 189 42 119 190 49 8 191 48 44 192 71 21 193 73 20 194 70 21 195 73 44 196 71 45 197 72 47 198 75 46 199 76 23 200 74 23 201 74 46 202 76 22 203 77 48 204 79 20 205 81 24 206 78 20 207 81 48 208 79 44 209 80 46 210 76 25 211 83 22 212 77 25 213 83 46 214 76 49 215 82 50 216 85 24 217 78 26 218 84 24 219 78 50 220 85 48 221 79 49 222 82 27 223 87 25 224 83 27 225 87 49 226 82 51 227 86 51 228 86 26 229 84 27 230 87 26 231 84 51 232 86 50 233 85 52 234 89 43 235 91 28 236 88 43 237 91 52 238 89 53 239 90 54 240 94 30 241 95 40 242 92 40 243 92 55 244 93 54 245 94 56 246 97 32 247 99 29 248 96 32 249 99 56 250 97 57 251 98 58 252 102 31 253 103 33 254 100 33 255 100 59 256 101 58 257 102 57 258 98 34 259 105 32 260 99 34 261 105 57 262 98 60 263 104 59 264 101 35 265 106 61 266 107 35 267 106 59 268 101 33 269 100 60 270 104 36 271 109 34 272 105 36 273 109 60 274 104 62 275 108 63 276 111 35 277 106 37 278 110 35 279 106 63 280 111 61 281 107 37 282 110 62 283 108 63 284 111 62 285 108 37 286 110 36 287 109 64 288 113 28 289 88 38 290 112 28 291 88 64 292 113 52 293 89 54 294 115 39 295 117 30 296 114 39 297 117 54 298 115 65 299 116 45 300 72 38 301 112 21 302 73 38 303 112 45 304 72 64 305 113 65 306 116 23 307 74 39 308 117 23 309 74 65 310 116 47 311 75 55 312 93 40 313 92 31 314 103 31 315 103 58 316 102 55 317 93 53 318 90 29 319 96 43 320 91 29 321 96 53 322 90 56 323 97 66 324 118 67 325 119 44 326 71 44 327 71 67 328 119 45 329 72 69 330 120 46 331 76 47 332 75 46 333 76 69 334 120 68 335 121 70 336 122 44 337 80 48 338 79 44 339 80 70 340 122 66 341 123 68 342 121 49 343 82 46 344 76 49 345 82 68 346 121 71 347 124 72 348 125 48 349 79 50 350 85 48 351 79 72 352 125 70 353 122 71 354 124 51 355 86 49 356 82 51 357 86 71 358 124 73 359 126 73 360 126 50 361 85 51 362 86 50 363 85 73 364 126 72 365 125 74 366 127 75 367 128 52 368 89 52 369 89 75 370 128 53 371 90 76 372 130 54 373 94 55 374 93 76 375 130 55 376 93 77 377 129 78 378 131 57 379 98 56 380 97 57 381 98 78 382 131 79 383 132 80 384 134 58 385 102 59 386 101 80 387 134 59 388 101 81 389 133 79 390 132 82 391 135 57 392 98 57 393 98 82 394 135 60 395 104 81 396 133 61 397 107 83 398 136 61 399 107 81 400 133 59 401 101 82 402 135 84 403 137 60 404 104 60 405 104 84 406 137 62 407 108 85 408 138 83 409 136 63 410 111 63 411 111 83 412 136 61 413 107 85 414 138 62 415 108 84 416 137 62 417 108 85 418 138 63 419 111 86 420 139 74 421 127 64 422 113 64 423 113 74 424 127 52 425 89 65 426 116 76 427 140 87 428 141 76 429 140 65 430 116 54 431 115 67 432 119 86 433 139 45 434 72 45 435 72 86 436 139 64 437 113 47 438 75 87 439 141 69 440 120 87 441 141 47 442 75 65 443 116 77 444 129 55 445 93 58 446 102 77 447 129 58 448 102 80 449 134 75 450 128 56 451 97 53 452 90 56 453 97 75 454 128 78 455 131 88 456 142 89 457 143 66 458 118 67 459 119 66 460 118 89 461 143 91 462 144 68 463 121 69 464 120 68 465 121 91 466 144 90 467 145 92 468 146 66 469 123 70 470 122 66 471 123 92 472 146 88 473 147 90 474 145 71 475 124 68 476 121 71 477 124 90 478 145 93 479 148 94 480 149 70 481 122 72 482 125 70 483 122 94 484 149 92 485 146 93 486 148 73 487 126 71 488 124 73 489 126 93 490 148 95 491 150 95 492 150 72 493 125 73 494 126 72 495 125 95 496 150 94 497 149 96 498 151 75 499 128 74 500 127 75 501 128 96 502 151 97 503 152 76 504 130 99 505 153 98 506 154 99 507 153 76 508 130 77 509 129 79 510 132 100 511 155 101 512 156 100 513 155 79 514 132 78 515 131 102 516 158 80 517 134 81 518 133 102 519 158 81 520 133 103 521 157 101 522 156 104 523 159 79 524 132 79 525 132 104 526 159 82 527 135 103 528 157 83 529 136 105 530 160 83 531 136 103 532 157 81 533 133 104 534 159 84 535 137 82 536 135 84 537 137 104 538 159 106 539 161 107 540 162 83 541 136 85 542 138 83 543 136 107 544 162 105 545 160 106 546 161 85 547 138 84 548 137 85 549 138 106 550 161 107 551 162 108 552 163 96 553 151 86 554 139 86 555 139 96 556 151 74 557 127 87 558 141 98 559 164 109 560 165 98 561 164 87 562 141 76 563 140 89 564 143 108 565 163 67 566 119 67 567 119 108 568 163 86 569 139 69 570 120 109 571 165 91 572 144 109 573 165 69 574 120 87 575 141 99 576 153 77 577 129 80 578 134 99 579 153 80 580 134 102 581 158 97 582 152 78 583 131 75 584 128 78 585 131 97 586 152 100 587 155 110 588 46 40 589 92 30 590 95 40 591 92 110 592 46 111 593 45 40 594 92 111 595 45 112 596 54 112 597 54 31 598 103 40 599 92 31 600 103 112 601 54 113 602 53 113 603 53 33 604 100 31 605 103 33 606 100 114 607 59 35 608 106 114 609 59 33 610 100 113 611 53 37 612 110 114 613 59 115 614 63 114 615 59 37 616 110 35 617 106 37 618 110 116 619 60 36 620 109 116 621 60 37 622 110 115 623 63 34 624 105 36 625 109 117 626 56 117 627 56 36 628 109 116 629 60 32 630 99 34 631 105 118 632 50 118 633 50 34 634 105 117 635 56 29 636 96 118 637 50 119 638 49 118 639 50 29 640 96 32 641 99 120 642 42 43 643 91 119 644 49 43 645 91 29 646 96 119 647 49 28 648 88 120 649 42 121 650 41 120 651 42 28 652 88 43 653 91 38 654 112 121 655 41 122 656 65 121 657 41 38 658 112 28 659 88 123 660 24 21 661 73 38 662 112 123 663 24 38 664 112 122 665 65 124 666 23 20 667 70 21 668 73 124 669 23 21 670 73 123 671 24 20 672 81 124 673 32 125 674 31 125 675 31 24 676 78 20 677 81 24 678 78 125 679 31 126 680 37 24 681 78 126 682 37 26 683 84 27 684 87 126 685 37 127 686 38 126 687 37 27 688 87 26 689 84 25 690 83 127 691 38 128 692 34 127 693 38 25 694 83 27 695 87 22 696 77 128 697 34 129 698 28 128 699 34 22 700 77 25 701 83 23 702 74 129 703 28 130 704 27 129 705 28 23 706 74 22 707 77 39 708 117 130 709 27 131 710 68 130 711 27 39 712 117 23 713 74 131 714 68 30 715 114 39 716 117 30 717 114 131 718 68 110 719 67 133 720 167 151 721 169 132 722 166 151 723 169 133 724 167 150 725 168 132 726 166 135 727 171 133 728 167 135 729 171 132 730 166 134 731 170 134 732 170 137 733 173 135 734 171 137 735 173 134 736 170 136 737 172 139 738 175 174 739 177 138 740 174 174 741 177 139 742 175 173 743 176 141 744 179 142 745 181 140 746 178 142 747 181 141 748 179 143 749 180 143 750 180 144 751 183 142 752 181 144 753 183 143 754 180 145 755 182 145 756 182 146 757 185 144 758 183 146 759 185 145 760 182 147 761 184 139 762 175 138 763 174 149 764 186 148 765 187 149 766 186 138 767 174 150 768 168 148 769 187 151 770 169 148 771 187 150 772 168 149 773 186 233 774 190 234 775 191 132 776 188 132 777 188 151 778 189 233 779 190 240 780 195 133 781 193 239 782 194 133 783 193 240 784 195 150 785 192 134 786 196 132 787 197 234 788 198 134 789 196 234 790 198 235 791 199 239 792 194 135 793 200 238 794 201 135 795 200 239 796 194 133 797 193 235 798 199 236 799 203 136 800 202 235 801 199 136 802 202 134 803 196 238 804 201 137 805 204 237 806 205 137 807 204 238 808 201 135 809 200 237 810 205 136 811 202 236 812 203 136 813 202 237 814 205 137 815 204 231 816 209 174 817 207 230 818 208 174 819 207 231 820 209 138 821 206 139 822 211 221 823 213 173 824 210 221 825 213 139 826 211 220 827 212 229 828 217 142 829 215 228 830 216 142 831 215 229 832 217 140 833 214 222 834 220 143 835 218 141 836 219 143 837 218 222 838 220 223 839 221 227 840 223 228 841 216 142 842 215 142 843 215 144 844 222 227 845 223 223 846 221 224 847 225 145 848 224 223 849 221 145 850 224 143 851 218 226 852 227 227 853 223 144 854 222 144 855 222 146 856 226 226 857 227 225 858 229 145 859 224 224 860 225 145 861 224 225 862 229 147 863 228 225 864 229 226 865 227 146 866 226 225 867 229 146 868 226 147 869 228 232 870 231 138 871 206 231 872 209 138 873 206 232 874 231 148 875 230 241 876 234 139 877 232 149 878 233 139 879 232 241 880 234 220 881 235 232 882 231 233 883 190 151 884 189 151 885 189 148 886 230 232 887 231 150 888 192 241 889 234 149 890 233 241 891 234 150 892 192 240 893 195 222 894 220 173 895 210 221 896 213 173 897 210 222 898 220 141 899 219 173 900 176 140 901 178 174 902 177 140 903 178 173 904 176 141 905 179 140 906 214 230 907 208 174 908 207 230 909 208 140 910 214 229 911 217 153 912 237 176 913 239 152 914 236 176 915 239 153 916 237 177 917 238 179 918 243 155 919 240 178 920 242 155 921 240 154 922 241 178 923 242 152 924 245 180 925 247 156 926 244 180 927 247 152 928 245 176 929 246 178 930 242 157 931 248 181 932 249 157 933 248 178 934 242 154 935 241 156 936 244 182 937 251 158 938 250 182 939 251 156 940 244 180 941 247 159 942 252 181 943 249 157 944 248 181 945 249 159 946 252 183 947 253 158 948 250 183 949 253 159 950 252 183 951 253 158 952 250 182 953 251 184 954 257 175 955 255 185 956 256 175 957 255 184 958 257 160 959 254 186 960 260 172 961 258 162 962 259 172 963 258 186 964 260 187 965 261 164 966 263 188 967 265 161 968 262 188 969 265 164 970 263 189 971 264 190 972 268 165 973 266 163 974 267 165 975 266 190 976 268 191 977 269 189 978 264 166 979 270 192 980 271 166 981 270 189 982 264 164 983 263 193 984 273 167 985 272 191 986 269 167 987 272 165 988 266 191 989 269 192 990 271 168 991 274 194 992 275 168 993 274 192 994 271 166 995 270 195 996 277 167 997 272 193 998 273 167 999 272 195 1000 277 169 1001 276 194 1002 275 169 1003 276 195 1004 277 169 1005 276 194 1006 275 168 1007 274 196 1008 279 160 1009 254 184 1010 257 160 1011 254 196 1012 279 170 1013 278 171 1014 281 186 1015 283 162 1016 280 186 1017 283 171 1018 281 197 1019 282 177 1020 238 170 1021 278 196 1022 279 170 1023 278 177 1024 238 153 1025 237 155 1026 240 197 1027 282 171 1028 281 197 1029 282 155 1030 240 179 1031 243 187 1032 261 163 1033 267 172 1034 258 163 1035 267 187 1036 261 190 1037 268 185 1038 256 161 1039 262 188 1040 265 161 1041 262 185 1042 256 175 1043 255 198 1044 285 176 1045 239 199 1046 284 176 1047 239 177 1048 238 199 1049 284 201 1050 287 178 1051 242 200 1052 286 178 1053 242 201 1054 287 179 1055 243 202 1056 289 176 1057 246 198 1058 288 176 1059 246 202 1060 289 180 1061 247 200 1062 286 181 1063 249 203 1064 290 181 1065 249 200 1066 286 178 1067 242 204 1068 291 180 1069 247 202 1070 289 180 1071 247 204 1072 291 182 1073 251 203 1074 290 183 1075 253 205 1076 292 183 1077 253 203 1078 290 181 1079 249 205 1080 292 182 1081 251 204 1082 291 182 1083 251 205 1084 292 183 1085 253 206 1086 294 184 1087 257 207 1088 293 184 1089 257 185 1090 256 207 1091 293 208 1092 295 187 1093 261 186 1094 260 187 1095 261 208 1096 295 209 1097 296 210 1098 298 189 1099 264 211 1100 297 189 1101 264 210 1102 298 188 1103 265 212 1104 299 191 1105 269 190 1106 268 191 1107 269 212 1108 299 213 1109 300 214 1110 301 211 1111 297 189 1112 264 189 1113 264 192 1114 271 214 1115 301 215 1116 302 193 1117 273 213 1118 300 193 1119 273 191 1120 269 213 1121 300 216 1122 303 214 1123 301 192 1124 271 192 1125 271 194 1126 275 216 1127 303 215 1128 302 217 1129 304 195 1130 277 195 1131 277 193 1132 273 215 1133 302 217 1134 304 216 1135 303 194 1136 275 194 1137 275 195 1138 277 217 1139 304 218 1140 305 196 1141 279 206 1142 294 196 1143 279 184 1144 257 206 1145 294 197 1146 282 208 1147 307 186 1148 283 208 1149 307 197 1150 282 219 1151 306 199 1152 284 177 1153 238 218 1154 305 177 1155 238 196 1156 279 218 1157 305 179 1158 243 219 1159 306 197 1160 282 219 1161 306 179 1162 243 201 1163 287 209 1164 296 190 1165 268 187 1166 261 190 1167 268 209 1168 296 212 1169 299 207 1170 293 188 1171 265 210 1172 298 188 1173 265 207 1174 293 185 1175 256 88 1176 142 198 1177 285 89 1178 143 198 1179 285 199 1180 284 89 1181 143 91 1182 144 200 1183 286 90 1184 145 200 1185 286 91 1186 144 201 1187 287 92 1188 146 198 1189 288 88 1190 147 198 1191 288 92 1192 146 202 1193 289 90 1194 145 203 1195 290 93 1196 148 203 1197 290 90 1198 145 200 1199 286 94 1200 149 202 1201 289 92 1202 146 202 1203 289 94 1204 149 204 1205 291 93 1206 148 205 1207 292 95 1208 150 205 1209 292 93 1210 148 203 1211 290 95 1212 150 204 1213 291 94 1214 149 204 1215 291 95 1216 150 205 1217 292 96 1218 151 207 1219 293 97 1220 152 207 1221 293 96 1222 151 206 1223 294 208 1224 295 99 1225 153 209 1226 296 99 1227 153 208 1228 295 98 1229 154 211 1230 297 100 1231 155 210 1232 298 100 1233 155 211 1234 297 101 1235 156 102 1236 158 213 1237 300 212 1238 299 213 1239 300 102 1240 158 103 1241 157 104 1242 159 101 1243 156 211 1244 297 211 1245 297 214 1246 301 104 1247 159 105 1248 160 215 1249 302 103 1250 157 215 1251 302 213 1252 300 103 1253 157 104 1254 159 216 1255 303 106 1256 161 216 1257 303 104 1258 159 214 1259 301 107 1260 162 215 1261 302 105 1262 160 215 1263 302 107 1264 162 217 1265 304 106 1266 161 217 1267 304 107 1268 162 217 1269 304 106 1270 161 216 1271 303 96 1272 151 108 1273 163 218 1274 305 218 1275 305 206 1276 294 96 1277 151 219 1278 306 98 1279 164 208 1280 307 98 1281 164 219 1282 306 109 1283 165 89 1284 143 199 1285 284 108 1286 163 199 1287 284 218 1288 305 108 1289 163 201 1290 287 109 1291 165 219 1292 306 109 1293 165 201 1294 287 91 1295 144 99 1296 153 212 1297 299 209 1298 296 212 1299 299 99 1300 153 102 1301 158 97 1302 152 210 1303 298 100 1304 155 210 1305 298 97 1306 152 207 1307 293 220 1308 212 172 1309 258 221 1310 213 172 1311 258 220 1312 212 162 1313 259 172 1314 258 222 1315 220 221 1316 213 222 1317 220 172 1318 258 163 1319 267 163 1320 267 223 1321 221 222 1322 220 223 1323 221 163 1324 267 165 1325 266 165 1326 266 167 1327 272 224 1328 225 165 1329 266 224 1330 225 223 1331 221 169 1332 276 224 1333 225 167 1334 272 224 1335 225 169 1336 276 225 1337 229 169 1338 276 168 1339 274 226 1340 227 226 1341 227 225 1342 229 169 1343 276 166 1344 270 227 1345 223 168 1346 274 227 1347 223 226 1348 227 168 1349 274 164 1350 263 228 1351 216 166 1352 270 228 1353 216 227 1354 223 166 1355 270 228 1356 216 161 1357 262 229 1358 217 161 1359 262 228 1360 216 164 1361 263 229 1362 217 175 1363 255 230 1364 208 175 1365 255 229 1366 217 161 1367 262 230 1368 208 160 1369 254 231 1370 209 160 1371 254 230 1372 208 175 1373 255 231 1374 209 170 1375 278 232 1376 231 170 1377 278 231 1378 209 160 1379 254 232 1380 231 170 1381 278 233 1382 190 233 1383 190 170 1384 278 153 1385 237 233 1386 190 153 1387 237 234 1388 191 234 1389 191 153 1390 237 152 1391 236 234 1392 198 152 1393 245 235 1394 199 235 1395 199 152 1396 245 156 1397 244 156 1398 244 236 1399 203 235 1400 199 236 1401 203 156 1402 244 158 1403 250 159 1404 252 236 1405 203 158 1406 250 236 1407 203 159 1408 252 237 1409 205 157 1410 248 237 1411 205 159 1412 252 237 1413 205 157 1414 248 238 1415 201 154 1416 241 238 1417 201 157 1418 248 238 1419 201 154 1420 241 239 1421 194 239 1422 194 155 1423 240 240 1424 195 155 1425 240 239 1426 194 154 1427 241 240 1428 195 171 1429 281 241 1430 234 171 1431 281 240 1432 195 155 1433 240 241 1434 234 162 1435 280 220 1436 235 162 1437 280 241 1438 234 171 1439 281 243 1440 311 242 1441 308 250 1442 310 242 1443 308 251 1444 309 250 1445 310 246 1446 315 247 1447 312 248 1448 314 247 1449 312 249 1450 313 248 1451 314 248 1452 314 244 1453 316 245 1454 317 244 1455 316 248 1456 314 249 1457 313 247 1458 312 246 1459 315 251 1460 309 250 1461 310 251 1462 309 246 1463 315 242 1464 318 243 1465 319 253 1466 320 242 1467 318 253 1468 320 252 1469 321 251 1470 322 242 1471 318 252 1472 321 251 1473 322 252 1474 321 254 1475 323 255 1476 326 249 1477 324 247 1478 325 255 1479 326 256 1480 327 249 1481 324 245 1482 317 244 1483 316 258 1484 328 245 1485 317 258 1486 328 257 1487 329 256 1488 331 258 1489 328 244 1490 316 256 1491 331 244 1492 316 249 1493 330 254 1494 323 247 1495 325 251 1496 322 247 1497 325 254 1498 323 255 1499 326 260 1500 332 252 1501 321 253 1502 320 252 1503 321 260 1504 332 259 1505 333 261 1506 334 252 1507 321 259 1508 333 252 1509 321 261 1510 334 254 1511 323 262 1512 335 263 1513 336 256 1514 327 262 1515 335 256 1516 327 255 1517 326 264 1518 338 258 1519 328 265 1520 337 258 1521 328 264 1522 338 257 1523 329 265 1524 337 256 1525 331 263 1526 339 256 1527 331 265 1528 337 258 1529 328 261 1530 334 262 1531 335 255 1532 326 261 1533 334 255 1534 326 254 1535 323 260 1536 332 266 1537 341 259 1538 333 266 1539 341 260 1540 332 267 1541 340 268 1542 342 259 1543 333 266 1544 341 259 1545 333 268 1546 342 261 1547 334 263 1548 336 269 1549 343 270 1550 344 269 1551 343 263 1552 336 262 1553 335 271 1554 346 265 1555 337 272 1556 345 265 1557 337 271 1558 346 264 1559 338 272 1560 345 263 1561 339 270 1562 347 263 1563 339 272 1564 345 265 1565 337 269 1566 343 261 1567 334 268 1568 342 261 1569 334 269 1570 343 262 1571 335 267 1572 340 273 1573 349 266 1574 341 273 1575 349 267 1576 340 274 1577 348 275 1578 350 266 1579 341 273 1580 349 266 1581 341 275 1582 350 268 1583 342 277 1584 352 269 1585 343 276 1586 351 269 1587 343 277 1588 352 270 1589 344 279 1590 353 278 1591 354 271 1592 346 271 1593 346 272 1594 345 279 1595 353 279 1596 353 270 1597 347 277 1598 355 270 1599 347 279 1600 353 272 1601 345 276 1602 351 268 1603 342 275 1604 350 268 1605 342 276 1606 351 269 1607 343 274 1608 348 280 1609 357 273 1610 349 280 1611 357 274 1612 348 281 1613 356 282 1614 358 273 1615 349 280 1616 357 273 1617 349 282 1618 358 275 1619 350 284 1620 360 276 1621 351 283 1622 359 276 1623 351 284 1624 360 277 1625 352 286 1626 361 285 1627 362 278 1628 354 286 1629 361 278 1630 354 279 1631 353 277 1632 355 286 1633 361 279 1634 353 286 1635 361 277 1636 355 284 1637 363 283 1638 359 275 1639 350 282 1640 358 275 1641 350 283 1642 359 276 1643 351 281 1644 356 287 1645 365 280 1646 357 287 1647 365 281 1648 356 288 1649 364 289 1650 366 280 1651 357 287 1652 365 280 1653 357 289 1654 366 282 1655 358 291 1656 368 283 1657 359 290 1658 367 283 1659 359 291 1660 368 284 1661 360 293 1662 369 292 1663 370 285 1664 362 285 1665 362 286 1666 361 293 1667 369 284 1668 363 293 1669 369 286 1670 361 293 1671 369 284 1672 363 291 1673 371 290 1674 367 282 1675 358 289 1676 366 282 1677 358 290 1678 367 283 1679 359 288 1680 364 294 1681 373 287 1682 365 294 1683 373 288 1684 364 295 1685 372 296 1686 374 287 1687 365 294 1688 373 287 1689 365 296 1690 374 289 1691 366 298 1692 376 290 1693 367 297 1694 375 290 1695 367 298 1696 376 291 1697 368 300 1698 377 299 1699 378 292 1700 370 292 1701 370 293 1702 369 300 1703 377 300 1704 377 293 1705 369 298 1706 379 293 1707 369 291 1708 371 298 1709 379 297 1710 375 289 1711 366 296 1712 374 289 1713 366 297 1714 375 290 1715 367 295 1716 372 301 1717 381 294 1718 373 301 1719 381 295 1720 372 302 1721 380 294 1722 373 303 1723 382 296 1724 374 303 1725 382 294 1726 373 301 1727 381 305 1728 384 297 1729 375 304 1730 383 297 1731 375 305 1732 384 298 1733 376 306 1734 386 299 1735 378 307 1736 385 299 1737 378 300 1738 377 307 1739 385 307 1740 385 300 1741 377 305 1742 387 300 1743 377 298 1744 379 305 1745 387 304 1746 383 296 1747 374 303 1748 382 296 1749 374 304 1750 383 297 1751 375 302 1752 380 308 1753 389 301 1754 381 308 1755 389 302 1756 380 309 1757 388 310 1758 390 301 1759 381 308 1760 389 301 1761 381 310 1762 390 303 1763 382 311 1764 391 305 1765 384 304 1766 383 305 1767 384 311 1768 391 312 1769 392 313 1770 394 306 1771 386 314 1772 393 314 1773 393 306 1774 386 307 1775 385 312 1776 395 307 1777 385 305 1778 387 307 1779 385 312 1780 395 314 1781 393 311 1782 391 304 1783 383 310 1784 390 310 1785 390 304 1786 383 303 1787 382 309 1788 388 315 1789 397 308 1790 389 315 1791 397 309 1792 388 316 1793 396 317 1794 398 308 1795 389 315 1796 397 308 1797 389 317 1798 398 310 1799 390 318 1800 399 312 1801 392 311 1802 391 319 1803 400 312 1804 392 318 1805 399 320 1806 402 313 1807 394 321 1808 401 313 1809 394 314 1810 393 321 1811 401 319 1812 403 314 1813 393 312 1814 395 321 1815 401 314 1816 393 319 1817 403 318 1818 399 310 1819 390 317 1820 398 310 1821 390 318 1822 399 311 1823 391 323 1824 404 315 1825 397 316 1826 396 322 1827 405 315 1828 397 323 1829 404 324 1830 406 317 1831 398 322 1832 405 322 1833 405 317 1834 398 315 1835 397 326 1836 408 319 1837 400 325 1838 407 325 1839 407 319 1840 400 318 1841 399 321 1842 401 328 1843 410 320 1844 402 328 1845 410 321 1846 401 327 1847 409 319 1848 403 327 1849 409 321 1850 401 327 1851 409 319 1852 403 326 1853 411 325 1854 407 318 1855 399 324 1856 406 324 1857 406 318 1858 399 317 1859 398 243 1860 311 250 1861 310 329 1862 412 329 1863 412 250 1864 310 333 1865 413 246 1866 315 248 1867 314 331 1868 414 331 1869 414 248 1870 314 332 1871 415 248 1872 314 330 1873 416 332 1874 415 330 1875 416 248 1876 314 245 1877 317 246 1878 315 333 1879 413 250 1880 310 333 1881 413 246 1882 315 331 1883 414 334 1884 418 253 1885 320 329 1886 417 243 1887 319 329 1888 417 253 1889 320 335 1890 420 334 1891 418 333 1892 419 329 1893 417 333 1894 419 334 1895 418 331 1896 424 332 1897 421 336 1898 423 332 1899 421 337 1900 422 336 1901 423 257 1902 329 338 1903 425 245 1904 317 330 1905 416 245 1906 317 338 1907 425 338 1908 425 337 1909 426 330 1910 416 330 1911 416 337 1912 426 332 1913 427 333 1914 419 331 1915 424 335 1916 420 331 1917 424 336 1918 423 335 1919 420 339 1920 428 260 1921 332 334 1922 418 253 1923 320 334 1924 418 260 1925 332 334 1926 418 340 1927 429 339 1928 428 340 1929 429 334 1930 418 335 1931 420 341 1932 431 337 1933 422 342 1934 430 337 1935 422 341 1936 431 336 1937 423 264 1938 338 338 1939 425 257 1940 329 338 1941 425 264 1942 338 343 1943 432 337 1944 426 343 1945 432 342 1946 433 343 1947 432 337 1948 426 338 1949 425 340 1950 429 336 1951 423 341 1952 431 336 1953 423 340 1954 429 335 1955 420 344 1956 434 260 1957 332 339 1958 428 260 1959 332 344 1960 434 267 1961 340 339 1962 428 345 1963 435 344 1964 434 345 1965 435 339 1966 428 340 1967 429 342 1968 430 346 1969 437 341 1970 431 346 1971 437 342 1972 430 347 1973 436 271 1974 346 343 1975 432 264 1976 338 343 1977 432 271 1978 346 348 1979 438 342 1980 433 348 1981 438 347 1982 439 348 1983 438 342 1984 433 343 1985 432 340 1986 429 346 1987 437 345 1988 435 346 1989 437 340 1990 429 341 1991 431 267 1992 340 349 1993 440 274 1994 348 349 1995 440 267 1996 340 344 1997 434 344 1998 434 350 1999 441 349 2000 440 350 2001 441 344 2002 434 345 2003 435 346 2004 437 352 2005 442 351 2006 443 352 2007 442 346 2008 437 347 2009 436 353 2010 444 271 2011 346 278 2012 354 271 2013 346 353 2014 444 348 2015 438 347 2016 439 353 2017 444 352 2018 445 353 2019 444 347 2020 439 348 2021 438 345 2022 435 351 2023 443 350 2024 441 351 2025 443 345 2026 435 346 2027 437 274 2028 348 354 2029 446 281 2030 356 354 2031 446 274 2032 348 349 2033 440 349 2034 440 355 2035 447 354 2036 446 355 2037 447 349 2038 440 350 2039 441 351 2040 443 357 2041 448 356 2042 449 357 2043 448 351 2044 443 352 2045 442 358 2046 450 278 2047 354 285 2048 362 278 2049 354 358 2050 450 353 2051 444 352 2052 445 353 2053 444 358 2054 450 358 2055 450 357 2056 451 352 2057 445 350 2058 441 356 2059 449 355 2060 447 356 2061 449 350 2062 441 351 2063 443 281 2064 356 359 2065 452 288 2066 364 359 2067 452 281 2068 356 354 2069 446 354 2070 446 360 2071 453 359 2072 452 360 2073 453 354 2074 446 355 2075 447 356 2076 449 362 2077 454 361 2078 455 362 2079 454 356 2080 449 357 2081 448 363 2082 456 285 2083 362 292 2084 370 285 2085 362 363 2086 456 358 2087 450 357 2088 451 363 2089 456 362 2090 457 363 2091 456 357 2092 451 358 2093 450 355 2094 447 361 2095 455 360 2096 453 361 2097 455 355 2098 447 356 2099 449 288 2100 364 364 2101 458 295 2102 372 364 2103 458 288 2104 364 359 2105 452 359 2106 452 365 2107 459 364 2108 458 365 2109 459 359 2110 452 360 2111 453 361 2112 455 367 2113 460 366 2114 461 367 2115 460 361 2116 455 362 2117 454 368 2118 462 292 2119 370 299 2120 378 292 2121 370 368 2122 462 363 2123 456 367 2124 463 363 2125 456 368 2126 462 363 2127 456 367 2128 463 362 2129 457 360 2130 453 366 2131 461 365 2132 459 366 2133 461 360 2134 453 361 2135 455 295 2136 372 369 2137 464 302 2138 380 369 2139 464 295 2140 372 364 2141 458 364 2142 458 370 2143 465 369 2144 464 370 2145 465 364 2146 458 365 2147 459 366 2148 461 372 2149 466 371 2150 467 372 2151 466 366 2152 461 367 2153 460 373 2154 468 299 2155 378 306 2156 386 299 2157 378 373 2158 468 368 2159 462 372 2160 469 368 2161 462 373 2162 468 368 2163 462 372 2164 469 367 2165 463 365 2166 459 371 2167 467 370 2168 465 371 2169 467 365 2170 459 366 2171 461 302 2172 380 374 2173 470 309 2174 388 374 2175 470 302 2176 380 369 2177 464 369 2178 464 375 2179 471 374 2180 470 375 2181 471 369 2182 464 370 2183 465 376 2184 473 371 2185 467 372 2186 466 376 2187 473 372 2188 466 377 2189 472 378 2190 474 306 2191 386 313 2192 394 306 2193 386 378 2194 474 373 2195 468 377 2196 475 372 2197 469 373 2198 468 377 2199 475 373 2200 468 378 2201 474 371 2202 467 375 2203 471 370 2204 465 375 2205 471 371 2206 467 376 2207 473 309 2208 388 379 2209 476 316 2210 396 379 2211 476 309 2212 388 374 2213 470 380 2214 477 374 2215 470 375 2216 471 374 2217 470 380 2218 477 379 2219 476 381 2220 479 376 2221 473 377 2222 472 381 2223 479 377 2224 472 382 2225 478 383 2226 480 313 2227 394 320 2228 402 313 2229 394 383 2230 480 378 2231 474 382 2232 481 377 2233 475 378 2234 474 382 2235 481 378 2236 474 383 2237 480 375 2238 471 381 2239 479 380 2240 477 381 2241 479 375 2242 471 376 2243 473 323 2244 404 379 2245 476 322 2246 405 316 2247 396 379 2248 476 323 2249 404 322 2250 405 380 2251 477 324 2252 406 380 2253 477 322 2254 405 379 2255 476 325 2256 407 382 2257 478 326 2258 408 382 2259 478 325 2260 407 381 2261 479 327 2262 409 383 2263 480 328 2264 410 320 2265 402 328 2266 410 383 2267 480 382 2268 481 327 2269 409 326 2270 411 327 2271 409 382 2272 481 383 2273 480 381 2274 479 325 2275 407 324 2276 406 381 2277 479 324 2278 406 380 2279 477 384 2280 482 385 2281 483 395 2282 484 384 2283 482 395 2284 484 394 2285 485 396 2286 487 385 2287 483 386 2288 486 385 2289 483 396 2290 487 395 2291 484 387 2292 489 396 2293 491 386 2294 488 396 2295 491 387 2296 489 397 2297 490 398 2298 493 397 2299 490 387 2300 489 398 2301 493 387 2302 489 388 2303 492 398 2304 493 389 2305 494 399 2306 495 389 2307 494 398 2308 493 388 2309 492 399 2310 495 390 2311 496 400 2312 497 390 2313 496 399 2314 495 389 2315 494 400 2316 497 391 2317 498 401 2318 499 391 2319 498 400 2320 497 390 2321 496 402 2322 501 401 2323 499 391 2324 498 402 2325 501 391 2326 498 392 2327 500 402 2328 501 393 2329 502 403 2330 503 393 2331 502 402 2332 501 392 2333 500 394 2334 485 403 2335 503 393 2336 502 394 2337 485 393 2338 502 384 2339 482 385 2340 504 384 2341 505 404 2342 506 386 2343 507 385 2344 504 404 2345 506 387 2346 508 386 2347 507 404 2348 506 388 2349 509 387 2350 508 404 2351 506 389 2352 510 388 2353 509 404 2354 506 390 2355 511 389 2356 510 404 2357 506 391 2358 512 390 2359 511 404 2360 506 392 2361 513 391 2362 512 404 2363 506 393 2364 514 392 2365 513 404 2366 506 384 2367 505 393 2368 514 404 2369 506 445 2370 515 446 2371 516 447 2372 517 446 2373 516 448 2374 518 447 2375 517 448 2376 518 449 2377 519 447 2378 517 449 2379 519 450 2380 520 447 2381 517 450 2382 520 451 2383 521 447 2384 517 451 2385 521 452 2386 522 447 2387 517 452 2388 522 453 2389 523 447 2390 517 453 2391 523 454 2392 524 447 2393 517 454 2394 524 455 2395 525 447 2396 517 455 2397 525 445 2398 515 447 2399 517 394 2400 485 395 2401 484 406 2402 526 394 2403 485 406 2404 526 405 2405 527 396 2406 487 406 2407 526 395 2408 484 406 2409 526 396 2410 487 407 2411 528 397 2412 490 407 2413 530 396 2414 491 407 2415 530 397 2416 490 408 2417 529 408 2418 529 398 2419 493 409 2420 531 398 2421 493 408 2422 529 397 2423 490 410 2424 532 409 2425 531 398 2426 493 410 2427 532 398 2428 493 399 2429 495 410 2430 532 400 2431 497 411 2432 533 400 2433 497 410 2434 532 399 2435 495 411 2436 533 401 2437 499 412 2438 534 401 2439 499 411 2440 533 400 2441 497 401 2442 499 413 2443 535 412 2444 534 413 2445 535 401 2446 499 402 2447 501 413 2448 535 403 2449 503 414 2450 536 403 2451 503 413 2452 535 402 2453 501 405 2454 527 414 2455 536 403 2456 503 403 2457 503 394 2458 485 405 2459 527 406 2460 526 415 2461 538 405 2462 527 415 2463 538 406 2464 526 416 2465 537 407 2466 528 416 2467 537 406 2468 526 416 2469 537 407 2470 528 417 2471 539 418 2472 540 407 2473 530 408 2474 529 407 2475 530 418 2476 540 417 2477 541 418 2478 540 409 2479 531 419 2480 542 409 2481 531 418 2482 540 408 2483 529 409 2484 531 420 2485 543 419 2486 542 420 2487 543 409 2488 531 410 2489 532 421 2490 544 420 2491 543 410 2492 532 410 2493 532 411 2494 533 421 2495 544 411 2496 533 412 2497 534 422 2498 545 411 2499 533 422 2500 545 421 2501 544 412 2502 534 423 2503 546 422 2504 545 423 2505 546 412 2506 534 413 2507 535 423 2508 546 414 2509 536 424 2510 547 414 2511 536 423 2512 546 413 2513 535 424 2514 547 405 2515 527 415 2516 538 405 2517 527 424 2518 547 414 2519 536 457 2520 549 459 2521 551 456 2522 548 459 2523 551 457 2524 549 458 2525 550 460 2526 552 458 2527 550 457 2528 549 458 2529 550 460 2530 552 461 2531 553 463 2532 555 460 2533 552 462 2534 554 460 2535 552 463 2536 555 461 2537 553 463 2538 555 464 2539 556 465 2540 557 464 2541 556 463 2542 555 462 2543 554 464 2544 556 466 2545 558 467 2546 559 464 2547 556 467 2548 559 465 2549 557 469 2550 561 467 2551 559 466 2552 558 466 2553 558 468 2554 560 469 2555 561 468 2556 560 470 2557 562 471 2558 563 468 2559 560 471 2560 563 469 2561 561 471 2562 563 472 2563 564 473 2564 565 472 2565 564 471 2566 563 470 2567 562 473 2568 565 474 2569 566 475 2570 567 474 2571 566 473 2572 565 472 2573 564 475 2574 567 456 2575 548 459 2576 551 456 2577 548 475 2578 567 474 2579 566 426 2580 569 435 2581 571 425 2582 568 435 2583 571 426 2584 569 436 2585 570 436 2586 570 427 2587 572 437 2588 573 427 2589 572 436 2590 570 426 2591 569 437 2592 573 428 2593 574 438 2594 575 428 2595 574 437 2596 573 427 2597 572 439 2598 577 428 2599 574 429 2600 576 428 2601 574 439 2602 577 438 2603 575 429 2604 576 430 2605 578 440 2606 579 429 2607 576 440 2608 579 439 2609 577 440 2610 579 430 2611 578 441 2612 581 430 2613 578 431 2614 580 441 2615 581 432 2616 582 441 2617 581 431 2618 580 441 2619 581 432 2620 582 442 2621 583 433 2622 584 442 2623 583 432 2624 582 442 2625 583 433 2626 584 443 2627 585 433 2628 584 434 2629 586 444 2630 587 433 2631 584 444 2632 587 443 2633 585 425 2634 568 435 2635 571 434 2636 586 434 2637 586 435 2638 571 444 2639 587 446 2640 590 435 2641 588 436 2642 589 435 2643 588 446 2644 590 445 2645 591 437 2646 592 446 2647 590 436 2648 589 446 2649 590 437 2650 592 448 2651 593 449 2652 596 448 2653 597 437 2654 594 437 2655 594 438 2656 595 449 2657 596 439 2658 598 449 2659 596 438 2660 595 449 2661 596 439 2662 598 450 2663 599 451 2664 601 439 2665 598 440 2666 600 439 2667 598 451 2668 601 450 2669 599 451 2670 601 441 2671 602 452 2672 603 441 2673 602 451 2674 601 440 2675 600 452 2676 603 442 2677 604 453 2678 605 442 2679 604 452 2680 603 441 2681 602 454 2682 607 453 2683 605 442 2684 604 442 2685 604 443 2686 606 454 2687 607 444 2688 608 454 2689 607 443 2690 606 454 2691 607 444 2692 608 455 2693 609 444 2694 608 435 2695 588 445 2696 591 444 2697 608 445 2698 591 455 2699 609 457 2700 549 415 2701 610 416 2702 611 415 2703 610 457 2704 549 456 2705 548 459 2706 614 458 2707 615 426 2708 612 459 2709 614 426 2710 612 425 2711 613 460 2712 552 457 2713 549 416 2714 611 416 2715 611 417 2716 616 460 2717 552 458 2718 615 461 2719 618 427 2720 617 458 2721 615 427 2722 617 426 2723 612 462 2724 554 460 2725 552 417 2726 616 417 2727 616 418 2728 619 462 2729 554 463 2730 623 427 2731 621 461 2732 622 427 2733 621 463 2734 623 428 2735 620 419 2736 624 462 2737 554 418 2738 619 462 2739 554 419 2740 624 464 2741 556 463 2742 623 465 2743 626 429 2744 625 429 2745 625 428 2746 620 463 2747 623 464 2748 556 420 2749 627 466 2750 558 420 2751 627 464 2752 556 419 2753 624 429 2754 625 467 2755 629 430 2756 628 467 2757 629 429 2758 625 465 2759 626 466 2760 558 421 2761 630 468 2762 560 421 2763 630 466 2764 558 420 2765 627 430 2766 628 469 2767 632 431 2768 631 469 2769 632 430 2770 628 467 2771 629 468 2772 560 422 2773 633 470 2774 562 422 2775 633 468 2776 560 421 2777 630 471 2778 635 431 2779 631 469 2780 632 431 2781 631 471 2782 635 432 2783 634 472 2784 564 470 2785 562 422 2786 633 422 2787 633 423 2788 636 472 2789 564 471 2790 635 473 2791 638 433 2792 637 433 2793 637 432 2794 634 471 2795 635 472 2796 564 424 2797 639 474 2798 566 424 2799 639 472 2800 564 423 2801 636 433 2802 637 475 2803 641 434 2804 640 475 2805 641 433 2806 637 473 2807 638 424 2808 639 415 2809 610 456 2810 548 424 2811 639 456 2812 548 474 2813 566 475 2814 641 425 2815 613 434 2816 640 425 2817 613 475 2818 641 459 2819 614 486 2820 643 487 2821 644 476 2822 642 477 2823 645 476 2824 642 487 2825 644 487 2826 644 488 2827 646 477 2828 645 478 2829 647 477 2830 645 488 2831 646 479 2832 651 488 2833 649 489 2834 650 488 2835 649 479 2836 651 478 2837 648 490 2838 652 479 2839 651 489 2840 650 479 2841 651 490 2842 652 480 2843 653 490 2844 652 481 2845 655 480 2846 653 481 2847 655 490 2848 652 491 2849 654 491 2850 654 482 2851 657 481 2852 655 482 2853 657 491 2854 654 492 2855 656 492 2856 656 483 2857 659 482 2858 657 483 2859 659 492 2860 656 493 2861 658 494 2862 660 483 2863 659 493 2864 658 483 2865 659 494 2866 660 484 2867 661 494 2868 660 485 2869 663 484 2870 661 485 2871 663 494 2872 660 495 2873 662 486 2874 643 485 2875 663 495 2876 662 485 2877 663 486 2878 643 476 2879 642 477 2880 664 496 2881 665 476 2882 666 478 2883 667 496 2884 665 477 2885 664 479 2886 668 496 2887 665 478 2888 667 480 2889 669 496 2890 665 479 2891 668 481 2892 670 496 2893 665 480 2894 669 482 2895 671 496 2896 665 481 2897 670 483 2898 672 496 2899 665 482 2900 671 484 2901 673 496 2902 665 483 2903 672 485 2904 674 496 2905 665 484 2906 673 476 2907 666 496 2908 665 485 2909 674 537 2910 675 539 2911 676 538 2912 677 538 2913 677 539 2914 676 540 2915 678 540 2916 678 539 2917 676 541 2918 679 541 2919 679 539 2920 676 542 2921 680 542 2922 680 539 2923 676 543 2924 681 543 2925 681 539 2926 676 544 2927 682 544 2928 682 539 2929 676 545 2930 683 545 2931 683 539 2932 676 546 2933 684 546 2934 684 539 2935 676 547 2936 685 547 2937 685 539 2938 676 537 2939 675 497 2940 686 498 2941 687 486 2942 643 487 2943 644 486 2944 643 498 2945 687 498 2946 687 488 2947 646 487 2948 644 488 2949 646 498 2950 687 499 2951 688 489 2952 650 499 2953 689 500 2954 690 499 2955 689 489 2956 650 488 2957 649 490 2958 652 500 2959 690 501 2960 691 500 2961 690 490 2962 652 489 2963 650 502 2964 692 490 2965 652 501 2966 691 490 2967 652 502 2968 692 491 2969 654 502 2970 692 492 2971 656 491 2972 654 492 2973 656 502 2974 692 503 2975 693 493 2976 658 503 2977 693 504 2978 694 503 2979 693 493 2980 658 492 2981 656 494 2982 660 493 2983 658 505 2984 695 505 2985 695 493 2986 658 504 2987 694 505 2988 695 495 2989 662 494 2990 660 495 2991 662 505 2992 695 506 2993 696 497 2994 686 495 2995 662 506 2996 696 495 2997 662 497 2998 686 486 2999 643 507 3000 697 498 3001 687 497 3002 686 498 3003 687 507 3004 697 508 3005 698 508 3006 698 499 3007 688 498 3008 687 499 3009 688 508 3010 698 509 3011 699 500 3012 690 499 3013 689 510 3014 701 499 3015 689 509 3016 700 510 3017 701 501 3018 691 510 3019 701 511 3020 702 510 3021 701 501 3022 691 500 3023 690 501 3024 691 512 3025 703 502 3026 692 512 3027 703 501 3028 691 511 3029 702 513 3030 704 502 3031 692 512 3032 703 502 3033 692 513 3034 704 503 3035 693 513 3036 704 514 3037 705 503 3038 693 504 3039 694 503 3040 693 514 3041 705 505 3042 695 504 3043 694 515 3044 706 515 3045 706 504 3046 694 514 3047 705 515 3048 706 506 3049 696 505 3050 695 506 3051 696 515 3052 706 516 3053 707 516 3054 707 497 3055 686 506 3056 696 497 3057 686 516 3058 707 507 3059 697 549 3060 711 551 3061 709 550 3062 710 551 3063 709 549 3064 711 548 3065 708 550 3066 710 552 3067 713 549 3068 711 552 3069 713 550 3070 710 553 3071 712 554 3072 715 552 3073 713 555 3074 714 552 3075 713 553 3076 712 555 3077 714 556 3078 717 555 3079 714 557 3080 716 555 3081 714 556 3082 717 554 3083 715 558 3084 719 556 3085 717 559 3086 718 559 3087 718 556 3088 717 557 3089 716 561 3090 720 558 3091 719 559 3092 718 558 3093 719 561 3094 720 560 3095 721 561 3096 720 563 3097 722 560 3098 721 562 3099 723 560 3100 721 563 3101 722 564 3102 725 563 3103 722 565 3104 724 563 3105 722 564 3106 725 562 3107 723 565 3108 724 566 3109 727 564 3110 725 566 3111 727 565 3112 724 567 3113 726 567 3114 726 548 3115 708 566 3116 727 548 3117 708 567 3118 726 551 3119 709 518 3120 731 527 3121 729 528 3122 730 527 3123 729 518 3124 731 517 3125 728 519 3126 733 528 3127 730 529 3128 732 528 3129 730 519 3130 733 518 3131 731 529 3132 732 520 3133 735 519 3134 733 520 3135 735 529 3136 732 530 3137 734 521 3138 737 520 3139 735 531 3140 736 520 3141 735 530 3142 734 531 3143 736 521 3144 737 532 3145 738 522 3146 739 532 3147 738 521 3148 737 531 3149 736 533 3150 740 522 3151 739 532 3152 738 522 3153 739 533 3154 740 523 3155 741 524 3156 743 533 3157 740 534 3158 742 533 3159 740 524 3160 743 523 3161 741 525 3162 745 534 3163 742 535 3164 744 534 3165 742 525 3166 745 524 3167 743 525 3168 745 536 3169 746 526 3170 747 536 3171 746 525 3172 745 535 3173 744 527 3174 729 526 3175 747 536 3176 746 517 3177 728 526 3178 747 527 3179 729 528 3180 751 527 3181 748 538 3182 750 527 3183 748 537 3184 749 538 3185 750 538 3186 750 529 3187 753 528 3188 751 529 3189 753 538 3190 750 540 3191 752 541 3192 756 529 3193 754 540 3194 755 529 3195 754 541 3196 756 530 3197 757 541 3198 756 531 3199 759 530 3200 757 531 3201 759 541 3202 756 542 3203 758 542 3204 758 543 3205 760 531 3206 759 532 3207 761 531 3208 759 543 3209 760 533 3210 763 543 3211 760 544 3212 762 543 3213 760 533 3214 763 532 3215 761 544 3216 762 534 3217 765 533 3218 763 534 3219 765 544 3220 762 545 3221 764 546 3222 766 534 3223 765 545 3224 764 534 3225 765 546 3226 766 535 3227 767 546 3228 766 536 3229 769 535 3230 767 536 3231 769 546 3232 766 547 3233 768 547 3234 768 537 3235 749 536 3236 769 527 3237 748 536 3238 769 537 3239 749 548 3240 708 549 3241 711 507 3242 770 508 3243 771 507 3244 770 549 3245 711 551 3246 774 518 3247 772 550 3248 773 518 3249 772 551 3250 774 517 3251 775 552 3252 713 508 3253 771 549 3254 711 508 3255 771 552 3256 713 509 3257 776 550 3258 773 519 3259 777 553 3260 778 519 3261 777 550 3262 773 518 3263 772 554 3264 715 509 3265 776 552 3266 713 510 3267 779 509 3268 776 554 3269 715 555 3270 781 519 3271 783 520 3272 780 519 3273 783 555 3274 781 553 3275 782 554 3276 715 511 3277 784 510 3278 779 511 3279 784 554 3280 715 556 3281 717 557 3282 786 555 3283 781 521 3284 785 520 3285 780 521 3286 785 555 3287 781 512 3288 787 556 3289 717 558 3290 719 556 3291 717 512 3292 787 511 3293 784 559 3294 789 521 3295 785 522 3296 788 521 3297 785 559 3298 789 557 3299 786 513 3300 790 558 3301 719 560 3302 721 558 3303 719 513 3304 790 512 3305 787 561 3306 792 522 3307 788 523 3308 791 522 3309 788 561 3310 792 559 3311 789 560 3312 721 514 3313 793 513 3314 790 514 3315 793 560 3316 721 562 3317 723 563 3318 795 523 3319 791 524 3320 794 523 3321 791 563 3322 795 561 3323 792 564 3324 725 514 3325 793 562 3326 723 514 3327 793 564 3328 725 515 3329 796 565 3330 798 563 3331 795 525 3332 797 524 3333 794 525 3334 797 563 3335 795 564 3336 725 516 3337 799 515 3338 796 516 3339 799 564 3340 725 566 3341 727 567 3342 801 525 3343 797 526 3344 800 525 3345 797 567 3346 801 565 3347 798 566 3348 727 548 3349 708 516 3350 799 507 3351 770 516 3352 799 548 3353 708 551 3354 774 567 3355 801 517 3356 775 526 3357 800 517 3358 775 567 3359 801 568 3360 802 576 3361 803 569 3362 804 569 3363 804 576 3364 803 570 3365 805 570 3366 805 576 3367 803 571 3368 806 571 3369 806 576 3370 803 572 3371 807 572 3372 807 576 3373 803 573 3374 808 573 3375 808 576 3376 803 574 3377 809 574 3378 809 576 3379 803 575 3380 810 575 3381 810 576 3382 803 568 3383 802 649 3384 811 651 3385 812 650 3386 813 651 3387 812 652 3388 814 650 3389 813 652 3390 814 653 3391 815 650 3392 813 653 3393 815 654 3394 816 650 3395 813 654 3396 816 655 3397 817 650 3398 813 655 3399 817 656 3400 818 650 3401 813 656 3402 818 657 3403 819 650 3404 813 657 3405 819 649 3406 811 650 3407 813 583 3408 823 574 3409 820 584 3410 822 574 3411 820 575 3412 821 584 3413 822 582 3414 827 573 3415 824 583 3416 826 573 3417 824 574 3418 825 583 3419 826 579 3420 829 571 3421 806 580 3422 828 571 3423 806 579 3424 829 570 3425 805 572 3426 807 580 3427 828 571 3428 806 580 3429 828 572 3430 807 581 3431 830 582 3432 831 581 3433 830 572 3434 807 572 3435 807 573 3436 808 582 3437 831 568 3438 832 584 3439 822 575 3440 821 584 3441 822 568 3442 832 577 3443 833 569 3444 835 577 3445 837 568 3446 834 577 3447 837 569 3448 835 578 3449 836 570 3450 805 578 3451 838 569 3452 804 578 3453 838 570 3454 805 579 3455 829 591 3456 840 583 3457 823 592 3458 839 583 3459 823 584 3460 822 592 3461 839 582 3462 827 583 3463 826 591 3464 841 582 3465 827 591 3466 841 590 3467 842 577 3468 833 592 3469 839 584 3470 822 592 3471 839 577 3472 833 585 3473 843 585 3474 845 578 3475 836 586 3476 844 578 3477 836 585 3478 845 577 3479 837 586 3480 844 579 3481 846 587 3482 847 579 3483 846 586 3484 844 578 3485 836 587 3486 849 580 3487 828 588 3488 848 580 3489 828 587 3490 849 579 3491 829 589 3492 850 580 3493 828 581 3494 830 580 3495 828 589 3496 850 588 3497 848 589 3498 850 581 3499 830 590 3500 851 581 3501 830 582 3502 831 590 3503 851 600 3504 853 585 3505 843 593 3506 852 585 3507 843 600 3508 853 592 3509 839 599 3510 854 591 3511 840 600 3512 853 591 3513 840 592 3514 839 600 3515 853 589 3516 855 590 3517 842 598 3518 856 589 3519 855 598 3520 856 597 3521 857 591 3522 841 598 3523 856 590 3524 842 598 3525 856 591 3526 841 599 3527 858 588 3528 848 595 3529 860 587 3530 849 595 3531 860 588 3532 848 596 3533 859 589 3534 850 596 3535 859 588 3536 848 596 3537 859 589 3538 850 597 3539 861 593 3540 863 586 3541 844 594 3542 862 586 3543 844 593 3544 863 585 3545 845 594 3546 862 587 3547 847 595 3548 864 587 3549 847 594 3550 862 586 3551 844 598 3552 856 599 3553 858 606 3554 866 599 3555 858 607 3556 865 606 3557 866 597 3558 857 606 3559 866 605 3560 867 606 3561 866 597 3562 857 598 3563 856 605 3564 868 604 3565 869 597 3566 861 597 3567 861 604 3568 869 596 3569 859 604 3570 869 603 3571 870 596 3572 859 596 3573 859 603 3574 870 595 3575 860 602 3576 872 595 3577 864 603 3578 871 595 3579 864 602 3580 872 594 3581 862 594 3582 862 601 3583 873 593 3584 863 601 3585 873 594 3586 862 602 3587 872 600 3588 853 593 3589 852 608 3590 875 608 3591 875 593 3592 852 601 3593 874 599 3594 854 608 3595 875 607 3596 876 608 3597 875 599 3598 854 600 3599 853 613 3600 877 612 3601 878 605 3602 868 605 3603 868 612 3604 878 604 3605 869 612 3606 878 611 3607 879 604 3608 869 604 3609 869 611 3610 879 603 3611 870 610 3612 881 603 3613 871 611 3614 880 603 3615 871 610 3616 881 602 3617 872 610 3618 881 601 3619 873 602 3620 872 601 3621 873 610 3622 881 609 3623 882 608 3624 875 609 3625 883 616 3626 884 609 3627 883 608 3628 875 601 3629 874 607 3630 876 616 3631 884 615 3632 885 616 3633 884 607 3634 876 608 3635 875 606 3636 866 607 3637 865 614 3638 887 607 3639 865 615 3640 886 614 3641 887 605 3642 867 614 3643 887 613 3644 888 614 3645 887 605 3646 867 606 3647 866 615 3648 885 624 3649 889 623 3650 890 624 3651 889 615 3652 885 616 3653 884 623 3654 891 622 3655 892 615 3656 886 614 3657 887 615 3658 886 622 3659 892 622 3660 892 613 3661 888 614 3662 887 613 3663 888 622 3664 892 621 3665 893 621 3666 894 620 3667 895 613 3668 877 613 3669 877 620 3670 895 612 3671 878 620 3672 895 619 3673 896 612 3674 878 612 3675 878 619 3676 896 611 3677 879 618 3678 898 611 3679 880 619 3680 897 611 3681 880 618 3682 898 610 3683 881 618 3684 898 609 3685 882 610 3686 881 609 3687 882 618 3688 898 617 3689 899 616 3690 884 617 3691 900 624 3692 889 617 3693 900 616 3694 884 609 3695 883 631 3696 901 630 3697 902 623 3698 891 622 3699 892 623 3700 891 630 3701 902 630 3702 902 629 3703 903 622 3704 892 621 3705 893 622 3706 892 629 3707 903 629 3708 904 628 3709 905 621 3710 894 620 3711 895 621 3712 894 628 3713 905 628 3714 905 627 3715 906 620 3716 895 619 3717 896 620 3718 895 627 3719 906 627 3720 907 618 3721 898 619 3722 897 618 3723 898 627 3724 907 626 3725 908 626 3726 908 617 3727 899 618 3728 898 617 3729 899 626 3730 908 625 3731 909 624 3732 889 625 3733 910 632 3734 911 625 3735 910 624 3736 889 617 3737 900 623 3738 890 632 3739 911 631 3740 912 632 3741 911 623 3742 890 624 3743 889 634 3744 913 625 3745 909 626 3746 908 625 3747 909 634 3748 913 633 3749 914 632 3750 911 633 3751 915 640 3752 916 633 3753 915 632 3754 911 625 3755 910 631 3756 912 632 3757 911 639 3758 917 632 3759 911 640 3760 916 639 3761 917 639 3762 918 638 3763 919 631 3764 901 630 3765 902 631 3766 901 638 3767 919 638 3768 919 637 3769 920 630 3770 902 629 3771 903 630 3772 902 637 3773 920 637 3774 921 636 3775 922 629 3776 904 629 3777 904 636 3778 922 628 3779 905 636 3780 922 635 3781 923 628 3782 905 627 3783 906 628 3784 905 635 3785 923 635 3786 924 626 3787 908 627 3788 907 626 3789 908 635 3790 924 634 3791 913 639 3792 917 640 3793 916 647 3794 926 640 3795 916 648 3796 925 647 3797 926 647 3798 927 638 3799 919 639 3800 918 638 3801 919 647 3802 927 646 3803 928 646 3804 928 645 3805 929 638 3806 919 637 3807 920 638 3808 919 645 3809 929 645 3810 930 644 3811 931 637 3812 921 637 3813 921 644 3814 931 636 3815 922 644 3816 931 643 3817 932 636 3818 922 636 3819 922 643 3820 932 635 3821 923 643 3822 933 634 3823 913 635 3824 924 634 3825 913 643 3826 933 642 3827 934 642 3828 934 641 3829 935 634 3830 913 634 3831 913 641 3832 935 633 3833 914 640 3834 939 641 3835 937 648 3836 938 641 3837 937 640 3838 939 633 3839 936 651 3840 812 649 3841 811 642 3842 940 641 3843 937 642 3844 940 649 3845 811 652 3846 941 642 3847 934 643 3848 933 642 3849 934 652 3850 941 651 3851 942 653 3852 943 652 3853 944 644 3854 931 644 3855 931 652 3856 944 643 3857 932 654 3858 945 653 3859 943 645 3860 930 645 3861 930 653 3862 943 644 3863 931 655 3864 946 654 3865 947 646 3866 928 645 3867 929 646 3868 928 654 3869 947 646 3870 928 656 3871 948 655 3872 946 656 3873 948 646 3874 928 647 3875 927 647 3876 949 657 3877 819 656 3878 818 657 3879 819 647 3880 949 648 3881 938 648 3882 938 641 3883 937 657 3884 819 641 3885 937 649 3886 811 657 3887 819 775 3888 950 662 3889 951 712 3890 952 1017 3891 953 939 3892 954 784 3893 955 1004 3894 956 720 3895 957 879 3896 958 903 3897 959 809 3898 960 986 3899 961 701 3900 962 814 3901 963 882 3902 964 984 3903 965 943 3904 966 896 3905 967 716 3906 968 988 3907 969 674 3908 970 830 3909 971 869 3910 972 765 3911 973 668 3912 974 1003 3913 975 663 3914 976 945 3915 977 892 3916 978 779 3917 979 838 3918 980 693 3919 981 812 3920 982 959 3921 983 862 3922 984 912 3923 985 740 3924 986 886 3925 987 659 3926 988 894 3927 989 1031 3928 990 720 3929 957 860 3930 991 913 3931 992 954 3932 993 911 3933 994 730 3934 995 681 3935 996 803 3936 997 722 3937 998 880 3938 999 665 3939 1000 747 3940 1001 905 3941 1002 739 3942 1003 669 3943 1004 844 3944 1005 1010 3945 1006 903 3946 1007 671 3947 1008 961 3948 1009 829 3949 1010 697 3950 1011 759 3951 1012 1010 3952 1013 671 3953 1014 701 3954 962 1062 3955 1015 997 3956 1016 688 3957 1017 777 3958 1018 1038 3959 1019 841 3960 1020 885 3961 1021 961 3962 1022 721 3963 1023 844 3964 1024 669 3965 1025 854 3966 1026 793 3967 1027 673 3968 1028 807 3969 1029 944 3970 1030 735 3971 1031 755 3972 1032 856 3973 1033 1011 3974 1034 828 3975 1035 980 3976 1036 746 3977 1037 1024 3978 1038 927 3979 1039 757 3980 1040 664 3981 1041 745 3982 1042 702 3983 1043 966 3984 1044 805 3985 1045 884 3986 1046 1051 3987 1047 924 3988 1048 661 3989 1049 864 3990 1050 676 3991 1051 916 3992 1052 730 3993 1053 706 3994 1054 1044 3995 1055 864 3996 1056 948 3997 1057 676 3998 1058 949 3999 1059 974 4000 1060 903 4001 959 950 4002 1061 1058 4003 1062 753 4004 1063 737 4005 1064 985 4006 1065 832 4007 1066 1023 4008 1067 941 4009 1068 953 4010 1069 1018 4011 1070 992 4012 1071 1034 4013 1072 987 4014 1073 828 4015 1074 899 4016 1075 911 4017 1076 796 4018 1077 956 4019 1078 733 4020 1079 976 4021 1080 820 4022 1081 989 4023 1082 939 4024 954 851 4025 1083 1071 4026 1084 878 4027 1085 683 4028 1086 993 4029 1087 852 4030 1088 768 4031 1089 834 4032 1090 881 4033 1091 684 4034 1092 727 4035 1093 747 4036 1001 811 4037 1094 900 4038 1095 718 4039 1096 773 4040 1097 742 4041 1098 795 4042 1099 826 4043 1100 798 4044 1101 931 4045 1102 932 4046 1103 795 4047 1099 767 4048 1104 1039 4049 1105 1059 4050 1106 982 4051 1107 893 4052 1108 752 4053 1109 1021 4054 1110 790 4055 1111 688 4056 1017 658 4057 1112 777 4058 1018 935 4059 1113 901 4060 1114 751 4061 1115 913 4062 1116 947 4063 1117 954 4064 1118 972 4065 1119 803 4066 997 880 4067 999 660 4068 1120 762 4069 1121 845 4070 1122 758 4071 1123 682 4072 1124 857 4073 1125 690 4074 1126 868 4075 1127 691 4076 1128 976 4077 1080 817 4078 1129 820 4079 1081 784 4080 955 692 4081 1130 967 4082 1131 1020 4083 1132 895 4084 1133 734 4085 1134 812 4086 982 693 4087 981 788 4088 1135 674 4089 970 964 4090 1136 716 4091 968 874 4092 1137 841 4093 1138 806 4094 1139 731 4095 1140 843 4096 1141 1000 4097 1142 1045 4098 1143 680 4099 1144 679 4100 1145 797 4101 1146 816 4102 1147 872 4103 1148 696 4104 1149 983 4105 1150 726 4106 1151 1009 4107 1152 766 4108 1153 799 4109 1154 896 4110 967 770 4111 1155 984 4112 965 723 4113 1156 973 4114 1157 1006 4115 1158 962 4116 1159 837 4117 1160 1013 4118 1161 795 4119 1099 1039 4120 1105 826 4121 1100 659 4122 988 780 4123 1162 794 4124 1163 902 4125 1164 754 4126 1165 780 4127 1166 900 4128 1095 700 4129 1167 718 4130 1096 685 4131 1168 909 4132 1169 865 4133 1170 809 4134 960 822 4135 1171 986 4136 961 1074 4137 1172 807 4138 1029 873 4139 1173 702 4140 1043 979 4141 1174 664 4142 1041 786 4143 1175 846 4144 1176 996 4145 1177 891 4146 1178 816 4147 1147 797 4148 1146 866 4149 1179 678 4150 1180 787 4151 1181 883 4152 1182 703 4153 1183 921 4154 1184 1070 4155 1185 866 4156 1179 787 4157 1181 996 4158 1177 705 4159 1186 786 4160 1175 705 4161 1186 760 4162 1187 850 4163 1188 1043 4164 1189 1035 4165 1190 815 4166 1191 875 4167 1192 749 4168 1193 876 4169 1194 953 4170 1195 707 4171 1196 1023 4172 1197 749 4173 1193 753 4174 1063 876 4175 1194 906 4176 1198 708 4177 1199 757 4178 1040 881 4179 1091 781 4180 1200 684 4181 1092 1055 4182 1201 1030 4183 1202 709 4184 1203 871 4185 1204 1025 4186 1205 813 4187 1206 852 4188 1088 783 4189 1207 768 4190 1089 868 4191 1208 839 4192 1209 914 4193 1210 1072 4194 1211 710 4195 1212 783 4196 1213 895 4197 1133 867 4198 1214 804 4199 1215 712 4200 952 842 4201 1216 915 4202 1217 800 4203 1218 972 4204 1119 771 4205 1219 1049 4206 1220 873 4207 1173 822 4208 1221 777 4209 1018 701 4210 962 836 4211 1222 938 4212 1223 989 4213 1082 717 4214 1224 948 4215 1057 678 4216 1180 866 4217 1179 1038 4218 1019 777 4219 1018 836 4220 1222 943 4221 1225 984 4222 1226 829 4223 1010 716 4224 968 964 4225 1136 957 4226 1227 775 4227 950 712 4228 952 915 4229 1217 1042 4230 1228 852 4231 1088 993 4232 1087 769 4233 1229 683 4234 1086 866 4235 1230 848 4236 1231 687 4237 1232 945 4238 977 828 4239 1035 746 4240 1037 861 4241 1233 682 4242 1234 719 4243 1235 946 4244 1236 946 4245 1237 920 4246 1238 744 4247 1239 1005 4248 1240 1004 4249 956 851 4250 1241 740 4251 986 659 4252 988 922 4253 1242 1064 4254 1243 919 4255 1244 908 4256 1245 1041 4257 1246 776 4258 1247 759 4259 1012 819 4260 1248 1073 4261 1249 1032 4262 1250 1001 4263 1251 1022 4264 1252 888 4265 1253 740 4266 986 1007 4267 1254 886 4268 987 870 4269 1255 747 4270 1001 665 4271 1000 724 4272 1256 1060 4273 1257 949 4274 1059 895 4275 1133 804 4276 1215 734 4277 1134 725 4278 1258 864 4279 1050 916 4280 1052 678 4281 1259 891 4282 1178 787 4283 1260 696 4284 1149 726 4285 1151 831 4286 1261 846 4287 1262 766 4288 1263 686 4289 1264 802 4290 1265 727 4291 1093 811 4292 1094 923 4293 1266 1063 4294 1267 955 4295 1268 973 4296 1157 669 4297 1004 739 4298 1003 940 4299 1269 859 4300 1270 792 4301 1271 887 4302 1272 837 4303 1160 962 4304 1159 810 4305 1273 865 4306 1274 909 4307 1275 730 4308 1053 942 4309 1276 706 4310 1054 787 4311 1260 891 4312 1178 797 4313 1146 1025 4314 1205 731 4315 1140 813 4316 1206 935 4317 1113 751 4318 1115 672 4319 1277 722 4320 998 802 4321 1265 732 4322 1278 819 4323 1248 1032 4324 1250 910 4325 1279 929 4326 1280 930 4327 1281 991 4328 1282 724 4329 1256 991 4330 1282 1060 4331 1257 859 4332 1270 724 4333 1283 792 4334 1271 859 4335 1284 660 4336 1120 724 4337 1256 1041 4338 1285 759 4339 1286 671 4340 1287 873 4341 1288 986 4342 1289 822 4343 1290 1015 4344 1291 855 4345 1292 800 4346 1218 779 4347 979 689 4348 1293 945 4349 977 832 4350 1066 835 4351 1294 737 4352 1064 849 4353 1295 1045 4354 1143 1057 4355 1296 1011 4356 1034 833 4357 1297 699 4358 1298 805 4359 1045 966 4360 1044 840 4361 1299 984 4362 965 770 4363 1155 818 4364 1300 694 4365 1301 697 4366 1302 1030 4367 1202 862 4368 1303 823 4369 1304 666 4370 1305 862 4371 984 1017 4372 953 912 4373 985 807 4374 1306 741 4375 1307 944 4376 1308 890 4377 1309 926 4378 1310 827 4379 1311 796 4380 1312 742 4381 1098 956 4382 1313 766 4383 1314 846 4384 1315 786 4385 1316 1071 4386 1084 683 4387 1086 769 4388 1229 1061 4389 1317 820 4390 1081 703 4391 1318 920 4392 1319 717 4393 1320 744 4394 1321 717 4395 1322 756 4396 1323 744 4397 1324 675 4398 1325 745 4399 1042 664 4400 1041 883 4401 1326 730 4402 1327 911 4403 1076 917 4404 1328 748 4405 1329 861 4406 1330 772 4407 1331 782 4408 1332 676 4409 1051 858 4410 1333 960 4411 1334 747 4412 1001 870 4413 1255 933 4414 1335 747 4415 1001 917 4416 1328 1037 4417 1336 748 4418 1329 676 4419 1058 924 4420 1337 1051 4421 1338 1065 4422 1339 970 4423 1340 749 4424 1193 853 4425 1341 1023 4426 1197 952 4427 1342 929 4428 1280 750 4429 1343 733 4430 1079 994 4431 1344 691 4432 1128 1019 4433 1345 926 4434 1310 1069 4435 1346 827 4436 1311 688 4437 1017 1038 4438 1019 778 4439 1347 1059 4440 1106 752 4441 1109 790 4442 1111 925 4443 1348 687 4444 1232 848 4445 1231 753 4446 1063 853 4447 1341 830 4448 971 753 4449 1063 830 4450 971 765 4451 973 754 4452 1165 788 4453 1135 693 4454 981 825 4455 1349 775 4456 950 915 4457 1217 1011 4458 1034 699 4459 1298 755 4460 1032 847 4461 1350 1026 4462 1351 1027 4463 1352 989 4464 1353 756 4465 1323 717 4466 1322 714 4467 1354 661 4468 1049 756 4469 1355 757 4470 1040 1028 4471 1356 975 4472 1357 668 4473 974 757 4474 1040 1066 4475 1358 998 4476 1359 914 4477 1210 839 4478 1209 691 4479 1128 863 4480 1360 1019 4481 1345 721 4482 1023 1008 4483 1361 898 4484 1362 1064 4485 1243 898 4486 1362 919 4487 1244 705 4488 1186 996 4489 1177 760 4490 1187 936 4491 1363 848 4492 1231 945 4493 977 1065 4494 1339 679 4495 1364 680 4496 1365 968 4497 1366 815 4498 1191 1035 4499 1190 868 4500 1367 690 4501 1368 928 4502 1369 928 4503 1369 710 4504 1212 1072 4505 1211 911 4506 994 681 4507 996 796 4508 1370 753 4509 1063 980 4510 1036 950 4511 1061 764 4512 1371 1057 4513 1296 761 4514 1372 1057 4515 1296 764 4516 1371 849 4517 1295 681 4518 996 980 4519 1373 796 4520 1370 987 4521 1374 980 4522 1036 828 4523 1035 981 4524 1375 877 4525 1376 766 4526 1314 766 4527 1377 877 4528 1378 799 4529 1379 899 4530 1075 828 4531 1074 700 4532 1167 865 4533 1274 810 4534 1273 978 4535 1380 710 4536 1212 768 4537 1381 783 4538 1213 785 4539 1382 768 4540 1381 895 4541 1133 703 4542 1183 1070 4543 1185 921 4544 1184 703 4545 1318 820 4546 1081 1070 4547 1383 770 4548 1384 723 4549 1156 1006 4550 1158 870 4551 1255 665 4552 1000 897 4553 1385 971 4554 1386 800 4555 1218 771 4556 1219 889 4557 1387 880 4558 999 904 4559 1388 869 4560 972 1018 4561 1389 1036 4562 1390 917 4563 1391 1036 4564 1392 1037 4565 1393 848 4566 1231 936 4567 1363 773 4568 1394 932 4569 1103 667 4570 1395 798 4571 1101 663 4572 976 860 4573 991 774 4574 1396 774 4575 1397 771 4576 1219 889 4577 1387 775 4578 950 923 4579 1266 662 4580 951 907 4581 1398 775 4582 950 825 4583 1349 919 4584 1244 759 4585 1012 776 4586 1247 854 4587 1026 673 4588 1028 995 4589 1399 1016 4590 1400 1049 4591 1401 701 4592 962 658 4593 1402 713 4594 1403 1016 4595 1404 778 4596 1347 937 4597 1405 926 4598 1310 672 4599 1277 937 4600 1405 841 4601 1020 736 4602 1406 689 4603 1293 779 4604 979 1052 4605 1407 674 4606 970 988 4607 969 894 4608 989 794 4609 1163 780 4610 1162 1053 4611 1408 755 4612 1032 699 4613 1298 781 4614 1409 960 4615 1334 858 4616 1333 888 4617 1410 910 4618 1279 1001 4619 1411 992 4620 1071 782 4621 1332 1034 4622 1072 835 4623 1294 832 4624 1066 677 4625 1412 990 4626 1413 719 4627 1235 682 4628 1234 990 4629 1413 839 4630 1414 711 4631 1415 912 4632 985 1017 4633 953 1050 4634 1416 728 4635 1417 940 4636 1269 669 4637 1004 785 4638 1382 993 4639 1418 768 4640 1381 1020 4641 1132 967 4642 1131 692 4643 1130 981 4644 1375 766 4645 1314 786 4646 1316 981 4647 1419 786 4648 1175 979 4649 1420 787 4650 1421 704 4651 1422 921 4652 1423 921 4653 1184 1070 4654 1185 787 4655 1181 780 4656 1166 659 4657 1424 902 4658 1164 886 4659 1425 969 4660 1426 659 4661 1424 824 4662 1427 789 4663 1428 664 4664 1041 757 4665 1040 975 4666 1357 1066 4667 1358 982 4668 1107 674 4669 1429 893 4670 1108 982 4671 1107 738 4672 1430 856 4673 1033 675 4674 1325 791 4675 1431 745 4676 1042 822 4677 1171 809 4678 960 814 4679 963 669 4680 1004 940 4681 1269 1008 4682 1432 1008 4683 1361 721 4684 1023 669 4685 1025 673 4686 1028 1056 4687 1433 908 4688 1434 958 4689 1435 813 4690 1206 731 4691 1140 999 4692 1436 894 4693 989 720 4694 957 823 4695 1304 1005 4696 1240 851 4697 1241 763 4698 1437 767 4699 1104 795 4700 1099 796 4701 1312 795 4702 1099 742 4703 1098 796 4704 1370 980 4705 1373 763 4706 1438 763 4707 1437 795 4708 1099 796 4709 1312 704 4710 1439 797 4711 1146 872 4712 1148 787 4713 1421 797 4714 1440 704 4715 1422 726 4716 1151 983 4717 1150 798 4718 1101 686 4719 1441 918 4720 1442 846 4721 1176 799 4722 1154 698 4723 1443 1009 4724 1152 742 4725 1098 826 4726 1100 1033 4727 1444 971 4728 1445 947 4729 1117 800 4730 1446 965 4731 1447 1015 4732 1291 800 4733 1218 897 4734 1385 665 4735 1000 801 4736 1448 934 4737 1449 812 4738 982 788 4739 1135 955 4740 1268 1063 4741 1267 802 4742 1265 1048 4743 1450 802 4744 1265 722 4745 998 1067 4746 1451 662 4747 951 803 4748 997 955 4749 1268 802 4750 1265 1048 4751 1450 804 4752 1215 762 4753 1452 660 4754 1453 804 4755 1215 660 4756 1453 859 4757 1270 805 4758 1045 840 4759 1299 951 4760 1454 790 4761 1111 1021 4762 1110 738 4763 1430 871 4764 1204 874 4765 1137 806 4766 1139 694 4767 1301 961 4768 1455 697 4769 1302 741 4770 1307 807 4771 1306 890 4772 1456 977 4773 1457 807 4774 1029 1074 4775 1172 680 4776 1458 1045 4777 1459 808 4778 1460 970 4779 1340 1023 4780 1197 853 4781 1341 703 4782 1183 883 4783 1182 974 4784 1461 791 4785 1431 814 4786 963 974 4787 1060 729 4788 1462 767 4789 1104 810 4790 1463 887 4791 1464 1012 4792 1465 837 4793 1466 802 4794 1265 811 4795 1094 1068 4796 1467 1001 4797 1411 910 4798 1279 1054 4799 1468 665 4800 1000 812 4801 982 934 4802 1449 665 4803 1000 905 4804 1002 812 4805 982 874 4806 1137 871 4807 1204 813 4808 1206 813 4809 1206 958 4810 1435 672 4811 1469 927 4812 1039 791 4813 1431 675 4814 1325 757 4815 1040 927 4816 1039 1028 4817 1356 1047 4818 1470 761 4819 1372 815 4820 1191 875 4821 1471 1043 4822 1189 815 4823 1191 985 4824 1065 737 4825 1064 1002 4826 1472 737 4827 1064 695 4828 1473 849 4829 1474 817 4830 1475 878 4831 1085 1071 4832 1084 863 4833 1476 914 4834 1477 998 4835 1478 1006 4836 1158 818 4837 1479 770 4838 1384 709 4839 1203 1030 4840 1202 1006 4841 1158 819 4842 1480 668 4843 974 663 4844 976 906 4845 1198 757 4846 1040 668 4847 974 820 4848 1081 743 4849 1481 1070 4850 1383 817 4851 1129 743 4852 1481 820 4853 1081 723 4854 1156 821 4855 1482 973 4856 1157 1007 4857 1483 1040 4858 1484 801 4859 1485 822 4860 1171 814 4861 963 701 4862 962 1049 4863 1401 822 4864 1171 701 4865 962 999 4866 1436 1005 4867 1240 823 4868 1304 794 4869 1163 922 4870 1242 659 4871 988 824 4872 1427 913 4873 992 860 4874 991 786 4875 1175 705 4876 1186 979 4877 1420 847 4878 1350 754 4879 1165 1026 4880 1351 1026 4881 1351 754 4882 1165 907 4883 1398 826 4884 1100 698 4885 1486 1033 4886 1444 962 4887 1487 1014 4888 1488 887 4889 1489 751 4890 1115 901 4891 1114 827 4892 1311 827 4893 1311 741 4894 1490 890 4895 1309 848 4896 1231 828 4897 1035 925 4898 1348 700 4899 1167 828 4900 1074 718 4901 1096 670 4902 1491 829 4903 1492 715 4904 1493 778 4905 1347 715 4906 1493 885 4907 1021 869 4908 972 830 4909 971 1018 4910 1389 952 4911 1342 1023 4912 1197 707 4913 1196 831 4914 1261 918 4915 1442 686 4916 1441 698 4917 1443 1013 4918 1161 1009 4919 1152 1046 4920 1494 725 4921 1258 916 4922 1052 782 4923 1495 677 4924 1412 1046 4925 1496 840 4926 1299 833 4927 1297 951 4928 1454 714 4929 1354 879 4930 958 661 4931 1049 1062 4932 1015 834 4933 1090 997 4934 1016 943 4935 966 834 4936 1090 896 4937 967 737 4938 1064 835 4939 1294 695 4940 1473 1045 4941 1459 941 4942 1068 808 4943 1460 670 4944 1491 1038 4945 1019 836 4946 1222 943 4947 966 997 4948 1016 834 4949 1090 837 4950 1466 1012 4951 1465 696 4952 1497 831 4953 1261 837 4954 1498 696 4955 1149 905 4956 1002 838 4957 980 812 4958 982 802 4959 1265 1063 4960 1267 727 4961 1093 682 4962 1234 839 4963 1414 990 4964 1413 758 4965 1123 839 4966 1499 682 4967 1124 661 4968 1049 840 4969 1299 1051 4970 1047 661 4971 1049 1029 4972 1500 840 4973 1299 841 4974 1020 937 4975 1405 778 4976 1347 778 4977 1347 885 4978 1021 841 4979 1020 842 4980 1216 855 4981 1292 1015 4982 1291 988 4983 969 736 4984 1501 1052 4985 1407 709 4986 1203 843 4987 1141 871 4988 1204 709 4989 1203 739 4990 1003 844 4991 1005 843 4992 1141 844 4993 1005 1000 4994 1142 709 4995 1203 844 4996 1005 843 4997 1141 762 4998 1121 690 4999 1126 845 5000 1122 929 5001 1280 994 5002 1344 750 5003 1343 846 5004 1176 798 5005 1101 667 5006 1395 918 5007 1442 798 5008 1101 846 5009 1176 754 5010 1165 847 5011 1350 780 5012 1166 780 5013 1162 1053 5014 1408 894 5015 989 718 5016 1096 848 5017 1502 773 5018 1097 848 5019 1502 718 5020 1096 828 5021 1074 737 5022 1064 849 5023 1474 1002 5024 1472 816 5025 1147 849 5026 1503 872 5027 1148 850 5028 1188 760 5029 1187 689 5030 1293 800 5031 1446 947 5032 1117 965 5033 1504 851 5034 1241 666 5035 1305 823 5036 1304 851 5037 1083 939 5038 954 1017 5039 953 990 5040 1413 852 5041 1088 719 5042 1235 1042 5043 1228 920 5044 1319 852 5045 1088 749 5046 1193 970 5047 1340 853 5048 1341 749 5049 1193 853 5050 1341 753 5051 1063 741 5052 1307 854 5053 1026 995 5054 1399 901 5055 1114 741 5056 1490 827 5057 1311 1067 5058 1451 855 5059 1292 842 5060 1216 972 5061 1119 1067 5062 1451 803 5063 997 856 5064 1033 964 5065 1505 674 5066 1429 856 5067 1033 674 5068 1429 982 5069 1107 857 5070 1125 683 5071 1086 878 5072 1085 683 5073 1086 946 5074 1237 744 5075 1239 858 5076 1333 684 5077 1506 781 5078 1409 933 5079 1507 770 5080 1155 896 5081 967 940 5082 1269 967 5083 1131 859 5084 1270 734 5085 1134 804 5086 1215 859 5087 1270 789 5088 1428 824 5089 1427 860 5090 991 663 5091 976 1003 5092 975 860 5093 991 752 5094 1508 687 5095 1232 925 5096 1348 752 5097 1109 884 5098 1046 1021 5099 1110 740 5100 986 862 5101 1303 959 5102 1509 740 5103 986 922 5104 1242 862 5105 1303 878 5106 1085 817 5107 1475 863 5108 1476 976 5109 1080 863 5110 1360 817 5111 1129 678 5112 1180 948 5113 1057 864 5114 1056 725 5115 1258 678 5116 1510 864 5117 1050 978 5118 1511 700 5119 1167 865 5120 1512 900 5121 1095 865 5122 1512 700 5123 1167 866 5124 1179 744 5125 1324 948 5126 1057 866 5127 1230 683 5128 1086 744 5129 1239 804 5130 1215 867 5131 1214 762 5132 1452 762 5133 1121 928 5134 1513 690 5135 1126 868 5136 1367 928 5137 1369 1072 5138 1211 868 5139 1208 711 5140 1514 839 5141 1209 765 5142 973 869 5143 972 746 5144 1037 869 5145 972 1036 5146 1390 917 5147 1515 870 5148 1255 770 5149 1516 933 5150 1335 870 5151 1255 897 5152 1385 770 5153 1516 871 5154 1204 1055 5155 1201 709 5156 1203 694 5157 1301 871 5158 1204 806 5159 1139 849 5160 1295 764 5161 1371 872 5162 1517 1047 5163 1470 815 5164 1191 968 5165 1366 873 5166 1173 807 5167 1029 735 5168 1031 873 5169 1288 735 5170 1518 986 5171 1289 874 5172 1519 672 5173 1277 841 5174 1020 874 5175 1137 813 5176 1206 672 5177 1469 963 5178 1520 749 5179 1193 875 5180 1192 815 5181 1191 761 5182 1372 875 5183 1471 1043 5184 1521 875 5185 1522 876 5186 1523 706 5187 1054 1058 5188 1524 950 5189 1525 742 5190 1526 877 5191 1376 956 5192 1078 1033 5193 1444 877 5194 1527 742 5195 1098 878 5196 1085 758 5197 1123 857 5198 1125 863 5199 1476 998 5200 1478 878 5201 1085 879 5202 958 1029 5203 1500 661 5204 1049 1031 5205 990 879 5206 958 720 5207 957 972 5208 1119 880 5209 999 771 5210 1219 771 5211 1219 880 5212 999 889 5213 1387 834 5214 1090 1062 5215 1015 881 5216 1091 1022 5217 1252 708 5218 1199 906 5219 1198 882 5220 964 927 5221 1039 1024 5222 1038 1022 5223 1252 1062 5224 1015 708 5225 1199 791 5226 1431 883 5227 1326 911 5228 1076 974 5229 1060 883 5230 1326 791 5231 1431 884 5232 1528 752 5233 1508 925 5234 1348 861 5235 1233 748 5236 1529 884 5237 1528 715 5238 1493 829 5239 1492 885 5240 1021 961 5241 1022 885 5242 1021 829 5243 1492 1007 5244 1530 801 5245 1448 886 5246 1425 886 5247 1425 934 5248 1449 969 5249 1426 1014 5250 1488 729 5251 1462 887 5252 1489 887 5253 1464 729 5254 1531 1012 5255 1465 888 5256 1410 819 5257 1248 910 5258 1279 819 5259 1480 906 5260 1198 668 5261 974 663 5262 1532 774 5263 1397 889 5264 1387 819 5265 1480 663 5266 976 1073 5267 1533 926 5268 1310 890 5269 1309 658 5270 1112 658 5271 1402 977 5272 1457 713 5273 1403 725 5274 1534 891 5275 1178 678 5276 1259 725 5277 1534 1046 5278 1535 985 5279 1536 945 5280 977 687 5281 1232 892 5282 978 752 5283 1109 1059 5284 1106 687 5285 1537 779 5286 1538 1059 5287 1106 893 5288 1108 779 5289 1538 1052 5290 1539 736 5291 1540 1053 5292 1408 699 5293 1298 894 5294 989 699 5295 1298 833 5296 1297 894 5297 989 768 5298 1381 710 5299 1212 895 5300 1133 867 5301 1214 895 5302 1133 710 5303 1212 896 5304 967 684 5305 1092 933 5306 1507 834 5307 1090 684 5308 1092 896 5309 967 897 5310 1541 723 5311 1156 770 5312 1384 821 5313 1482 723 5314 1156 1040 5315 1484 919 5316 1244 898 5317 1362 759 5318 1012 759 5319 1012 898 5320 1362 1010 5321 1013 987 5322 1542 899 5323 1543 767 5324 1104 978 5325 1380 810 5326 1273 767 5327 1544 931 5328 1545 900 5329 1095 773 5330 1097 685 5331 1168 865 5332 1170 900 5333 1546 901 5334 1547 854 5335 1026 741 5336 1307 901 5337 1547 793 5338 1027 854 5339 1026 754 5340 1165 902 5341 1164 788 5342 1135 788 5343 1135 969 5344 1426 934 5345 1449 792 5346 1271 724 5347 1283 903 5348 1007 724 5349 1548 949 5350 1549 903 5351 1550 880 5352 999 722 5353 998 904 5354 1388 1032 5355 1250 722 5356 998 732 5357 1278 727 5358 1093 838 5359 980 905 5360 1002 747 5361 1001 727 5362 1093 905 5363 1002 906 5364 1198 888 5365 1253 1022 5366 1252 906 5367 1198 819 5368 1480 888 5369 1253 754 5370 1165 693 5371 981 907 5372 1398 923 5373 1266 693 5374 981 838 5375 980 731 5376 1140 1000 5377 1142 908 5378 1551 1056 5379 1552 731 5380 1140 908 5381 1551 696 5382 1149 909 5383 1169 685 5384 1168 696 5385 1497 1012 5386 1465 909 5387 1275 1032 5388 1250 732 5389 1278 910 5390 1279 1068 5391 1467 1054 5392 1468 910 5393 1279 745 5394 1042 791 5395 1431 911 5396 1076 745 5397 1042 911 5398 1076 956 5399 1078 728 5400 1417 912 5401 985 1050 5402 1416 821 5403 1482 912 5404 985 973 5405 1157 850 5406 1188 913 5407 1116 705 5408 1186 979 5409 1420 705 5410 1186 913 5411 1116 868 5412 1208 914 5413 1210 691 5414 1553 691 5415 1128 914 5416 1554 863 5417 1360 915 5418 1217 842 5419 1216 716 5420 968 825 5421 1349 915 5422 1217 716 5423 968 676 5424 1051 782 5425 1332 916 5426 1052 916 5427 1052 782 5428 1332 1046 5429 1494 869 5430 972 917 5431 1515 746 5432 1037 746 5433 1037 917 5434 1515 861 5435 1233 918 5436 1442 726 5437 1151 798 5438 1101 918 5439 1442 831 5440 1261 726 5441 1151 908 5442 1245 919 5443 1244 673 5444 1555 673 5445 1555 919 5446 1244 776 5447 1247 719 5448 1235 920 5449 1319 946 5450 1236 920 5451 1319 719 5452 1235 852 5453 1088 883 5454 1182 921 5455 1184 730 5456 1556 921 5457 1423 704 5458 1422 730 5459 1053 922 5460 1242 999 5461 1436 823 5462 1304 862 5463 1303 922 5464 1242 823 5465 1304 907 5466 1398 693 5467 981 923 5468 1266 775 5469 950 907 5470 1398 923 5471 1266 924 5472 1048 756 5473 1355 661 5474 1049 756 5475 1323 948 5476 1057 744 5477 1324 861 5478 1233 884 5479 1528 925 5480 1348 925 5481 1348 828 5482 1035 861 5483 1233 688 5484 1017 926 5485 1310 658 5486 1112 688 5487 1017 778 5488 1347 926 5489 1310 814 5490 963 791 5491 1431 927 5492 1039 927 5493 1039 882 5494 964 814 5495 963 867 5496 1214 928 5497 1369 762 5498 1452 928 5499 1369 867 5500 1214 710 5501 1212 845 5502 1122 994 5503 1344 929 5504 1280 845 5505 1122 929 5506 1280 991 5507 1282 930 5508 1281 929 5509 1280 733 5510 1079 949 5511 1059 1060 5512 1257 1061 5513 1317 798 5514 1101 983 5515 1150 931 5516 1102 685 5517 1168 900 5518 1546 931 5519 1102 936 5520 1363 932 5521 1103 773 5522 1394 932 5523 1557 931 5524 1558 773 5525 1559 684 5526 1506 858 5527 1333 933 5528 1335 858 5529 1333 747 5530 1001 933 5531 1335 886 5532 1425 801 5533 1448 934 5534 1449 665 5535 1000 934 5536 1449 801 5537 1448 793 5538 1027 901 5539 1547 935 5540 1560 731 5541 1140 1056 5542 1552 958 5543 1435 996 5544 1177 932 5545 1103 936 5546 1363 760 5547 1187 996 5548 1177 936 5549 1363 672 5550 1277 751 5551 1115 937 5552 1405 751 5553 1115 827 5554 1311 1069 5555 1346 692 5556 1130 938 5557 1223 785 5558 1382 939 5559 954 692 5560 1130 784 5561 955 692 5562 1130 939 5563 954 938 5564 1223 989 5565 1082 938 5566 1223 939 5567 954 728 5568 1417 1050 5569 1416 940 5570 1269 784 5571 955 967 5572 1131 940 5573 1269 941 5574 1068 835 5575 1294 953 5576 1069 695 5577 1473 835 5578 1294 941 5579 1068 704 5580 1422 942 5581 1276 730 5582 1053 704 5583 1422 968 5584 1366 1035 5585 1190 943 5586 966 670 5587 1491 997 5588 1016 670 5589 1491 943 5590 966 829 5591 1492 944 5592 1308 776 5593 1561 1041 5594 1285 995 5595 1399 673 5596 1028 776 5597 1561 945 5598 977 760 5599 1187 936 5600 1363 760 5601 1187 945 5602 977 689 5603 1293 946 5604 1237 683 5605 1086 857 5606 1125 682 5607 1124 946 5608 1237 857 5609 1125 947 5610 1117 850 5611 1188 689 5612 1293 947 5613 1117 913 5614 1116 850 5615 1188 948 5616 1057 924 5617 1337 676 5618 1058 756 5619 1323 924 5620 1337 948 5621 1057 1061 5622 1317 703 5623 1318 949 5624 1059 949 5625 1059 703 5626 1318 974 5627 1060 950 5628 1061 980 5629 1036 681 5630 1562 706 5631 1054 950 5632 1525 1044 5633 1055 738 5634 1430 805 5635 1045 951 5636 1454 738 5637 1430 1011 5638 1034 856 5639 1033 1018 5640 1389 830 5641 971 952 5642 1342 830 5643 971 853 5644 1341 952 5645 1342 835 5646 1294 677 5647 1412 953 5648 1069 677 5649 1412 782 5650 1495 992 5651 1563 954 5652 1118 947 5653 1117 971 5654 1445 860 5655 991 954 5656 993 774 5657 1396 955 5658 1268 803 5659 997 662 5660 951 923 5661 1266 955 5662 1268 662 5663 951 956 5664 1078 877 5665 1376 981 5666 1375 702 5667 1043 745 5668 1042 956 5669 1078 957 5670 1227 825 5671 1349 716 5672 968 1026 5673 1351 907 5674 1398 825 5675 1349 935 5676 1564 672 5677 1469 958 5678 1435 958 5679 1435 1056 5680 1552 935 5681 1564 821 5682 1482 959 5683 983 912 5684 985 1007 5685 1483 821 5686 1482 1040 5687 1484 960 5688 1334 811 5689 1094 747 5690 1001 1068 5691 1467 811 5692 1094 1054 5693 1468 961 5694 1022 806 5695 1565 841 5696 1020 806 5697 1139 961 5698 1455 694 5699 1301 962 5700 1487 698 5701 1486 1014 5702 1488 698 5703 1443 962 5704 1159 1013 5705 1161 761 5706 1372 963 5707 1566 875 5708 1471 761 5709 1372 679 5710 1145 1065 5711 1567 856 5712 1033 755 5713 1032 964 5714 1505 755 5715 1032 1053 5716 1408 1027 5717 1568 947 5718 1117 689 5719 1293 965 5720 1504 965 5721 1504 689 5722 1293 736 5723 1406 748 5724 1569 966 5725 1044 884 5726 1046 676 5727 1058 1051 5728 1338 748 5729 1329 967 5730 1131 734 5731 1134 859 5732 1270 1020 5733 1132 734 5734 1134 967 5735 1131 704 5736 1439 872 5737 1148 968 5738 1570 872 5739 1517 1047 5740 1470 968 5741 1366 969 5742 1426 902 5743 1164 659 5744 1424 969 5745 1426 788 5746 1135 902 5747 1164 970 5748 1340 680 5749 1365 808 5750 1571 680 5751 1365 970 5752 1340 1065 5753 1339 774 5754 1572 971 5755 1573 771 5756 1574 774 5757 1396 954 5758 993 971 5759 1575 855 5760 1292 1067 5761 1451 972 5762 1119 972 5763 1119 800 5764 1218 855 5765 1292 973 5766 1157 728 5767 1417 669 5768 1004 912 5769 985 728 5770 1417 973 5771 1157 903 5772 959 974 5773 1060 809 5774 960 814 5775 963 809 5776 960 974 5777 1060 789 5778 1428 975 5779 1357 664 5780 1041 664 5781 1041 975 5782 1357 1028 5783 1356 733 5784 1079 750 5785 1343 976 5786 1080 976 5787 1080 1019 5788 1345 863 5789 1360 890 5790 1576 807 5791 1029 977 5792 1457 658 5793 1112 890 5794 1309 977 5795 1577 899 5796 1075 978 5797 1511 767 5798 1578 899 5799 1075 700 5800 1167 978 5801 1511 913 5802 992 824 5803 1427 979 5804 1174 979 5805 1174 824 5806 1427 664 5807 1041 980 5808 1036 753 5809 1063 765 5810 973 980 5811 1036 765 5812 973 746 5813 1037 979 5814 1174 702 5815 1043 981 5816 1375 981 5817 1375 702 5818 1043 956 5819 1078 982 5820 1107 1059 5821 1106 790 5822 1111 790 5823 1111 738 5824 1430 982 5825 1107 696 5826 1149 685 5827 1168 983 5828 1150 983 5829 1150 685 5830 1168 931 5831 1102 1030 5832 1202 697 5833 1302 984 5834 1579 829 5835 1010 984 5836 1226 697 5837 1011 891 5838 1178 985 5839 1536 1002 5840 1580 725 5841 1534 985 5842 1536 891 5843 1178 986 5844 1289 735 5845 1518 671 5846 1287 986 5847 961 671 5848 1581 903 5849 959 763 5850 1437 987 5851 1542 767 5852 1104 763 5853 1582 980 5854 1036 987 5855 1374 716 5856 968 842 5857 1216 988 5858 969 988 5859 969 842 5860 1216 736 5861 1501 989 5862 1353 714 5863 1583 756 5864 1323 989 5865 1584 851 5866 1241 1004 5867 956 783 5868 1207 852 5869 1088 990 5870 1413 783 5871 1207 990 5872 1413 1072 5873 1585 724 5874 1256 660 5875 1120 991 5876 1282 660 5877 1120 845 5878 1122 991 5879 1282 1018 5880 1389 953 5881 1195 992 5882 1586 953 5883 1069 677 5884 1412 992 5885 1563 993 5886 1418 785 5887 1382 938 5888 1223 717 5889 1320 993 5890 1087 938 5891 1587 994 5892 1344 690 5893 1126 691 5894 1128 690 5895 1126 994 5896 1344 845 5897 1122 944 5898 1308 741 5899 1307 995 5900 1399 995 5901 1399 776 5902 1561 944 5903 1308 932 5904 1103 996 5905 1177 667 5906 1395 846 5907 1176 667 5908 1395 996 5909 1177 836 5910 1222 997 5911 1016 670 5912 1491 701 5913 962 997 5914 1016 836 5915 1222 758 5916 1123 998 5917 1478 839 5918 1499 878 5919 1085 998 5920 1478 758 5921 1123 794 5922 1163 999 5923 1436 922 5924 1242 999 5925 1436 794 5926 1163 894 5927 989 844 5928 1005 721 5929 1588 1000 5930 1142 721 5931 1023 898 5932 1362 1064 5933 1243 781 5934 1200 881 5935 1091 1001 5936 1251 781 5937 1409 1001 5938 1411 1054 5939 1468 816 5940 1147 1002 5941 1580 849 5942 1503 891 5943 1178 1002 5944 1580 816 5945 1147 860 5946 991 1003 5947 975 789 5948 1428 1066 5949 1358 975 5950 1357 789 5951 1428 989 5952 1584 1004 5953 956 714 5954 1354 714 5955 1354 1004 5956 956 879 5957 958 1005 5958 1240 720 5959 957 1004 5960 956 999 5961 1436 720 5962 957 1005 5963 1240 973 5964 1157 739 5965 1003 1006 5966 1158 739 5967 1003 709 5968 1203 1006 5969 1158 1007 5970 1483 959 5971 983 821 5972 1482 740 5973 986 959 5974 1509 1007 5975 1254 1008 5976 1432 940 5977 1269 792 5978 1271 898 5979 1362 1008 5980 1361 1010 5981 1013 1009 5982 1589 831 5983 1261 686 5984 1441 686 5985 1264 766 5986 1263 1009 5987 1590 792 5988 1271 903 5989 1007 1010 5990 1006 1008 5991 1432 792 5992 1271 1010 5993 1006 738 5994 1430 951 5995 1454 1011 5996 1034 1011 5997 1034 951 5998 1454 833 5999 1297 810 6000 1273 1012 6001 1465 729 6002 1531 909 6003 1275 1012 6004 1465 810 6005 1273 1009 6006 1152 1013 6007 1161 831 6008 1591 1013 6009 1161 837 6010 1160 831 6011 1591 826 6012 1100 1039 6013 1105 1014 6014 1488 1014 6015 1488 698 6016 1486 826 6017 1100 736 6018 1501 842 6019 1216 1015 6020 1291 736 6021 1406 1015 6022 1592 965 6023 1504 1016 6024 1400 701 6025 962 777 6026 1018 777 6027 1018 658 6028 1112 1016 6029 1400 1017 6030 953 862 6031 984 666 6032 1593 666 6033 1593 851 6034 1083 1017 6035 953 707 6036 1196 953 6037 1195 1018 6038 1389 1018 6039 1389 952 6040 1342 707 6041 1196 1019 6042 1345 976 6043 1080 750 6044 1343 994 6045 1344 1019 6046 1345 750 6047 1343 692 6048 1130 785 6049 1382 1020 6050 1132 785 6051 1382 895 6052 1133 1020 6053 1132 805 6054 1045 738 6055 1430 1021 6056 1110 1021 6057 1110 884 6058 1046 805 6059 1045 1001 6060 1251 881 6061 1091 1022 6062 1252 881 6063 1091 1062 6064 1015 1022 6065 1252 808 6066 1571 1023 6067 1197 970 6068 1340 808 6069 1571 941 6070 1594 1023 6071 1197 708 6072 1199 1024 6073 1038 757 6074 1040 708 6075 1199 882 6076 964 1024 6077 1038 871 6078 1204 843 6079 1141 1025 6080 1205 731 6081 1140 1025 6082 1205 843 6083 1141 1027 6084 1352 1026 6085 1351 957 6086 1227 1026 6087 1351 825 6088 1349 957 6089 1227 1027 6090 1568 964 6091 1505 755 6092 1032 964 6093 1136 1027 6094 1352 957 6095 1227 1028 6096 1356 927 6097 1039 675 6098 1325 664 6099 1041 1028 6100 1356 675 6101 1325 1029 6102 1500 833 6103 1297 840 6104 1299 1031 6105 990 1029 6106 1500 879 6107 958 1030 6108 1202 984 6109 1579 818 6110 1479 1030 6111 1202 818 6112 1479 1006 6113 1158 894 6114 989 833 6115 1297 1031 6116 990 833 6117 1297 1029 6118 1500 1031 6119 990 904 6120 1388 1032 6121 1250 1073 6122 1249 904 6123 1388 722 6124 998 1032 6125 1250 1033 6126 1595 698 6127 1443 799 6128 1154 799 6129 1379 877 6130 1378 1033 6131 1596 1034 6132 1072 782 6133 1332 772 6134 1331 1018 6135 1389 1034 6136 1597 1036 6137 1390 1035 6138 1190 706 6139 1054 942 6140 1276 704 6141 1422 1035 6142 1190 942 6143 1276 1034 6144 1072 772 6145 1331 1036 6146 1392 772 6147 1331 1037 6148 1393 1036 6149 1392 748 6150 1329 1037 6151 1336 676 6152 1058 772 6153 1331 676 6154 1051 1037 6155 1393 1038 6156 1019 670 6157 1491 715 6158 1493 778 6159 1347 1038 6160 1019 715 6161 1493 729 6162 1462 1014 6163 1488 1039 6164 1105 729 6165 1462 1039 6166 1105 767 6167 1104 1040 6168 1598 897 6169 1385 801 6170 1448 1040 6171 1484 723 6172 1156 897 6173 1541 735 6174 1518 1041 6175 1285 671 6176 1287 944 6177 1308 1041 6178 1285 735 6179 1518 717 6180 1320 920 6181 1319 1042 6182 1228 717 6183 1320 1042 6184 1228 993 6185 1087 706 6186 1054 1035 6187 1190 1043 6188 1189 876 6189 1599 706 6190 1054 1043 6191 1189 681 6192 1600 730 6193 1053 1044 6194 1055 681 6195 1562 1044 6196 1601 950 6197 1061 1045 6198 1459 695 6199 1473 941 6200 1068 1045 6201 1459 849 6202 1474 695 6203 1473 985 6204 1065 1046 6205 1496 832 6206 1066 1046 6207 1496 677 6208 1412 832 6209 1066 764 6210 1371 761 6211 1372 1047 6212 1470 872 6213 1517 764 6214 1371 1047 6215 1470 955 6216 1268 1048 6217 1450 803 6218 997 803 6219 997 1048 6220 1450 722 6221 998 1074 6222 1172 873 6223 1173 1049 6224 1220 1049 6225 1401 1016 6226 1400 713 6227 1602 784 6228 955 1050 6229 1416 1017 6230 953 940 6231 1269 1050 6232 1416 784 6233 955 1051 6234 1047 840 6235 1299 966 6236 1044 748 6237 1569 1051 6238 1047 966 6239 1044 779 6240 1538 893 6241 1108 1052 6242 1539 893 6243 1108 674 6244 1429 1052 6245 1539 1027 6246 1352 1053 6247 1603 847 6248 1350 780 6249 1162 847 6250 1604 1053 6251 1408 1054 6252 1468 811 6253 1094 960 6254 1334 781 6255 1409 1054 6256 1468 960 6257 1334 694 6258 1301 1030 6259 1202 1055 6260 1201 694 6261 1301 1055 6262 1201 871 6263 1204 793 6264 1027 1056 6265 1433 673 6266 1028 1056 6267 1552 793 6268 1605 935 6269 1564 761 6270 1372 1057 6271 1296 679 6272 1145 1057 6273 1296 1045 6274 1143 679 6275 1145 876 6276 1194 753 6277 1063 1058 6278 1062 706 6279 1054 876 6280 1599 1058 6281 1524 779 6282 1538 892 6283 1606 1059 6284 1106 687 6285 1232 1059 6286 1607 892 6287 978 930 6288 1281 1060 6289 1257 991 6290 1282 733 6291 1079 1060 6292 1257 930 6293 1281 1061 6294 1317 733 6295 1079 820 6296 1081 1060 6297 1257 733 6298 1079 1061 6299 1317 882 6300 964 1062 6301 1015 701 6302 962 882 6303 964 708 6304 1199 1062 6305 1015 923 6306 1266 838 6307 980 1063 6308 1267 838 6309 980 727 6310 1093 1063 6311 1267 1064 6312 1243 908 6313 1245 1000 6314 1608 721 6315 1023 1064 6316 1243 1000 6317 1608 761 6318 1372 1065 6319 1567 963 6320 1566 963 6321 1520 1065 6322 1339 749 6323 1193 1066 6324 1358 789 6325 1428 1003 6326 975 1003 6327 975 668 6328 974 1066 6329 1358 712 6330 952 662 6331 951 1067 6332 1451 712 6333 952 1067 6334 1451 842 6335 1216 732 6336 1278 1068 6337 1467 910 6338 1279 732 6339 1278 802 6340 1265 1068 6341 1467 937 6342 1405 1069 6343 1346 926 6344 1310 937 6345 1405 751 6346 1115 1069 6347 1346 1070 6348 1609 769 6349 1229 866 6350 1230 1070 6351 1609 743 6352 1610 769 6353 1229 743 6354 1610 817 6355 1475 1071 6356 1084 743 6357 1610 1071 6358 1084 769 6359 1229 990 6360 1413 711 6361 1415 1072 6362 1585 711 6363 1611 868 6364 1367 1072 6365 1211 889 6366 1387 1073 6367 1249 663 6368 1532 1073 6369 1249 889 6370 1387 904 6371 1388 977 6372 1457 1074 6373 1172 713 6374 1403 1074 6375 1172 1049 6376 1220 713 6377 1403 1075 6378 1612 1076 6379 1613 1083 6380 1614 1076 6381 1613 1077 6382 1615 1083 6383 1614 1077 6384 1615 1078 6385 1616 1083 6386 1614 1078 6387 1616 1079 6388 1617 1083 6389 1614 1079 6390 1617 1080 6391 1618 1083 6392 1614 1080 6393 1618 1081 6394 1619 1083 6395 1614 1081 6396 1619 1082 6397 1620 1083 6398 1614 1082 6399 1620 1075 6400 1612 1083 6401 1614 1156 6402 1621 1157 6403 1622 1158 6404 1623 1158 6405 1623 1157 6406 1622 1159 6407 1624 1159 6408 1624 1157 6409 1622 1160 6410 1625 1160 6411 1625 1157 6412 1622 1161 6413 1626 1161 6414 1626 1157 6415 1622 1162 6416 1627 1162 6417 1627 1157 6418 1622 1163 6419 1628 1163 6420 1628 1157 6421 1622 1164 6422 1629 1164 6423 1629 1157 6424 1622 1156 6425 1621 1090 6426 1631 1091 6427 1632 1081 6428 1630 1081 6429 1630 1091 6430 1632 1082 6431 1633 1090 6432 1636 1080 6433 1634 1089 6434 1635 1080 6435 1634 1090 6436 1636 1081 6437 1637 1086 6438 1638 1078 6439 1616 1077 6440 1615 1078 6441 1616 1086 6442 1638 1087 6443 1639 1079 6444 1617 1087 6445 1639 1088 6446 1640 1087 6447 1639 1079 6448 1617 1078 6449 1616 1088 6450 1640 1089 6451 1641 1079 6452 1617 1079 6453 1617 1089 6454 1641 1080 6455 1618 1091 6456 1632 1075 6457 1643 1082 6458 1633 1075 6459 1643 1091 6460 1632 1084 6461 1642 1084 6462 1645 1076 6463 1647 1075 6464 1644 1076 6465 1647 1084 6466 1645 1085 6467 1646 1085 6468 1648 1077 6469 1615 1076 6470 1613 1077 6471 1615 1085 6472 1648 1086 6473 1638 1098 6474 1649 1099 6475 1650 1090 6476 1631 1090 6477 1631 1099 6478 1650 1091 6479 1632 1097 6480 1651 1098 6481 1652 1089 6482 1635 1089 6483 1635 1098 6484 1652 1090 6485 1636 1099 6486 1650 1084 6487 1642 1091 6488 1632 1084 6489 1642 1099 6490 1650 1092 6491 1653 1092 6492 1654 1085 6493 1646 1084 6494 1645 1085 6495 1646 1092 6496 1654 1093 6497 1655 1093 6498 1655 1086 6499 1657 1085 6500 1646 1086 6501 1657 1093 6502 1655 1094 6503 1656 1087 6504 1639 1094 6505 1658 1095 6506 1659 1094 6507 1658 1087 6508 1639 1086 6509 1638 1088 6510 1640 1087 6511 1639 1096 6512 1660 1087 6513 1639 1095 6514 1659 1096 6515 1660 1096 6516 1660 1097 6517 1661 1088 6518 1640 1088 6519 1640 1097 6520 1661 1089 6521 1641 1107 6522 1662 1092 6523 1653 1099 6524 1650 1092 6525 1653 1107 6526 1662 1100 6527 1663 1106 6528 1664 1107 6529 1662 1098 6530 1649 1098 6531 1649 1107 6532 1662 1099 6533 1650 1104 6534 1666 1105 6535 1667 1096 6536 1665 1096 6537 1665 1105 6538 1667 1097 6539 1651 1105 6540 1667 1098 6541 1652 1097 6542 1651 1098 6543 1652 1105 6544 1667 1106 6545 1668 1095 6546 1659 1102 6547 1669 1103 6548 1670 1102 6549 1669 1095 6550 1659 1094 6551 1658 1096 6552 1660 1103 6553 1670 1104 6554 1671 1103 6555 1670 1096 6556 1660 1095 6557 1659 1100 6558 1672 1093 6559 1655 1092 6560 1654 1093 6561 1655 1100 6562 1672 1101 6563 1673 1101 6564 1673 1094 6565 1656 1093 6566 1655 1094 6567 1656 1101 6568 1673 1102 6569 1674 1113 6570 1675 1106 6571 1668 1105 6572 1667 1106 6573 1668 1113 6574 1675 1114 6575 1676 1104 6576 1666 1113 6577 1675 1105 6578 1667 1113 6579 1675 1104 6580 1666 1112 6581 1677 1112 6582 1679 1104 6583 1671 1111 6584 1678 1104 6585 1671 1103 6586 1670 1111 6587 1678 1110 6588 1680 1111 6589 1678 1103 6590 1670 1103 6591 1670 1102 6592 1669 1110 6593 1680 1109 6594 1681 1110 6595 1682 1102 6596 1674 1109 6597 1681 1102 6598 1674 1101 6599 1673 1101 6600 1673 1108 6601 1683 1109 6602 1681 1108 6603 1683 1101 6604 1673 1100 6605 1672 1115 6606 1684 1100 6607 1663 1107 6608 1662 1100 6609 1663 1115 6610 1684 1108 6611 1685 1106 6612 1664 1115 6613 1684 1107 6614 1662 1115 6615 1684 1106 6616 1664 1114 6617 1686 1119 6618 1687 1120 6619 1688 1112 6620 1679 1112 6621 1679 1111 6622 1678 1119 6623 1687 1118 6624 1689 1119 6625 1687 1111 6626 1678 1111 6627 1678 1110 6628 1680 1118 6629 1689 1117 6630 1690 1118 6631 1691 1110 6632 1682 1117 6633 1690 1110 6634 1682 1109 6635 1681 1117 6636 1690 1108 6637 1683 1116 6638 1692 1108 6639 1683 1117 6640 1690 1109 6641 1681 1115 6642 1684 1116 6643 1694 1108 6644 1685 1116 6645 1694 1115 6646 1684 1123 6647 1693 1114 6648 1686 1123 6649 1693 1115 6650 1684 1123 6651 1693 1114 6652 1686 1122 6653 1695 1121 6654 1696 1114 6655 1676 1113 6656 1675 1114 6657 1676 1121 6658 1696 1122 6659 1697 1112 6660 1677 1121 6661 1696 1113 6662 1675 1121 6663 1696 1112 6664 1677 1120 6665 1698 1122 6666 1695 1131 6667 1700 1123 6668 1693 1131 6669 1700 1122 6670 1695 1130 6671 1699 1129 6672 1701 1122 6673 1697 1121 6674 1696 1122 6675 1697 1129 6676 1701 1130 6677 1702 1120 6678 1698 1129 6679 1701 1121 6680 1696 1129 6681 1701 1120 6682 1698 1128 6683 1703 1127 6684 1704 1128 6685 1705 1120 6686 1688 1120 6687 1688 1119 6688 1687 1127 6689 1704 1126 6690 1706 1127 6691 1704 1119 6692 1687 1119 6693 1687 1118 6694 1689 1126 6695 1706 1125 6696 1707 1126 6697 1708 1118 6698 1691 1125 6699 1707 1118 6700 1691 1117 6701 1690 1125 6702 1707 1116 6703 1692 1124 6704 1709 1116 6705 1692 1125 6706 1707 1117 6707 1690 1123 6708 1693 1124 6709 1710 1116 6710 1694 1124 6711 1710 1123 6712 1693 1131 6713 1700 1137 6714 1711 1130 6715 1702 1129 6716 1701 1130 6717 1702 1137 6718 1711 1138 6719 1712 1136 6720 1713 1129 6721 1701 1128 6722 1703 1129 6723 1701 1136 6724 1713 1137 6725 1711 1135 6726 1714 1136 6727 1715 1128 6728 1705 1128 6729 1705 1127 6730 1704 1135 6731 1714 1134 6732 1716 1135 6733 1714 1127 6734 1704 1127 6735 1704 1126 6736 1706 1134 6737 1716 1134 6738 1718 1125 6739 1707 1133 6740 1717 1125 6741 1707 1134 6742 1718 1126 6743 1708 1133 6744 1717 1124 6745 1709 1132 6746 1719 1124 6747 1709 1133 6748 1717 1125 6749 1707 1131 6750 1700 1132 6751 1721 1124 6752 1710 1132 6753 1721 1131 6754 1700 1139 6755 1720 1130 6756 1699 1139 6757 1720 1131 6758 1700 1139 6759 1720 1130 6760 1699 1138 6761 1722 1141 6762 1724 1132 6763 1719 1140 6764 1723 1132 6765 1719 1141 6766 1724 1133 6767 1717 1139 6768 1720 1140 6769 1726 1132 6770 1721 1140 6771 1726 1139 6772 1720 1147 6773 1725 1146 6774 1727 1139 6775 1720 1138 6776 1722 1139 6777 1720 1146 6778 1727 1147 6779 1725 1138 6780 1712 1137 6781 1711 1145 6782 1728 1138 6783 1712 1145 6784 1728 1146 6785 1729 1137 6786 1711 1136 6787 1713 1144 6788 1730 1137 6789 1711 1144 6790 1730 1145 6791 1728 1143 6792 1731 1144 6793 1732 1136 6794 1715 1136 6795 1715 1135 6796 1714 1143 6797 1731 1142 6798 1733 1143 6799 1731 1135 6800 1714 1135 6801 1714 1134 6802 1716 1142 6803 1733 1142 6804 1734 1133 6805 1717 1141 6806 1724 1133 6807 1717 1142 6808 1734 1134 6809 1718 1154 6810 1735 1147 6811 1725 1146 6812 1727 1147 6813 1725 1154 6814 1735 1155 6815 1736 1154 6816 1738 1145 6817 1728 1153 6818 1737 1145 6819 1728 1154 6820 1738 1146 6821 1729 1152 6822 1739 1153 6823 1737 1145 6824 1728 1145 6825 1728 1144 6826 1730 1152 6827 1739 1151 6828 1740 1152 6829 1741 1144 6830 1732 1144 6831 1732 1143 6832 1731 1151 6833 1740 1150 6834 1742 1151 6835 1740 1143 6836 1731 1143 6837 1731 1142 6838 1733 1150 6839 1742 1150 6840 1744 1141 6841 1724 1149 6842 1743 1141 6843 1724 1150 6844 1744 1142 6845 1734 1148 6846 1745 1149 6847 1743 1141 6848 1724 1141 6849 1724 1140 6850 1723 1148 6851 1745 1148 6852 1749 1147 6853 1747 1155 6854 1748 1147 6855 1747 1148 6856 1749 1140 6857 1746 1156 6858 1621 1158 6859 1623 1149 6860 1750 1149 6861 1750 1148 6862 1749 1156 6863 1621 1159 6864 1752 1149 6865 1743 1158 6866 1751 1149 6867 1743 1159 6868 1752 1150 6869 1744 1159 6870 1753 1160 6871 1754 1151 6872 1740 1151 6873 1740 1150 6874 1742 1159 6875 1753 1160 6876 1754 1161 6877 1755 1152 6878 1741 1152 6879 1741 1151 6880 1740 1160 6881 1754 1161 6882 1756 1162 6883 1757 1153 6884 1737 1153 6885 1737 1152 6886 1739 1161 6887 1756 1153 6888 1737 1163 6889 1758 1154 6890 1738 1163 6891 1758 1153 6892 1737 1162 6893 1757 1164 6894 1629 1154 6895 1759 1163 6896 1628 1154 6897 1759 1164 6898 1629 1155 6899 1748 1164 6900 1629 1148 6901 1749 1155 6902 1748 1148 6903 1749 1164 6904 1629 1156 6905 1621 1282 6906 1760 1219 6907 1761 1169 6908 1762 1524 6909 1763 1291 6910 1764 1446 6911 1765 1511 6912 1766 1386 6913 1767 1227 6914 1768 1410 6915 1769 1493 6916 1770 1316 6917 1771 1208 6918 1772 1389 6919 1773 1321 6920 1774 1491 6921 1775 1403 6922 1776 1450 6923 1777 1223 6924 1778 1181 6925 1779 1495 6926 1780 1337 6927 1781 1272 6928 1782 1376 6929 1783 1175 6930 1784 1170 6931 1785 1510 6932 1786 1452 6933 1787 1286 6934 1788 1399 6935 1789 1345 6936 1790 1319 6937 1791 1200 6938 1792 1466 6939 1793 1419 6940 1794 1369 6941 1795 1247 6942 1796 1166 6943 1797 1393 6944 1798 1401 6945 1799 1227 6946 1768 1538 6947 1800 1367 6948 1801 1461 6949 1802 1420 6950 1803 1418 6951 1804 1188 6952 1805 1237 6953 1806 1310 6954 1807 1387 6955 1808 1229 6956 1809 1172 6957 1810 1412 6958 1811 1254 6959 1812 1246 6960 1813 1351 6961 1814 1176 6962 1815 1517 6963 1816 1178 6964 1817 1410 6965 1818 1468 6966 1819 1204 6967 1820 1336 6968 1821 1266 6969 1822 1178 6970 1823 1517 6971 1824 1208 6972 1772 1504 6973 1825 1569 6974 1826 1195 6975 1827 1545 6976 1828 1284 6977 1829 1348 6978 1830 1468 6979 1831 1392 6980 1832 1228 6981 1833 1176 6982 1834 1351 6983 1835 1361 6984 1836 1180 6985 1837 1300 6986 1838 1314 6987 1839 1242 6988 1840 1451 6989 1841 1262 6990 1842 1518 6991 1843 1363 6992 1844 1335 6993 1845 1253 6994 1846 1487 6995 1847 1531 6996 1848 1264 6997 1849 1434 6998 1850 1171 6999 1851 1209 7000 1852 1252 7001 1853 1473 7002 1854 1391 7003 1855 1312 7004 1856 1558 7005 1857 1168 7006 1858 1431 7007 1859 1371 7008 1860 1423 7009 1861 1183 7010 1862 1237 7011 1863 1551 7012 1864 1213 7013 1865 1371 7014 1866 1183 7015 1867 1455 7016 1868 1456 7017 1869 1410 7018 1769 1481 7019 1870 1457 7020 1871 1260 7021 1872 1565 7022 1873 1244 7023 1874 1339 7024 1875 1492 7025 1876 1530 7026 1877 1460 7027 1878 1448 7028 1879 1525 7029 1880 1541 7030 1881 1499 7031 1882 1494 7032 1883 1406 7033 1884 1335 7034 1885 1418 7035 1886 1463 7036 1887 1303 7037 1888 1240 7038 1889 1327 7039 1890 1483 7040 1891 1496 7041 1892 1358 7042 1893 1446 7043 1765 1578 7044 1894 1190 7045 1895 1385 7046 1896 1500 7047 1897 1275 7048 1898 1359 7049 1899 1341 7050 1900 1191 7051 1901 1388 7052 1902 1234 7053 1903 1318 7054 1904 1254 7055 1812 1407 7056 1905 1280 7057 1906 1225 7058 1907 1249 7059 1908 1333 7060 1909 1302 7061 1910 1305 7062 1911 1439 7063 1912 1438 7064 1913 1302 7065 1910 1546 7066 1914 1274 7067 1915 1566 7068 1916 1400 7069 1917 1489 7070 1918 1259 7071 1919 1297 7072 1920 1528 7073 1921 1195 7074 1827 1284 7075 1829 1165 7076 1922 1442 7077 1923 1258 7078 1924 1408 7079 1925 1420 7080 1926 1461 7081 1927 1454 7082 1928 1479 7083 1929 1387 7084 1808 1310 7085 1807 1167 7086 1930 1352 7087 1931 1269 7088 1932 1265 7089 1933 1364 7090 1934 1189 7091 1935 1197 7092 1936 1198 7093 1937 1375 7094 1938 1483 7095 1891 1327 7096 1890 1324 7097 1939 1291 7098 1764 1474 7099 1940 1199 7100 1941 1527 7101 1942 1241 7102 1943 1402 7103 1944 1319 7104 1791 1295 7105 1945 1200 7106 1792 1181 7107 1779 1223 7108 1778 1471 7109 1946 1381 7110 1947 1313 7111 1948 1348 7112 1949 1238 7113 1950 1507 7114 1951 1350 7115 1952 1552 7116 1953 1186 7117 1954 1187 7118 1955 1304 7119 1956 1379 7120 1957 1323 7121 1958 1203 7122 1959 1233 7123 1960 1490 7124 1961 1516 7125 1962 1306 7126 1963 1273 7127 1964 1403 7128 1776 1491 7129 1775 1277 7130 1965 1230 7131 1966 1513 7132 1967 1480 7133 1968 1469 7134 1969 1520 7135 1970 1344 7136 1971 1302 7137 1910 1333 7138 1909 1546 7139 1914 1166 7140 1797 1301 7141 1972 1287 7142 1973 1409 7143 1974 1287 7144 1975 1261 7145 1976 1407 7146 1905 1225 7147 1907 1207 7148 1977 1192 7149 1978 1372 7150 1979 1416 7151 1980 1316 7152 1771 1493 7153 1770 1329 7154 1981 1581 7155 1982 1380 7156 1983 1314 7157 1839 1209 7158 1852 1171 7159 1851 1486 7160 1984 1293 7161 1985 1503 7162 1986 1353 7163 1987 1398 7164 1988 1304 7165 1956 1323 7166 1958 1373 7167 1989 1294 7168 1990 1185 7169 1991 1390 7170 1992 1428 7171 1993 1210 7172 1994 1577 7173 1995 1294 7174 1990 1373 7175 1989 1503 7176 1986 1293 7177 1985 1212 7178 1996 1212 7179 1996 1357 7180 1997 1267 7181 1998 1550 7182 1999 1322 7183 2000 1542 7184 2001 1382 7185 2002 1383 7186 2003 1256 7187 2004 1460 7188 2005 1530 7189 2006 1214 7190 2007 1256 7191 2004 1383 7192 2003 1260 7193 1872 1413 7194 2008 1264 7195 1849 1215 7196 2009 1388 7197 1902 1191 7198 1901 1288 7199 2010 1562 7200 2011 1216 7201 2012 1537 7202 2013 1378 7203 2014 1320 7204 2015 1532 7205 2016 1359 7206 1899 1275 7207 1898 1290 7208 2017 1375 7209 2018 1421 7210 2019 1346 7211 2020 1579 7212 2021 1290 7213 2022 1217 7214 2023 1402 7215 1944 1311 7216 2024 1374 7217 2025 1219 7218 1761 1422 7219 2026 1349 7220 2027 1307 7221 2028 1278 7222 2029 1479 7223 1929 1556 7224 2030 1329 7225 2031 1380 7226 1983 1284 7227 1829 1343 7228 2032 1208 7229 1772 1445 7230 2033 1224 7231 2034 1496 7232 1892 1455 7233 1868 1373 7234 1989 1185 7235 1991 1545 7236 1828 1343 7237 2032 1284 7238 1829 1450 7239 2035 1336 7240 1821 1491 7241 2036 1223 7242 1778 1464 7243 2037 1471 7244 1946 1282 7245 1760 1422 7246 2026 1219 7247 1761 1549 7248 2038 1500 7249 1897 1359 7250 1899 1276 7251 2039 1373 7252 2040 1190 7253 1895 1355 7254 2041 1452 7255 1787 1194 7256 2042 1335 7257 1845 1368 7258 2043 1253 7259 1846 1189 7260 2044 1453 7261 2045 1226 7262 2046 1453 7263 2047 1251 7264 2048 1427 7265 2049 1512 7266 2050 1358 7267 2051 1511 7268 1766 1247 7269 1796 1429 7270 2052 1166 7271 1797 1571 7272 2053 1415 7273 2054 1426 7274 2055 1548 7275 2056 1266 7276 1822 1283 7277 2057 1326 7278 2058 1539 7279 2059 1580 7280 2060 1508 7281 2061 1395 7282 2062 1529 7283 2063 1247 7284 1796 1393 7285 1798 1514 7286 2064 1377 7287 2065 1172 7288 1810 1254 7289 1812 1231 7290 2066 1456 7291 1869 1567 7292 2067 1402 7293 1944 1241 7294 1943 1311 7295 2024 1232 7296 2068 1423 7297 1861 1371 7298 1860 1185 7299 2069 1294 7300 2070 1398 7301 1988 1203 7302 1959 1338 7303 2071 1233 7304 1960 1353 7305 2072 1193 7306 2073 1273 7307 2074 1309 7308 2075 1318 7309 1904 1234 7310 1903 1430 7311 2076 1462 7312 2077 1570 7313 2078 1480 7314 1968 1246 7315 1813 1176 7316 1815 1447 7317 2079 1299 7318 2080 1366 7319 2081 1394 7320 2082 1469 7321 1969 1344 7322 1971 1317 7323 2083 1416 7324 2084 1372 7325 2085 1237 7326 1863 1213 7327 1865 1449 7328 2086 1294 7329 2070 1304 7330 1956 1398 7331 1988 1532 7332 2016 1320 7333 2015 1238 7334 1950 1442 7335 1923 1179 7336 2087 1258 7337 1924 1229 7338 1809 1239 7339 2088 1309 7340 2075 1326 7341 2058 1417 7342 2089 1539 7343 2059 1436 7344 2090 1498 7345 2091 1437 7346 2092 1231 7347 2066 1567 7348 2067 1498 7349 2091 1366 7350 2081 1299 7351 2080 1231 7352 2093 1366 7353 2094 1231 7354 2066 1167 7355 1930 1548 7356 2095 1178 7357 2096 1266 7358 2097 1380 7359 2098 1329 7360 2099 1493 7361 2100 1522 7362 2101 1307 7363 2028 1362 7364 2102 1286 7365 1788 1452 7366 1787 1196 7367 2103 1339 7368 1875 1244 7369 1874 1342 7370 2104 1356 7371 2105 1564 7372 2106 1552 7373 1953 1518 7374 1843 1206 7375 2107 1340 7376 2108 1312 7377 1856 1347 7378 2109 1473 7379 1854 1491 7380 1775 1325 7381 2110 1277 7382 1965 1201 7383 2111 1537 7384 2013 1204 7385 2112 1369 7386 2113 1173 7387 2114 1330 7388 2115 1369 7389 1795 1419 7390 1794 1524 7391 1763 1314 7392 2116 1451 7393 2117 1248 7394 2118 1397 7395 2119 1334 7396 2120 1433 7397 2121 1303 7398 2122 1463 7399 2123 1249 7400 1908 1273 7401 2124 1293 7402 2125 1353 7403 2126 1578 7404 1894 1276 7405 2039 1190 7406 1895 1568 7407 2127 1210 7408 2128 1327 7409 1890 1427 7410 2129 1251 7411 2130 1224 7412 2131 1224 7413 2132 1251 7414 2133 1263 7415 2134 1182 7416 2135 1171 7417 1851 1252 7418 1853 1390 7419 2136 1418 7420 1886 1237 7421 2137 1424 7422 2138 1368 7423 2139 1255 7424 2140 1279 7425 2141 1183 7426 1862 1289 7427 2142 1365 7428 2143 1254 7429 1812 1467 7430 2144 1377 7431 2065 1254 7432 1812 1440 7433 2145 1424 7434 2138 1255 7435 2140 1544 7436 2146 1183 7437 1867 1558 7438 2147 1431 7439 2148 1572 7440 2149 1256 7441 2004 1477 7442 2150 1360 7443 2151 1459 7444 2152 1530 7445 2006 1436 7446 2090 1240 7447 1889 1257 7448 2153 1501 7449 2154 1526 7450 2155 1198 7451 1937 1433 7452 2121 1334 7453 2120 1576 7454 2156 1195 7455 1827 1285 7456 2157 1545 7457 1828 1566 7458 1916 1297 7459 1920 1259 7460 1919 1432 7461 2158 1355 7462 2041 1194 7463 2042 1260 7464 1872 1337 7465 1781 1360 7466 2151 1260 7467 1872 1272 7468 1782 1337 7469 1781 1261 7470 1976 1200 7471 1792 1295 7472 1945 1332 7473 2159 1422 7474 2026 1282 7475 1760 1518 7476 1843 1262 7477 1842 1206 7478 2107 1354 7479 2160 1534 7480 2161 1533 7481 2162 1496 7482 2163 1224 7483 2132 1263 7484 2134 1221 7485 2164 1263 7486 2165 1168 7487 1858 1264 7488 1849 1482 7489 2166 1535 7490 2167 1175 7491 1784 1573 7492 2168 1264 7493 1849 1505 7494 2169 1346 7495 2020 1421 7496 2019 1198 7497 1937 1526 7498 2155 1370 7499 2170 1228 7500 1833 1405 7501 2171 1515 7502 2172 1571 7503 2053 1426 7504 2055 1405 7505 2171 1212 7506 1996 1267 7507 1998 1503 7508 1986 1443 7509 2173 1452 7510 1787 1355 7511 2041 1572 7512 2149 1187 7513 2174 1186 7514 2175 1475 7515 2176 1542 7516 2001 1322 7517 2000 1375 7518 2177 1435 7519 2178 1197 7520 2179 1435 7521 2178 1579 7522 2021 1217 7523 2023 1418 7524 1804 1303 7525 2180 1188 7526 1805 1260 7527 1872 1457 7528 1871 1487 7529 1847 1271 7530 2181 1268 7531 2182 1564 7532 2106 1564 7533 2106 1356 7534 2105 1271 7535 2181 1188 7536 1805 1303 7537 2180 1487 7538 2183 1494 7539 2184 1335 7540 1845 1487 7541 1847 1488 7542 2185 1273 7543 2124 1384 7544 2186 1273 7545 2187 1306 7546 2188 1384 7547 2189 1406 7548 1884 1207 7549 1977 1335 7550 1885 1372 7551 2085 1485 7552 2190 1317 7553 2083 1217 7554 2023 1290 7555 2022 1275 7556 2191 1292 7557 2192 1402 7558 1944 1275 7559 2191 1210 7560 1994 1428 7561 1993 1577 7562 1995 1210 7563 2128 1577 7564 2193 1327 7565 1890 1277 7566 2194 1513 7567 1967 1230 7568 1966 1377 7569 2065 1404 7570 2195 1172 7571 1810 1478 7572 2196 1278 7573 2029 1307 7574 2028 1396 7575 2197 1411 7576 2198 1387 7577 1808 1376 7578 1783 1543 7579 2199 1525 7580 2200 1424 7581 2201 1544 7582 2202 1543 7583 2203 1355 7584 2041 1280 7585 2204 1443 7586 2173 1439 7587 1912 1305 7588 1911 1174 7589 2205 1170 7590 1785 1281 7591 2206 1367 7592 1801 1281 7593 2207 1396 7594 2197 1278 7595 2029 1282 7596 1760 1169 7597 1762 1430 7598 2076 1414 7599 2208 1332 7600 2159 1282 7601 1760 1426 7602 2055 1283 7603 2057 1266 7604 1822 1361 7605 1836 1502 7606 2209 1180 7607 1837 1523 7608 2210 1208 7609 1772 1556 7610 2211 1165 7611 2212 1523 7612 2213 1220 7613 2214 1285 7614 2157 1433 7615 2121 1444 7616 2215 1179 7617 2087 1348 7618 1830 1444 7619 2215 1243 7620 2216 1286 7621 1788 1196 7622 2103 1559 7623 2217 1495 7624 1780 1181 7625 1779 1401 7626 1799 1287 7627 1973 1301 7628 1972 1560 7629 2218 1206 7630 2107 1262 7631 1842 1288 7632 2219 1365 7633 2143 1467 7634 2144 1395 7635 2220 1508 7636 2221 1417 7637 2089 1499 7638 1882 1541 7639 1881 1289 7640 2142 1342 7641 2104 1184 7642 2222 1339 7643 1875 1497 7644 2223 1189 7645 2044 1226 7646 2046 1497 7647 2223 1218 7648 2224 1346 7649 2225 1419 7650 1794 1557 7651 2226 1524 7652 1763 1235 7653 2227 1176 7654 1815 1447 7655 2079 1292 7656 2192 1275 7657 2191 1500 7658 2228 1527 7659 1942 1199 7660 1941 1474 7661 1940 1488 7662 2185 1293 7663 2125 1273 7664 2124 1488 7665 2229 1486 7666 2230 1293 7667 1985 1294 7668 2231 1428 7669 2232 1211 7670 2233 1428 7671 1993 1294 7672 1990 1577 7673 1995 1287 7674 1975 1409 7675 1974 1166 7676 2234 1393 7677 2235 1166 7678 2234 1476 7679 2236 1331 7680 2237 1171 7681 1851 1296 7682 2238 1264 7683 1849 1573 7684 2168 1482 7685 2166 1489 7686 1918 1400 7687 1917 1181 7688 2239 1489 7689 1918 1363 7690 1844 1245 7691 2240 1182 7692 2135 1252 7693 1853 1298 7694 2241 1329 7695 1981 1321 7696 1774 1316 7697 1771 1176 7698 1815 1515 7699 2242 1447 7700 2079 1515 7701 2172 1176 7702 1834 1228 7703 1833 1180 7704 1837 1415 7705 2243 1563 7706 2244 1465 7707 2245 1238 7708 1950 1320 7709 2015 1506 7710 2246 1227 7711 1768 1401 7712 1799 1330 7713 2115 1358 7714 2051 1512 7715 2050 1270 7716 2247 1302 7717 1910 1274 7718 1915 1303 7719 2122 1249 7720 1908 1302 7721 1910 1303 7722 2180 1270 7723 2248 1487 7724 2183 1270 7725 2247 1303 7726 2122 1302 7727 1910 1211 7728 2249 1379 7729 1957 1304 7730 1956 1294 7731 2231 1211 7732 2233 1304 7733 2250 1233 7734 1960 1305 7735 1911 1490 7736 1961 1193 7737 2251 1353 7738 1987 1425 7739 2252 1306 7740 1963 1516 7741 1962 1205 7742 2253 1249 7743 1908 1540 7744 2254 1333 7745 1909 1478 7746 2255 1307 7747 2256 1454 7748 1928 1472 7749 2257 1307 7750 2028 1522 7751 2101 1404 7752 2195 1308 7753 2258 1172 7754 1810 1441 7755 2259 1295 7756 1945 1319 7757 1791 1462 7758 2077 1309 7759 2075 1570 7760 2078 1555 7761 2260 1229 7762 1809 1309 7763 2075 1574 7764 2261 1310 7765 1807 1169 7766 1762 1462 7767 2077 1555 7768 2260 1309 7769 2075 1311 7770 2024 1167 7771 2262 1269 7772 2263 1311 7773 2024 1366 7774 2081 1167 7775 2262 1312 7776 1856 1458 7777 2264 1347 7778 2109 1297 7779 1920 1245 7780 2240 1528 7781 1921 1378 7782 2014 1313 7783 1948 1381 7784 1947 1201 7785 2111 1204 7786 2112 1468 7787 2265 1248 7788 2118 1397 7789 2266 1314 7790 2116 1484 7791 2267 1581 7792 1982 1314 7793 1839 1187 7794 2268 1315 7795 2269 1552 7796 2270 1477 7797 2150 1360 7798 2151 1530 7799 2006 1210 7800 1994 1481 7801 2271 1390 7802 1992 1298 7803 2241 1481 7804 1870 1321 7805 1774 1236 7806 2272 1317 7807 2273 1274 7808 1915 1394 7809 2274 1344 7810 2275 1519 7811 2276 1309 7812 2075 1575 7813 2277 1318 7814 1904 1508 7815 2221 1561 7816 2278 1417 7817 2089 1172 7818 1810 1441 7819 2259 1319 7820 1791 1172 7821 1810 1319 7822 1791 1412 7823 1811 1381 7824 1947 1320 7825 2015 1378 7826 2014 1320 7827 2015 1179 7828 2279 1465 7829 2245 1434 7830 1850 1182 7831 2135 1298 7832 2241 1264 7833 1849 1535 7834 2167 1434 7835 1850 1554 7836 2280 1322 7837 2000 1268 7838 2182 1382 7839 2281 1322 7840 2000 1550 7841 1999 1492 7842 1876 1509 7843 2282 1244 7844 1874 1244 7845 1874 1356 7846 2283 1202 7847 2284 1324 7848 2285 1578 7849 1894 1385 7850 1896 1370 7851 2286 1505 7852 2287 1421 7853 2288 1513 7854 1967 1277 7855 2194 1325 7856 2289 1216 7857 2012 1513 7858 1967 1537 7859 2013 1326 7860 2290 1170 7861 1785 1175 7862 1784 1413 7863 2008 1175 7864 1784 1264 7865 1849 1327 7866 1890 1577 7867 2193 1250 7868 2291 1324 7869 1939 1327 7870 1890 1250 7871 2291 1230 7872 1966 1480 7873 1968 1328 7874 2292 1514 7875 2293 1308 7876 2294 1547 7877 2295 1329 7878 1981 1208 7879 1772 1321 7880 1774 1556 7881 2211 1208 7882 1772 1329 7883 1981 1506 7884 2246 1330 7885 2115 1512 7886 2050 1301 7887 1972 1166 7888 1797 1429 7889 2052 1331 7890 2237 1367 7891 1801 1420 7892 1803 1293 7893 1985 1486 7894 2230 1212 7895 1996 1354 7896 2160 1533 7897 2162 1261 7898 1976 1533 7899 2162 1414 7900 2208 1261 7901 1976 1333 7902 1909 1540 7903 2254 1205 7904 2296 1469 7905 2297 1394 7906 2298 1521 7907 2299 1258 7908 1924 1334 7909 2120 1408 7910 1925 1334 7911 2120 1397 7912 2119 1248 7913 2300 1355 7914 2041 1432 7915 2158 1335 7916 1845 1207 7917 1977 1225 7918 1907 1335 7919 1885 1177 7920 2301 1222 7921 2302 1336 7922 2303 1285 7923 2157 1392 7924 1832 1222 7925 2302 1376 7926 1783 1525 7927 2200 1337 7928 1781 1459 7929 2152 1214 7930 2007 1530 7931 2006 1338 7932 2071 1193 7933 2251 1425 7934 2252 1205 7935 2253 1516 7936 1962 1520 7937 1970 1553 7938 2304 1423 7939 1861 1232 7940 2068 1289 7941 2305 1553 7942 2306 1184 7943 2222 1347 7944 2109 1458 7945 2264 1340 7946 2108 1221 7947 2164 1168 7948 1858 1386 7949 1767 1569 7950 1826 1504 7951 1825 1341 7952 1900 1450 7953 1777 1403 7954 1776 1341 7955 1900 1244 7956 1874 1202 7957 2284 1342 7958 2104 1552 7959 2270 1315 7960 2269 1448 7961 1879 1177 7962 2301 1343 7963 2032 1545 7964 1828 1450 7965 1777 1341 7966 1900 1504 7967 1825 1344 7968 2275 1203 7969 2307 1519 7970 2276 1338 7971 2071 1203 7972 1959 1344 7973 2308 1412 7974 1811 1319 7975 1791 1345 7976 1790 1309 7977 2075 1234 7978 1903 1570 7979 2078 1189 7980 2044 1497 7981 2223 1346 7982 2225 1265 7983 1933 1189 7984 1935 1346 7985 2309 1168 7986 1858 1558 7987 1857 1347 7988 2109 1168 7989 1858 1347 7990 2109 1536 7991 2310 1348 7992 1830 1285 7993 2157 1444 7994 2215 1285 7995 2157 1348 7996 1830 1392 7997 1832 1349 7998 2027 1522 7999 2101 1362 8000 2102 1495 8001 1780 1559 8002 2217 1243 8003 2311 1216 8004 2012 1378 8005 2014 1350 8006 1952 1216 8007 2012 1351 8008 1814 1246 8009 1813 1350 8010 1952 1507 8011 1951 1351 8012 1814 1216 8013 2012 1350 8014 1952 1351 8015 1814 1269 8016 1932 1352 8017 1931 1197 8018 1936 1436 8019 2090 1257 8020 2153 1501 8021 2154 1353 8022 1987 1174 8023 2205 1305 8024 1911 1425 8025 2252 1353 8026 1987 1305 8027 1911 1261 8028 1976 1287 8029 1975 1354 8030 2160 1287 8031 1973 1401 8032 1799 1560 8033 2218 1225 8034 1907 1280 8035 1906 1355 8036 2312 1355 8037 2312 1335 8038 1885 1225 8039 1907 1244 8040 1874 1509 8041 2282 1356 8042 2283 1323 8043 1958 1379 8044 1957 1356 8045 2313 1357 8046 1997 1196 8047 2103 1267 8048 1998 1307 8049 2256 1472 8050 2314 1454 8051 1928 1358 8052 2051 1330 8053 2115 1173 8054 2114 1358 8055 1893 1524 8056 1763 1446 8057 1765 1497 8058 2223 1226 8059 2046 1359 8060 1899 1549 8061 2038 1359 8062 1899 1427 8063 2129 1256 8064 2004 1360 8065 2151 1477 8066 2150 1256 8067 2004 1260 8068 1872 1360 8069 2151 1248 8070 2118 1502 8071 2209 1361 8072 1836 1408 8073 1925 1334 8074 2120 1248 8075 2300 1574 8076 2261 1349 8077 2027 1362 8078 2102 1479 8079 1929 1310 8080 1807 1574 8081 2261 1363 8082 1844 1181 8083 2239 1471 8084 2315 1363 8085 1844 1489 8086 1918 1181 8087 2239 1364 8088 1934 1385 8089 1896 1190 8090 1895 1190 8091 1895 1251 8092 2048 1453 8093 2047 1365 8094 2143 1288 8095 2219 1191 8096 2316 1440 8097 2317 1403 8098 1776 1277 8099 1965 1447 8100 2079 1366 8101 2081 1474 8102 1940 1241 8103 1943 1366 8104 2081 1311 8105 2024 1296 8106 2238 1367 8107 1801 1331 8108 2237 1170 8109 1785 1367 8110 1801 1510 8111 1786 1259 8112 2318 1432 8113 2158 1194 8114 2042 1259 8115 1919 1528 8116 1921 1391 8117 1855 1247 8118 1796 1466 8119 2319 1369 8120 2113 1247 8121 1796 1369 8122 2113 1429 8123 2052 1385 8124 1896 1370 8125 2286 1324 8126 2285 1483 8127 1891 1324 8128 1939 1370 8129 2170 1185 8130 1991 1371 8131 1866 1455 8132 1868 1232 8133 2068 1371 8134 1860 1185 8135 2320 1485 8136 2321 1372 8137 2322 1207 8138 1977 1407 8139 1905 1207 8140 1977 1372 8141 2322 1373 8142 1989 1455 8143 1868 1251 8144 2133 1373 8145 2040 1251 8146 2048 1190 8147 1895 1311 8148 2024 1269 8149 2263 1374 8150 2025 1269 8151 1932 1197 8152 1936 1435 8153 2323 1375 8154 2177 1579 8155 2021 1435 8156 2178 1375 8157 2018 1346 8158 2020 1218 8159 2324 1272 8160 1782 1253 8161 1846 1376 8162 1783 1376 8163 1783 1424 8164 2325 1543 8165 2199 1377 8166 2065 1440 8167 2145 1277 8168 2326 1377 8169 2065 1277 8170 2326 1404 8171 2195 1378 8172 2014 1216 8173 2012 1562 8174 2011 1201 8175 2111 1313 8176 1948 1378 8177 2014 1356 8178 2105 1379 8179 2327 1271 8180 2181 1554 8181 2280 1475 8182 2176 1322 8183 2000 1380 8184 1983 1242 8185 1840 1314 8186 1839 1380 8187 2098 1493 8188 2100 1242 8189 2328 1381 8190 2329 1348 8191 1830 1179 8192 2087 1381 8193 1947 1179 8194 2279 1320 8195 2015 1470 8196 2330 1382 8197 2002 1256 8198 2004 1322 8199 2000 1382 8200 2281 1268 8201 2182 1550 8202 2331 1383 8203 2332 1382 8204 2333 1213 8205 1865 1457 8206 2334 1565 8207 2335 1249 8208 2336 1463 8209 1887 1384 8210 2186 1540 8211 2254 1249 8212 1908 1384 8213 2337 1385 8214 1896 1364 8215 1934 1265 8216 1933 1370 8217 2286 1385 8218 1896 1505 8219 2287 1386 8220 1767 1168 8221 1858 1536 8222 2310 1538 8223 1800 1227 8224 1768 1386 8225 1767 1479 8226 1929 1278 8227 2029 1387 8228 1808 1278 8229 2029 1396 8230 2197 1387 8231 1808 1341 8232 1900 1388 8233 1902 1569 8234 1826 1529 8235 2063 1413 8236 2008 1215 8237 2009 1389 8238 1773 1531 8239 1848 1434 8240 1850 1529 8241 2063 1215 8242 2009 1569 8243 1826 1298 8244 2241 1418 8245 1886 1390 8246 2136 1481 8247 1870 1298 8248 2241 1390 8249 2136 1391 8250 2338 1432 8251 2158 1259 8252 2318 1368 8253 2043 1391 8254 2338 1255 8255 2339 1222 8256 2302 1392 8257 1832 1336 8258 2303 1468 8259 1831 1336 8260 2303 1392 8261 1832 1514 8262 2340 1393 8263 2235 1308 8264 2258 1393 8265 2235 1476 8266 2236 1441 8267 2259 1521 8268 2299 1394 8269 2298 1236 8270 2272 1394 8271 2274 1519 8272 2276 1236 8273 2341 1395 8274 2220 1417 8275 2089 1326 8276 2058 1326 8277 2290 1175 8278 1784 1413 8279 2008 1170 8280 2342 1396 8281 2197 1281 8282 2207 1326 8283 2290 1580 8284 2343 1170 8285 1785 1433 8286 2121 1165 8287 1922 1397 8288 2119 1165 8289 2212 1220 8290 2214 1484 8291 2267 1232 8292 2344 1185 8293 2069 1398 8294 1988 1232 8295 2344 1492 8296 2345 1553 8297 2346 1452 8298 1787 1399 8299 1789 1194 8300 2042 1259 8301 1919 1194 8302 2347 1566 8303 1916 1286 8304 2348 1400 8305 1917 1566 8306 1916 1286 8307 2348 1243 8308 2349 1559 8309 2350 1560 8310 2218 1401 8311 1799 1206 8312 2107 1206 8313 2107 1401 8314 1799 1340 8315 2108 1275 8316 2191 1402 8317 1944 1217 8318 2023 1374 8319 2025 1217 8320 2023 1402 8321 1944 1403 8322 1776 1440 8323 2317 1191 8324 1901 1341 8325 1900 1403 8326 1776 1191 8327 1901 1404 8328 2351 1277 8329 2194 1230 8330 1966 1328 8331 2292 1547 8332 2295 1230 8333 1966 1426 8334 2055 1266 8335 1822 1405 8336 2171 1266 8337 1822 1517 8338 1824 1405 8339 2171 1494 8340 2352 1274 8341 1915 1406 8342 2353 1485 8343 2190 1274 8344 2354 1317 8345 2083 1438 8346 2355 1280 8347 1906 1407 8348 1905 1192 8349 1978 1407 8350 2356 1372 8351 1979 1408 8352 2357 1248 8353 2118 1361 8354 1836 1408 8355 2357 1361 8356 1836 1300 8357 1838 1261 8358 1976 1295 8359 1945 1409 8360 1974 1295 8361 1945 1441 8362 2259 1476 8363 2236 1299 8364 2080 1410 8365 1818 1231 8366 2093 1231 8367 2358 1410 8368 2359 1456 8369 2360 1387 8370 1808 1411 8371 2198 1229 8372 1809 1539 8373 2059 1239 8374 2088 1229 8375 1809 1234 8376 1903 1412 8377 1811 1345 8378 1790 1254 8379 1812 1412 8380 1811 1234 8381 1903 1413 8382 2008 1529 8383 2063 1395 8384 2062 1413 8385 2008 1395 8386 2062 1326 8387 2290 1261 8388 1976 1414 8389 2208 1200 8390 1792 1430 8391 2076 1345 8392 1790 1200 8393 1792 1238 8394 1950 1415 8395 2361 1507 8396 1951 1563 8397 2362 1415 8398 2361 1238 8399 1950 1203 8400 1959 1192 8401 1978 1416 8402 1980 1203 8403 2307 1416 8404 2084 1519 8405 2276 1539 8406 2059 1417 8407 2089 1239 8408 2088 1575 8409 2277 1417 8410 2089 1561 8411 2278 1252 8412 1853 1418 8413 1886 1298 8414 2241 1252 8415 1853 1463 8416 1887 1418 8417 1886 1235 8418 2227 1557 8419 2226 1419 8420 1794 1328 8421 2292 1480 8422 1968 1419 8423 1794 1357 8424 1997 1212 8425 1996 1420 8426 1926 1486 8427 2230 1420 8428 1926 1212 8429 1996 1375 8430 2018 1198 8431 2363 1421 8432 2019 1198 8433 1937 1370 8434 2170 1421 8435 2364 1422 8436 2026 1223 8437 1778 1349 8438 2027 1332 8439 2159 1223 8440 1778 1422 8441 2026 1183 8442 1862 1423 8443 1861 1289 8444 2142 1423 8445 1861 1553 8446 2304 1289 8447 2142 1376 8448 1783 1253 8449 1846 1424 8450 2325 1253 8451 1846 1368 8452 2043 1424 8453 2325 1425 8454 2252 1305 8455 1911 1233 8456 1960 1425 8457 2252 1233 8458 1960 1338 8459 2071 1415 8460 2054 1180 8461 2365 1426 8462 2055 1180 8463 2365 1283 8464 2057 1426 8465 2055 1226 8466 2046 1453 8467 2045 1427 8468 2129 1427 8469 2129 1359 8470 1899 1226 8471 2046 1390 8472 1992 1237 8473 2366 1428 8474 1993 1428 8475 2232 1237 8476 1863 1211 8477 2233 1429 8478 2052 1330 8479 2115 1506 8480 2246 1369 8481 2113 1330 8482 2115 1429 8483 2052 1414 8484 2208 1430 8485 2076 1200 8486 1792 1282 8487 1760 1430 8488 2076 1414 8489 2208 1431 8490 1859 1168 8491 1858 1263 8492 2165 1263 8493 2134 1251 8494 2133 1455 8495 1868 1368 8496 2043 1432 8497 2158 1391 8498 2338 1432 8499 2158 1368 8500 2043 1335 8501 1845 1195 8502 1827 1165 8503 1922 1433 8504 2121 1195 8505 1827 1433 8506 2121 1285 8507 2157 1321 8508 1774 1434 8509 1850 1298 8510 2241 1434 8511 1850 1321 8512 1774 1389 8513 1773 1374 8514 2025 1269 8515 2263 1435 8516 2178 1435 8517 2178 1217 8518 2023 1374 8519 2025 1352 8520 1931 1436 8521 2090 1501 8522 2154 1352 8523 1931 1498 8524 2091 1436 8525 2090 1437 8526 2092 1240 8527 1889 1436 8528 2090 1456 8529 1869 1568 8530 2127 1567 8531 2067 1305 8532 1911 1438 8533 1913 1490 8534 1961 1192 8535 1978 1438 8536 1913 1407 8537 2356 1443 8538 2173 1280 8539 2204 1439 8540 1912 1439 8541 2367 1280 8542 2368 1438 8543 2369 1191 8544 2316 1440 8545 2145 1365 8546 2143 1365 8547 2143 1440 8548 2145 1254 8549 1812 1393 8550 2235 1441 8551 2259 1308 8552 2258 1172 8553 1810 1308 8554 2258 1441 8555 2259 1300 8556 1838 1442 8557 2370 1408 8558 2357 1238 8559 1950 1465 8560 2245 1563 8561 2362 1503 8562 1986 1443 8563 2173 1439 8564 1912 1267 8565 1998 1443 8566 2173 1503 8567 1986 1179 8568 2087 1444 8569 2215 1258 8570 1924 1258 8571 1924 1576 8572 2156 1334 8573 2120 1199 8574 1941 1292 8575 2192 1445 8576 2033 1446 8577 1765 1291 8578 1764 1199 8579 1941 1199 8580 1941 1445 8581 2033 1446 8582 1765 1496 8583 1892 1446 8584 1765 1445 8585 2033 1235 8586 2227 1447 8587 2079 1557 8588 2226 1291 8589 1764 1447 8590 2079 1474 8591 1940 1448 8592 1879 1460 8593 1878 1342 8594 2104 1202 8595 2284 1448 8596 1879 1342 8597 2104 1211 8598 2233 1237 8599 1863 1449 8600 2086 1211 8601 2233 1542 8602 2001 1475 8603 2176 1450 8604 1777 1504 8605 1825 1177 8606 2301 1177 8607 2301 1336 8608 2303 1450 8609 1777 1451 8610 2117 1548 8611 2095 1283 8612 2371 1502 8613 2209 1283 8614 2371 1180 8615 1837 1452 8616 1787 1443 8617 2173 1267 8618 1998 1267 8619 1998 1196 8620 2103 1452 8621 1787 1453 8622 2047 1364 8623 1934 1190 8624 1895 1189 8625 1935 1364 8626 1934 1453 8627 2047 1454 8628 1928 1196 8629 2103 1357 8630 1997 1454 8631 1928 1357 8632 1997 1420 8633 1926 1455 8634 1868 1183 8635 1867 1431 8636 2148 1263 8637 2134 1455 8638 1868 1431 8639 2148 1568 8640 2127 1456 8641 1869 1210 8642 2128 1456 8643 1869 1481 8644 1870 1210 8645 2128 1457 8646 1871 1188 8647 2372 1487 8648 1847 1213 8649 1865 1551 8650 1864 1457 8651 2334 1245 8652 2240 1458 8653 2264 1312 8654 1856 1245 8655 2240 1363 8656 1844 1518 8657 1843 1525 8658 2200 1459 8659 2152 1337 8660 1781 1337 8661 1781 1459 8662 2152 1360 8663 2151 1342 8664 2104 1460 8665 1878 1184 8666 2222 1184 8667 2222 1499 8668 2373 1289 8669 2305 1461 8670 1927 1478 8671 2255 1454 8672 1928 1367 8673 1801 1281 8674 2206 1461 8675 1802 1462 8676 2077 1169 8677 1762 1310 8678 1807 1430 8679 2076 1169 8680 1762 1462 8681 2077 1463 8682 1887 1488 8683 2185 1384 8684 2186 1209 8685 1852 1463 8686 1887 1252 8687 1853 1464 8688 2037 1223 8689 1778 1332 8690 2159 1533 8691 2162 1332 8692 2159 1414 8693 2208 1442 8694 2374 1465 8695 2245 1179 8696 2279 1465 8697 2245 1442 8698 2374 1563 8699 2362 1328 8700 2292 1419 8701 1794 1466 8702 1793 1514 8703 2293 1547 8704 2295 1328 8705 2292 1467 8706 2144 1254 8707 1812 1318 8708 1904 1575 8709 2277 1561 8710 2278 1318 8711 1904 1468 8712 1831 1348 8713 1830 1313 8714 2375 1313 8715 1948 1201 8716 2111 1468 8717 2265 1469 8718 2297 1521 8719 2299 1205 8720 2296 1205 8721 2253 1520 8722 1970 1469 8723 1969 1268 8724 2182 1382 8725 2281 1470 8726 2376 1268 8727 2182 1572 8728 2377 1186 8729 1954 1363 8730 1844 1471 8731 2315 1262 8732 1842 1262 8733 1842 1534 8734 2378 1560 8735 2218 1454 8736 1928 1472 8737 2314 1196 8738 2103 1472 8739 2314 1243 8740 2216 1196 8741 2103 1255 8742 2379 1391 8743 1855 1473 8744 1854 1183 8745 1867 1255 8746 2140 1558 8747 2147 1474 8748 1940 1366 8749 2081 1241 8750 1943 1527 8751 1942 1474 8752 1940 1241 8753 1943 1211 8754 2249 1475 8755 2380 1379 8756 1957 1379 8757 2327 1475 8758 2176 1554 8759 2280 1476 8760 2236 1166 8761 2234 1409 8762 1974 1476 8763 2236 1409 8764 1974 1295 8765 1945 1477 8766 2150 1315 8767 2381 1187 8768 2174 1187 8769 2174 1572 8770 2149 1477 8771 2150 1281 8772 2382 1278 8773 2383 1478 8774 2384 1281 8775 2206 1478 8776 2385 1461 8777 1802 1362 8778 2102 1479 8779 1929 1574 8780 2261 1479 8781 1929 1362 8782 2102 1307 8783 2028 1480 8784 1968 1176 8785 1815 1235 8786 2227 1419 8787 1794 1480 8788 1968 1235 8789 2227 1410 8790 1769 1316 8791 1771 1481 8792 1870 1321 8793 1774 1481 8794 1870 1316 8795 1771 1296 8796 2238 1171 8797 1851 1482 8798 2166 1171 8799 1851 1535 8800 2167 1482 8801 2166 1240 8802 1889 1483 8803 1891 1257 8804 2153 1483 8805 1891 1370 8806 2170 1526 8807 2155 1397 8808 2386 1484 8809 2267 1314 8810 1839 1165 8811 1922 1484 8812 2387 1397 8813 2119 1406 8814 1884 1274 8815 2388 1485 8816 2321 1406 8817 1884 1485 8818 2321 1207 8819 1977 1420 8820 1803 1486 8821 1984 1331 8822 2237 1486 8823 1984 1171 8824 1851 1331 8825 2237 1487 8826 1847 1272 8827 1782 1260 8828 1872 1487 8829 1847 1253 8830 1846 1272 8831 1782 1486 8832 1984 1488 8833 2185 1209 8834 1852 1488 8835 2185 1463 8836 1887 1209 8837 1852 1489 8838 1918 1297 8839 1920 1566 8840 1916 1297 8841 1920 1489 8842 1918 1245 8843 2240 1203 8844 1959 1490 8845 1961 1192 8846 1978 1490 8847 1961 1438 8848 1913 1192 8849 1978 1537 8850 2013 1491 8851 2389 1204 8852 2112 1336 8853 1821 1204 8854 1820 1491 8855 2036 1398 8856 1988 1509 8857 2390 1492 8858 2345 1232 8859 2344 1398 8860 1988 1492 8861 2345 1493 8862 2100 1178 8863 2096 1242 8864 2328 1493 8865 1770 1410 8866 1769 1178 8867 2391 1270 8868 2247 1274 8869 1915 1494 8870 2352 1270 8871 2392 1494 8872 2184 1487 8873 1847 1223 8874 1778 1495 8875 1780 1349 8876 2027 1495 8877 1780 1243 8878 2311 1349 8879 2027 1496 8880 2163 1263 8881 2134 1221 8882 2393 1496 8883 2394 1511 8884 1766 1358 8885 2051 1290 8886 2017 1497 8887 2223 1359 8888 1899 1290 8889 2017 1579 8890 2395 1497 8891 2223 1231 8892 2066 1498 8893 2091 1167 8894 1930 1167 8895 1930 1498 8896 2091 1352 8897 1931 1525 8898 2200 1499 8899 2396 1460 8900 2005 1460 8901 1878 1499 8902 2373 1184 8903 2222 1500 8904 2228 1445 8905 2033 1292 8906 2192 1224 8907 2131 1445 8908 2397 1500 8909 1897 1501 8910 2154 1198 8911 1937 1197 8912 1936 1197 8913 1936 1352 8914 1931 1501 8915 2154 1451 8916 2117 1502 8917 2209 1248 8918 2118 1502 8919 2209 1451 8920 2117 1283 8921 2371 1439 8922 1912 1174 8923 2205 1503 8924 1986 1353 8925 1987 1503 8926 1986 1174 8927 2205 1343 8928 2032 1177 8929 2301 1504 8930 1825 1208 8931 1772 1343 8932 2032 1504 8933 1825 1265 8934 1933 1346 8935 2309 1505 8936 2287 1385 8937 1896 1265 8938 1933 1505 8939 2287 1301 8940 1972 1429 8941 2052 1506 8942 2246 1506 8943 2246 1401 8944 1799 1301 8945 1972 1351 8946 1814 1507 8947 1951 1228 8948 2398 1228 8949 1833 1571 8950 2053 1405 8951 2171 1288 8952 2010 1508 8953 2061 1388 8954 1902 1288 8955 2219 1561 8956 2278 1508 8957 2221 1323 8958 1958 1356 8959 2313 1509 8960 2390 1398 8961 1988 1323 8962 1958 1509 8963 2390 1367 8964 1801 1296 8965 2238 1510 8966 1786 1573 8967 2168 1296 8968 2238 1482 8969 2166 1496 8970 2394 1221 8971 2164 1511 8972 1766 1221 8973 2164 1386 8974 1767 1511 8975 1766 1512 8976 2050 1511 8977 1766 1227 8978 1768 1506 8979 2246 1512 8980 2050 1227 8981 1768 1480 8982 1968 1513 8983 1967 1246 8984 1813 1246 8985 1813 1513 8986 1967 1216 8987 2012 1514 8988 2293 1328 8989 2292 1466 8990 1793 1247 8991 1796 1514 8992 2064 1466 8993 2319 1515 8994 2242 1299 8995 2080 1447 8996 2079 1405 8997 2171 1517 8998 1824 1515 8999 2172 1516 9000 2399 1193 9001 2251 1338 9002 2071 1193 9003 2073 1516 9004 2400 1273 9005 2074 1299 9006 2080 1517 9007 1816 1410 9008 1818 1515 9009 2242 1517 9010 1816 1299 9011 2080 1245 9012 2240 1518 9013 1843 1458 9014 2264 1518 9015 1843 1340 9016 2108 1458 9017 2264 1317 9018 2083 1236 9019 2341 1519 9020 2276 1416 9021 2084 1317 9022 2083 1519 9023 2276 1516 9024 1962 1338 9025 2401 1520 9026 1970 1520 9027 1970 1338 9028 2401 1344 9029 1971 1333 9030 1909 1521 9031 2299 1546 9032 1914 1521 9033 2299 1333 9034 1909 1205 9035 2296 1243 9036 2311 1522 9037 2101 1349 9038 2027 1243 9039 2216 1472 9040 2314 1522 9041 2402 1523 9042 2210 1284 9043 1829 1208 9044 1772 1284 9045 1829 1523 9046 2210 1165 9047 1922 1524 9048 1763 1173 9049 2403 1369 9050 1795 1173 9051 2403 1524 9052 1763 1358 9053 1893 1214 9054 2007 1525 9055 2200 1460 9056 2005 1525 9057 2200 1214 9058 2007 1459 9059 2152 1526 9060 2155 1257 9061 2153 1483 9062 1891 1501 9063 2154 1257 9064 2153 1526 9065 2155 1199 9066 1941 1527 9067 1942 1292 9068 2192 1292 9069 2192 1527 9070 1942 1402 9071 1944 1312 9072 1856 1528 9073 1921 1245 9074 2240 1528 9075 1921 1312 9076 1856 1391 9077 1855 1508 9078 2061 1529 9079 2063 1388 9080 1902 1388 9081 1902 1529 9082 2063 1569 9083 1826 1315 9084 2381 1477 9085 2150 1530 9086 2006 1315 9087 2381 1530 9088 2006 1448 9089 2404 1215 9090 2009 1264 9091 1849 1531 9092 1848 1215 9093 2009 1531 9094 1848 1389 9095 1773 1378 9096 2014 1532 9097 2016 1350 9098 1952 1238 9099 1950 1350 9100 1952 1532 9101 2016 1534 9102 2161 1464 9103 2037 1533 9104 2162 1533 9105 2162 1464 9106 2037 1332 9107 2159 1534 9108 2378 1262 9109 1842 1471 9110 2315 1471 9111 1946 1464 9112 2037 1534 9113 2161 1535 9114 2167 1182 9115 2135 1434 9116 1850 1171 9117 1851 1182 9118 2135 1535 9119 2167 1536 9120 2310 1347 9121 2109 1340 9122 2108 1538 9123 1800 1386 9124 1767 1536 9125 2310 1537 9126 2013 1325 9127 2289 1491 9128 2389 1537 9129 2013 1513 9130 1967 1325 9131 2289 1401 9132 1799 1538 9133 1800 1340 9134 2108 1340 9135 2108 1538 9136 1800 1536 9137 2310 1411 9138 2198 1580 9139 2060 1539 9140 2059 1411 9141 2198 1539 9142 2059 1229 9143 1809 1540 9144 2405 1306 9145 1963 1205 9146 2253 1306 9147 2188 1540 9148 2406 1384 9149 2189 1541 9150 1881 1279 9151 2141 1289 9152 2142 1525 9153 2200 1543 9154 2199 1541 9155 2407 1542 9156 2001 1449 9157 2086 1213 9158 1865 1211 9159 2233 1449 9160 2086 1542 9161 2001 1541 9162 1881 1543 9163 2203 1279 9164 2141 1279 9165 2141 1543 9166 2203 1544 9167 2202 1255 9168 2140 1183 9169 1867 1544 9170 2146 1279 9171 2141 1544 9172 2202 1183 9173 1862 1545 9174 1828 1222 9175 2302 1177 9176 2301 1285 9177 2157 1222 9178 2302 1545 9179 1828 1236 9180 2272 1546 9181 1914 1521 9182 2299 1236 9183 2272 1274 9184 1915 1546 9185 1914 1547 9186 2408 1308 9187 2258 1404 9188 2195 1547 9189 2295 1404 9190 2351 1230 9191 1966 1242 9192 2328 1178 9193 2096 1548 9194 2095 1451 9195 2117 1242 9196 2328 1548 9197 2095 1224 9198 2131 1549 9199 2038 1427 9200 2129 1224 9201 2131 1500 9202 1897 1549 9203 2038 1213 9204 1865 1550 9205 1999 1542 9206 2001 1383 9207 2409 1550 9208 1999 1213 9209 1865 1188 9210 2410 1551 9211 1864 1237 9212 1863 1188 9213 2372 1457 9214 1871 1551 9215 2411 1552 9216 2270 1448 9217 1879 1202 9218 2284 1552 9219 2270 1202 9220 2284 1356 9221 2283 1492 9222 1876 1339 9223 1875 1553 9224 2306 1553 9225 2306 1339 9226 1875 1184 9227 2222 1271 9228 2181 1554 9229 2280 1268 9230 2182 1379 9231 2327 1554 9232 2280 1271 9233 2181 1462 9234 2077 1310 9235 1807 1555 9236 2260 1310 9237 1807 1229 9238 1809 1555 9239 2260 1581 9240 1982 1556 9241 2030 1380 9242 1983 1556 9243 2211 1220 9244 2412 1523 9245 2210 1291 9246 1764 1524 9247 1763 1557 9248 2226 1447 9249 2079 1291 9250 1764 1557 9251 2226 1558 9252 1857 1473 9253 1854 1347 9254 2109 1255 9255 2379 1473 9256 1854 1558 9257 1857 1286 9258 2348 1559 9259 2350 1400 9260 1917 1400 9261 1917 1559 9262 2350 1181 9263 2239 1534 9264 2161 1354 9265 2160 1560 9266 2413 1287 9267 1973 1560 9268 2218 1354 9269 2414 1561 9270 2278 1467 9271 2144 1318 9272 1904 1288 9273 2219 1467 9274 2144 1561 9275 2278 1201 9276 2111 1562 9277 2011 1537 9278 2013 1201 9279 2111 1378 9280 2014 1562 9281 2011 1300 9282 1838 1180 9283 1837 1563 9284 2244 1563 9285 2362 1442 9286 2374 1300 9287 2415 1268 9288 2182 1186 9289 1954 1564 9290 2106 1564 9291 2106 1186 9292 1954 1552 9293 1953 1383 9294 2003 1565 9295 1873 1260 9296 1872 1213 9297 1865 1565 9298 2335 1383 9299 2409 1286 9300 2348 1566 9301 1916 1399 9302 2416 1194 9303 2042 1399 9304 1789 1566 9305 2417 1437 9306 2092 1498 9307 2091 1567 9308 2067 1240 9309 1889 1437 9310 2092 1567 9311 2067 1568 9312 2127 1327 9313 1890 1240 9314 1889 1567 9315 2067 1568 9316 2127 1240 9317 1889 1389 9318 1773 1208 9319 1772 1569 9320 1826 1389 9321 1773 1569 9322 1826 1215 9323 2009 1430 9324 2076 1570 9325 2078 1345 9326 1790 1345 9327 1790 1570 9328 2078 1234 9329 1903 1571 9330 2053 1507 9331 2418 1415 9332 2054 1228 9333 1833 1507 9334 2418 1571 9335 2053 1268 9336 2182 1470 9337 2376 1572 9338 2377 1470 9339 2330 1256 9340 2004 1572 9341 2149 1573 9342 2168 1510 9343 1786 1296 9344 2238 1510 9345 1786 1573 9346 2168 1175 9347 1784 1219 9348 1761 1574 9349 2261 1169 9350 1762 1219 9351 1761 1349 9352 2027 1574 9353 2261 1239 9354 2088 1417 9355 2089 1575 9356 2277 1239 9357 2088 1575 9358 2277 1309 9359 2075 1444 9360 2215 1433 9361 2121 1576 9362 2156 1444 9363 2215 1576 9364 2156 1258 9365 1924 1577 9366 2419 1373 9367 2040 1276 9368 2039 1577 9369 2419 1276 9370 2039 1250 9371 2420 1250 9372 2420 1578 9373 1894 1324 9374 2285 1250 9375 2420 1276 9376 2039 1578 9377 1894 1497 9378 2223 1579 9379 2395 1218 9380 2224 1218 9381 2421 1579 9382 2021 1375 9383 2177 1396 9384 2197 1170 9385 2342 1580 9386 2060 1580 9387 2060 1411 9388 2198 1396 9389 2197 1484 9390 2267 1220 9391 2214 1581 9392 1982 1581 9393 1982 1220 9394 2214 1556 9395 2030</p></triangles>
      </mesh>
    </geometry>
  </library_geometries>
  <library_controllers>
    <controller id="stanMeshController">
      <skin source="#stanMesh-lib">
        <bind_shape_matrix>1.000000 -0.000000 0.000000 0.000000 0.000000 1.000000 -0.000000 0.000000 0.000000 0.000000 1.000000 0.000000 0.000000 0.000000 0.000000 1.000000
</bind_shape_matrix>
        <source id="stanMeshController-Joints">
          <Name_array id="stanMeshController-Joints-array" count="7">
 parent_joint shoulder_right handrightt end shoulder_left hand_left head</Name_array>
          <technique_common>
            <accessor source="#stanMeshController-Joints-array" count="7">
              <param type="name"/>
            </accessor>
          </technique_common>
        </source>
        <source id="stanMeshController-Matrices">
          <float_array id="stanMeshController-Matrices-array" count="112">

0.267719 -0.000000 0.963497 0.019729 -0.000000 1.000000 -0.000000 -1.623967 -0.963497 -0.000000 0.267719 0.005482 0.000000 0.000000 0.000000 1.000000
-0.140930 0.000000 0.990019 -0.037344 0.000000 1.000000 0.000000 -1.218868 -0.990019 0.000000 -0.140930 -0.550296 0.000000 0.000000 0.000000 1.000000
1.000000 -0.000000 0.000000 0.749960 -0.000000 1.000000 -0.000000 -0.470267 -0.000000 -0.000000 1.000000 -0.034606 0.000000 0.000000 0.000000 1.000000
1.000000 0.000000 0.000000 0.000000 -0.000000 1.000000 0.000000 -0.012077 0.000000 -0.000000 1.000000 0.004905 0.000000 0.000000 0.000000 1.000000
-0.140930 0.000000 0.990019 0.117699 0.000000 1.000000 0.000000 -1.218868 -0.990019 0.000000 -0.140930 0.538858 0.000000 0.000000 0.000000 1.000000
1.000000 -0.000000 0.000000 -0.749960 -0.000000 1.000000 -0.000000 -0.470267 -0.000000 -0.000000 1.000000 -0.034606 0.000000 0.000000 0.000000 1.000000
1.000000 0.000000 0.000000 0.000000 -0.000000 1.000000 0.000000 -2.202967 0.000000 -0.000000 1.000000 -0.214475 0.000000 0.000000 0.000000 1.000000</float_array>
          <technique_common>
            <accessor source="#stanMeshController-Matrices-array" count="7" stride="16">
              <param type="float4x4"/>
            </accessor>
          </technique_common>
        </source>
        <source id="stanMeshController-Weights">
          <float_array id="stanMeshController-Weights-array" count="1583">

1.000000 1.000000 1.000000 1.000000 1.000000 1.000000 1.000000 1.000000 1.000000 1.000000 1.000000 1.000000 1.000000 1.000000 1.000000 1.000000
1.000000 1.000000 1.000000 1.000000 1.000000 1.000000 1.000000 1.000000 1.000000 1.000000 1.000000 1.000000 1.000000 1.000000 1.000000 1.000000
1.000000 1.000000 1.000000 1.000000 1.000000 1.000000 1.000000 1.000000 1.000000 1.000000 1.000000 1.000000 1.000000 1.000000 1.000000 1.000000
1.000000 1.000000 1.000000 1.000000 1.000000 1.000000 1.000000 1.000000 1.000000 1.000000 1.000000 1.000000 1.000000 1.000000 1.000000 1.000000
1.000000 1.000000 1.000000 1.000000 1.000000 1.000000 1.000000 1.000000 1.000000 1.000000 1.000000 1.000000 1.000000 1.000000 1.000000 1.000000
1.000000 1.000000 1.000000 1.000000 1.000000 1.000000 1.000000 1.000000 1.000000 1.000000 1.000000 1.000000 1.000000 1.000000 1.000000 1.000000
1.000000 1.000000 1.000000 1.000000 1.000000 1.000000 1.000000 1.000000 1.000000 1.000000 1.000000 1.000000 1.000000 1.000000 1.000000 1.000000
1.000000 1.000000 1.000000 1.000000 1.000000 1.000000 1.000000 1.000000 1.000000 1.000000 1.000000 1.000000 1.000000 1.000000 1.000000 1.000000
1.000000 1.000000 1.000000 1.000000 1.000000 1.000000 1.000000 1.000000 1.000000 1.000000 1.000000 1.000000 1.000000 1.000000 1.000000 1.000000
1.000000 1.000000 1.000000 1.000000 1.000000 1.000000 1.000000 1.000000 1.000000 1.000000 1.000000 1.000000 1.000000 1.000000 1.000000 1.000000
1.000000 1.000000 1.000000 1.000000 1.000000 1.000000 1.000000 1.000000 1.000000 1.000000 1.000000 1.000000 1.000000 1.000000 1.000000 1.000000
1.000000 1.000000 1.000000 1.000000 1.000000 1.000000 1.000000 1.000000 1.000000 1.000000 1.000000 1.000000 1.000000 1.000000 1.000000 1.000000
1.000000 1.000000 1.000000 1.000000 1.000000 1.000000 1.000000 1.000000 1.000000 1.000000 1.000000 1.000000 1.000000 1.000000 1.000000 1.000000
1.000000 1.000000 1.000000 1.000000 1.000000 1.000000 1.000000 1.000000 1.000000 1.000000 1.000000 1.000000 1.000000 1.000000 1.000000 1.000000
1.000000 1.000000 1.000000 1.000000 1.000000 1.000000 1.000000 1.000000 1.000000 1.000000 1.000000 1.000000 1.000000 1.000000 1.000000 1.000000
1.000000 1.000000 1.000000 1.000000 1.000000 1.000000 1.000000 1.000000 1.000000 1.000000 1.000000 1.000000 1.000000 1.000000 1.000000 1.000000
1.000000 1.000000 1.000000 1.000000 1.000000 1.000000 1.000000 1.000000 1.000000 1.000000 1.000000 1.000000 1.000000 1.000000 1.000000 1.000000
1.000000 1.000000 1.000000 1.000000 1.000000 1.000000 1.000000 1.000000 1.000000 1.000000 1.000000 1.000000 1.000000 1.000000 1.000000 1.000000
1.000000 1.000000 1.000000 1.000000 1.000000 1.000000 1.000000 1.000000 1.000000 1.000000 1.000000 1.000000 1.000000 1.000000 1.000000 1.000000
1.000000 1.000000 1.000000 1.000000 1.000000 1.000000 1.000000 1.000000 1.000000 1.000000 1.000000 1.000000 1.000000 1.000000 1.000000 1.000000
1.000000 1.000000 1.000000 1.000000 1.000000 1.000000 1.000000 1.000000 1.000000 1.000000 1.000000 1.000000 1.000000 1.000000 1.000000 1.000000
1.000000 1.000000 1.000000 1.000000 1.000000 1.000000 1.000000 1.000000 1.000000 1.000000 1.000000 1.000000 1.000000 1.000000 1.000000 1.000000
1.000000 1.000000 1.000000 1.000000 1.000000 1.000000 1.000000 1.000000 1.000000 1.000000 1.000000 1.000000 1.000000 1.000000 1.000000 1.000000
1.000000 1.000000 1.000000 1.000000 1.000000 1.000000 1.000000 1.000000 1.000000 1.000000 1.000000 1.000000 1.000000 1.000000 1.000000 1.000000
1.000000 1.000000 1.000000 1.000000 1.000000 1.000000 1.000000 1.000000 1.000000 1.000000 1.000000 1.000000 1.000000 1.000000 1.000000 1.000000
1.000000 1.000000 1.000000 1.000000 1.000000 1.000000 1.000000 1.000000 1.000000 1.000000 1.000000 1.000000 1.000000 1.000000 1.000000 1.000000
1.000000 1.000000 1.000000 1.000000 1.000000 1.000000 1.000000 1.000000 1.000000 1.000000 1.000000 1.000000 1.000000 1.000000 1.000000 1.000000
1.000000 1.000000 1.000000 1.000000 1.000000 1.000000 1.000000 1.000000 1.000000 1.000000 1.000000 1.000000 1.000000 1.000000 1.000000 1.000000
1.000000 1.000000 1.000000 1.000000 1.000000 1.000000 1.000000 1.000000 1.000000 1.000000 1.000000 1.000000 1.000000 1.000000 1.000000 1.000000
1.000000 1.000000 1.000000 1.000000 1.000000 1.000000 1.000000 1.000000 1.000000 1.000000 1.000000 1.000000 1.000000 1.000000 1.000000 1.000000
1.000000 1.000000 1.000000 1.000000 1.000000 1.000000 1.000000 1.000000 1.000000 1.000000 1.000000 1.000000 1.000000 1.000000 1.000000 1.000000
1.000000 1.000000 1.000000 1.000000 1.000000 1.000000 1.000000 1.000000 1.000000 1.000000 1.000000 1.000000 1.000000 1.000000 1.000000 1.000000
1.000000 1.000000 1.000000 1.000000 1.000000 1.000000 1.000000 1.000000 1.000000 1.000000 1.000000 1.000000 1.000000 1.000000 1.000000 1.000000
1.000000 1.000000 1.000000 1.000000 1.000000 1.000000 1.000000 1.000000 1.000000 1.000000 1.000000 1.000000 1.000000 1.000000 1.000000 1.000000
1.000000 1.000000 1.000000 1.000000 1.000000 1.000000 1.000000 1.000000 1.000000 1.000000 1.000000 1.000000 1.000000 1.000000 1.000000 1.000000
1.000000 1.000000 1.000000 1.000000 1.000000 1.000000 1.000000 1.000000 1.000000 1.000000 1.000000 1.000000 1.000000 1.000000 1.000000 1.000000
1.000000 1.000000 1.000000 1.000000 1.000000 1.000000 1.000000 1.000000 1.000000 1.000000 1.000000 1.000000 1.000000 1.000000 1.000000 1.000000
1.000000 1.000000 1.000000 1.000000 1.000000 1.000000 1.000000 1.000000 1.000000 1.000000 1.000000 1.000000 1.000000 1.000000 1.000000 1.000000
1.000000 1.000000 1.000000 1.000000 1.000000 1.000000 1.000000 1.000000 1.000000 1.000000 1.000000 1.000000 1.000000 1.000000 1.000000 1.000000
1.000000 1.000000 1.000000 1.000000 1.000000 1.000000 1.000000 1.000000 1.000000 1.000000 1.000000 1.000000 1.000000 1.000000 1.000000 1.000000
1.000000 1.000000 1.000000 1.000000 1.000000 1.000000 1.000000 1.000000 1.000000 1.000000 1.000000 1.000000 1.000000 1.000000 1.000000 1.000000
1.000000 1.000000 1.000000 1.000000 1.000000 1.000000 1.000000 1.000000 1.000000 1.000000 1.000000 1.000000 1.000000 1.000000 1.000000 1.000000
1.000000 1.000000 1.000000 1.000000 1.000000 1.000000 1.000000 1.000000 1.000000 1.000000 1.000000 1.000000 1.000000 1.000000 1.000000 1.000000
1.000000 1.000000 1.000000 1.000000 1.000000 1.000000 1.000000 1.000000 1.000000 1.000000 1.000000 1.000000 1.000000 1.000000 1.000000 1.000000
1.000000 1.000000 1.000000 1.000000 1.000000 1.000000 1.000000 1.000000 1.000000 1.000000 1.000000 1.000000 1.000000 1.000000 1.000000 1.000000
1.000000 1.000000 1.000000 1.000000 1.000000 1.000000 1.000000 1.000000 1.000000 1.000000 1.000000 1.000000 1.000000 1.000000 1.000000 1.000000
1.000000 1.000000 1.000000 1.000000 1.000000 1.000000 1.000000 1.000000 1.000000 1.000000 1.000000 1.000000 1.000000 1.000000 1.000000 1.000000
1.000000 1.000000 1.000000 1.000000 1.000000 1.000000 1.000000 1.000000 1.000000 1.000000 1.000000 1.000000 1.000000 1.000000 1.000000 1.000000
1.000000 1.000000 1.000000 1.000000 1.000000 1.000000 1.000000 1.000000 1.000000 1.000000 1.000000 1.000000 1.000000 1.000000 1.000000 1.000000
1.000000 1.000000 1.000000 1.000000 1.000000 1.000000 1.000000 1.000000 1.000000 1.000000 1.000000 1.000000 1.000000 1.000000 1.000000 1.000000
1.000000 1.000000 1.000000 1.000000 1.000000 1.000000 1.000000 1.000000 1.000000 1.000000 1.000000 1.000000 1.000000 1.000000 1.000000 1.000000
1.000000 1.000000 1.000000 1.000000 1.000000 1.000000 1.000000 1.000000 1.000000 1.000000 1.000000 1.000000 1.000000 1.000000 1.000000 1.000000
1.000000 1.000000 1.000000 1.000000 1.000000 1.000000 1.000000 1.000000 1.000000 1.000000 1.000000 1.000000 1.000000 1.000000 1.000000 1.000000
1.000000 1.000000 1.000000 1.000000 1.000000 1.000000 1.000000 1.000000 1.000000 1.000000 1.000000 1.000000 1.000000 1.000000 1.000000 1.000000
1.000000 1.000000 1.000000 1.000000 1.000000 1.000000 1.000000 1.000000 1.000000 1.000000 1.000000 1.000000 1.000000 1.000000 1.000000 1.000000
1.000000 1.000000 1.000000 1.000000 1.000000 1.000000 1.000000 1.000000 1.000000 1.000000 1.000000 1.000000 1.000000 1.000000 1.000000 1.000000
1.000000 1.000000 1.000000 1.000000 1.000000 1.000000 1.000000 1.000000 1.000000 1.000000 1.000000 1.000000 1.000000 1.000000 1.000000 1.000000
1.000000 1.000000 1.000000 1.000000 1.000000 1.000000 1.000000 1.000000 1.000000 1.000000 1.000000 1.000000 1.000000 1.000000 1.000000 1.000000
1.000000 1.000000 1.000000 1.000000 1.000000 1.000000 1.000000 1.000000 1.000000 1.000000 1.000000 1.000000 1.000000 1.000000 1.000000 1.000000
1.000000 1.000000 1.000000 1.000000 1.000000 1.000000 1.000000 1.000000 1.000000 1.000000 1.000000 1.000000 1.000000 1.000000 1.000000 1.000000
1.000000 1.000000 1.000000 1.000000 1.000000 1.000000 1.000000 1.000000 1.000000 1.000000 1.000000 1.000000 1.000000 1.000000 1.000000 1.000000
1.000000 1.000000 1.000000 1.000000 1.000000 1.000000 1.000000 1.000000 1.000000 1.000000 1.000000 1.000000 1.000000 1.000000 1.000000 1.000000
1.000000 1.000000 1.000000 1.000000 1.000000 1.000000 1.000000 1.000000 1.000000 1.000000 1.000000 1.000000 1.000000 1.000000 1.000000 1.000000
1.000000 1.000000 1.000000 1.000000 1.000000 1.000000 1.000000 1.000000 1.000000 1.000000 1.000000 1.000000 1.000000 1.000000 1.000000 1.000000
1.000000 1.000000 1.000000 1.000000 1.000000 1.000000 1.000000 1.000000 1.000000 1.000000 1.000000 1.000000 1.000000 1.000000 1.000000 1.000000
1.000000 1.000000 1.000000 1.000000 1.000000 1.000000 1.000000 1.000000 1.000000 1.000000 1.000000 1.000000 1.000000 1.000000 1.000000 1.000000
1.000000 1.000000 1.000000 1.000000 1.000000 1.000000 1.000000 1.000000 1.000000 1.000000 1.000000 1.000000 1.000000 1.000000 1.000000 1.000000
1.000000 1.000000 1.000000 1.000000 1.000000 1.000000 1.000000 1.000000 1.000000 1.000000 1.000000 1.000000 1.000000 1.000000 1.000000 1.000000
1.000000 1.000000 1.000000 1.000000 1.000000 1.000000 1.000000 1.000000 1.000000 1.000000 1.000000 1.000000 1.000000 1.000000 1.000000 1.000000
1.000000 1.000000 1.000000 1.000000 1.000000 1.000000 1.000000 1.000000 1.000000 1.000000 1.000000 1.000000 1.000000 1.000000 1.000000 1.000000
1.000000 1.000000 1.000000 1.000000 1.000000 1.000000 1.000000 1.000000 1.000000 1.000000 1.000000 1.000000 1.000000 1.000000 1.000000 1.000000
1.000000 1.000000 1.000000 1.000000 1.000000 1.000000 1.000000 1.000000 1.000000 1.000000 1.000000 1.000000 1.000000 1.000000 1.000000 1.000000
1.000000 1.000000 1.000000 1.000000 1.000000 1.000000 1.000000 1.000000 1.000000 1.000000 1.000000 1.000000 1.000000 1.000000 1.000000 1.000000
1.000000 1.000000 1.000000 1.000000 1.000000 1.000000 1.000000 1.000000 1.000000 1.000000 1.000000 1.000000 1.000000 1.000000 1.000000 1.000000
1.000000 1.000000 1.000000 1.000000 1.000000 1.000000 1.000000 1.000000 1.000000 1.000000 1.000000 1.000000 1.000000 1.000000 1.000000 1.000000
1.000000 1.000000 1.000000 1.000000 1.000000 1.000000 1.000000 1.000000 1.000000 1.000000 1.000000 1.000000 1.000000 1.000000 1.000000 1.000000
1.000000 1.000000 1.000000 1.000000 1.000000 1.000000 1.000000 1.000000 1.000000 1.000000 1.000000 1.000000 1.000000 1.000000 1.000000 1.000000
1.000000 1.000000 1.000000 1.000000 1.000000 1.000000 1.000000 1.000000 1.000000 1.000000 1.000000 1.000000 1.000000 1.000000 1.000000 1.000000
1.000000 1.000000 1.000000 1.000000 1.000000 1.000000 1.000000 1.000000 1.000000 1.000000 1.000000 1.000000 1.000000 1.000000 1.000000 1.000000
1.000000 1.000000 1.000000 1.000000 1.000000 1.000000 1.000000 1.000000 1.000000 1.000000 1.000000 1.000000 1.000000 1.000000 1.000000 1.000000
1.000000 1.000000 1.000000 1.000000 1.000000 1.000000 1.000000 1.000000 1.000000 1.000000 1.000000 1.000000 1.000000 1.000000 1.000000 1.000000
1.000000 1.000000 1.000000 1.000000 1.000000 1.000000 1.000000 1.000000 1.000000 1.000000 1.000000 1.000000 1.000000 1.000000 1.000000 1.000000
1.000000 1.000000 1.000000 1.000000 1.000000 1.000000 1.000000 1.000000 1.000000 1.000000 1.000000 1.000000 1.000000 1.000000 1.000000 1.000000
1.000000 1.000000 1.000000 1.000000 1.000000 1.000000 1.000000 1.000000 1.000000 1.000000 1.000000 1.000000 1.000000 1.000000 1.000000 1.000000
1.000000 1.000000 1.000000 1.000000 1.000000 1.000000 1.000000 1.000000 1.000000 1.000000 1.000000 1.000000 1.000000 1.000000 1.000000 1.000000
1.000000 1.000000 1.000000 1.000000 1.000000 1.000000 1.000000 1.000000 1.000000 1.000000 1.000000 1.000000 1.000000 1.000000 1.000000 1.000000
1.000000 1.000000 1.000000 1.000000 1.000000 1.000000 1.000000 1.000000 1.000000 1.000000 1.000000 1.000000 1.000000 1.000000 1.000000 1.000000
1.000000 1.000000 1.000000 1.000000 1.000000 1.000000 1.000000 1.000000 1.000000 1.000000 1.000000 1.000000 1.000000 1.000000 1.000000 1.000000
1.000000 1.000000 1.000000 1.000000 1.000000 1.000000 1.000000 1.000000 1.000000 1.000000 1.000000 1.000000 1.000000 1.000000 1.000000 1.000000
1.000000 1.000000 1.000000 1.000000 1.000000 1.000000 1.000000 1.000000 1.000000 1.000000 1.000000 1.000000 1.000000 1.000000 1.000000 1.000000
1.000000 1.000000 1.000000 1.000000 1.000000 1.000000 1.000000 1.000000 1.000000 1.000000 1.000000 1.000000 1.000000 1.000000 1.000000 1.000000
1.000000 1.000000 1.000000 1.000000 1.000000 1.000000 1.000000 1.000000 1.000000 1.000000 1.000000 1.000000 1.000000 1.000000 1.000000 1.000000
1.000000 1.000000 1.000000 1.000000 1.000000 1.000000 1.000000 1.000000 1.000000 1.000000 1.000000 1.000000 1.000000 1.000000 1.000000 1.000000
1.000000 1.000000 1.000000 1.000000 1.000000 1.000000 1.000000 1.000000 1.000000 1.000000 1.000000 1.000000 1.000000 1.000000 1.000000 1.000000
1.000000 1.000000 1.000000 1.000000 1.000000 1.000000 1.000000 1.000000 1.000000 1.000000 1.000000 1.000000 1.000000 1.000000 1.000000 1.000000
1.000000 1.000000 1.000000 1.000000 1.000000 1.000000 1.000000 1.000000 1.000000 1.000000 1.000000 1.000000 1.000000 1.000000 1.000000 1.000000
1.000000 1.000000 1.000000 1.000000 1.000000 1.000000 1.000000 1.000000 1.000000 1.000000 1.000000 1.000000 1.000000 1.000000 1.000000 1.000000
1.000000 1.000000 1.000000 1.000000 1.000000 1.000000 1.000000 1.000000 1.000000 1.000000 1.000000 1.000000 1.000000 1.000000 1.000000 1.000000
1.000000 1.000000 1.000000 1.000000 1.000000 1.000000 1.000000 1.000000 1.000000 1.000000 1.000000 1.000000 1.000000 1.000000 1.000000</float_array>
          <technique_common>
            <accessor source="#stanMeshController-Weights-array" count="1583">
              <param type="float"/>
            </accessor>
          </technique_common>
        </source>
        <joints>
          <input semantic="JOINT" source="#stanMeshController-Joints"/>
          <input semantic="INV_BIND_MATRIX" source="#stanMeshController-Matrices"/>
        </joints>
        <vertex_weights count="1582">
          <input semantic="JOINT" offset="0" source="#stanMeshController-Joints"/>
          <input semantic="WEIGHT" offset="1" source="#stanMeshController-Weights"/>
          <vcount>1 1 1 1 1 1 1 1 1 1 1 1 1 1 1 1 1 1 1 1 1 1 1 1 1 1 1 1 1 1 1 1 1 1 1 1 1 1 1 1 1 1 1 1 1 1 1 1 1 1 1 1 1 1 1 1 1 1 1 1 1 1 1 1 1 1 1 1 1 1 1 1 1 1 1 1 1 1 1 1 1 1 1 1 1 1 1 1 1 1 1 1 1 1 1 1 1 1 1 1 1 1 1 1 1 1 1 1 1 1 1 1 1 1 1 1 1 1 1 1 1 1 1 1 1 1 1 1 1 1 1 1 1 1 1 1 1 1 1 1 1 1 1 1 1 1 1 1 1 1 1 1 1 1 1 1 1 1 1 1 1 1 1 1 1 1 1 1 1 1 1 1 1 1 1 1 1 1 1 1 1 1 1 1 1 1 1 1 1 1 1 1 1 1 1 1 1 1 1 1 1 1 1 1 1 1 1 1 1 1 1 1 1 1 1 1 1 1 1 1 1 1 1 1 1 1 1 1 1 1 1 1 1 1 1 1 1 1 1 1 1 1 1 1 1 1 1 1 1 1 1 1 1 1 1 1 1 1 1 1 1 1 1 1 1 1 1 1 1 1 1 1 1 1 1 1 1 1 1 1 1 1 1 1 1 1 1 1 1 1 1 1 1 1 1 1 1 1 1 1 1 1 1 1 1 1 1 1 1 1 1 1 1 1 1 1 1 1 1 1 1 1 1 1 1 1 1 1 1 1 1 1 1 1 1 1 1 1 1 1 1 1 1 1 1 1 1 1 1 1 1 1 1 1 1 1 1 1 1 1 1 1 1 1 1 1 1 1 1 1 1 1 1 1 1 1 1 1 1 1 1 1 1 1 1 1 1 1 1 1 1 1 1 1 1 1 1 1 1 1 1 1 1 1 1 1 1 1 1 1 1 1 1 1 1 1 1 1 1 1 1 1 1 1 1 1 1 1 1 1 1 1 1 1 1 1 1 1 1 1 1 1 1 1 1 1 1 1 1 1 1 1 1 1 1 1 1 1 1 1 1 1 1 1 1 1 1 1 1 1 1 1 1 1 1 1 1 1 1 1 1 1 1 1 1 1 1 1 1 1 1 1 1 1 1 1 1 1 1 1 1 1 1 1 1 1 1 1 1 1 1 1 1 1 1 1 1 1 1 1 1 1 1 1 1 1 1 1 1 1 1 1 1 1 1 1 1 1 1 1 1 1 1 1 1 1 1 1 1 1 1 1 1 1 1 1 1 1 1 1 1 1 1 1 1 1 1 1 1 1 1 1 1 1 1 1 1 1 1 1 1 1 1 1 1 1 1 1 1 1 1 1 1 1 1 1 1 1 1 1 1 1 1 1 1 1 1 1 1 1 1 1 1 1 1 1 1 1 1 1 1 1 1 1 1 1 1 1 1 1 1 1 1 1 1 1 1 1 1 1 1 1 1 1 1 1 1 1 1 1 1 1 1 1 1 1 1 1 1 1 1 1 1 1 1 1 1 1 1 1 1 1 1 1 1 1 1 1 1 1 1 1 1 1 1 1 1 1 1 1 1 1 1 1 1 1 1 1 1 1 1 1 1 1 1 1 1 1 1 1 1 1 1 1 1 1 1 1 1 1 1 1 1 1 1 1 1 1 1 1 1 1 1 1 1 1 1 1 1 1 1 1 1 1 1 1 1 1 1 1 1 1 1 1 1 1 1 1 1 1 1 1 1 1 1 1 1 1 1 1 1 1 1 1 1 1 1 1 1 1 1 1 1 1 1 1 1 1 1 1 1 1 1 1 1 1 1 1 1 1 1 1 1 1 1 1 1 1 1 1 1 1 1 1 1 1 1 1 1 1 1 1 1 1 1 1 1 1 1 1 1 1 1 1 1 1 1 1 1 1 1 1 1 1 1 1 1 1 1 1 1 1 1 1 1 1 1 1 1 1 1 1 1 1 1 1 1 1 1 1 1 1 1 1 1 1 1 1 1 1 1 1 1 1 1 1 1 1 1 1 1 1 1 1 1 1 1 1 1 1 1 1 1 1 1 1 1 1 1 1 1 1 1 1 1 1 1 1 1 1 1 1 1 1 1 1 1 1 1 1 1 1 1 1 1 1 1 1 1 1 1 1 1 1 1 1 1 1 1 1 1 1 1 1 1 1 1 1 1 1 1 1 1 1 1 1 1 1 1 1 1 1 1 1 1 1 1 1 1 1 1 1 1 1 1 1 1 1 1 1 1 1 1 1 1 1 1 1 1 1 1 1 1 1 1 1 1 1 1 1 1 1 1 1 1 1 1 1 1 1 1 1 1 1 1 1 1 1 1 1 1 1 1 1 1 1 1 1 1 1 1 1 1 1 1 1 1 1 1 1 1 1 1 1 1 1 1 1 1 1 1 1 1 1 1 1 1 1 1 1 1 1 1 1 1 1 1 1 1 1 1 1 1 1 1 1 1 1 1 1 1 1 1 1 1 1 1 1 1 1 1 1 1 1 1 1 1 1 1 1 1 1 1 1 1 1 1 1 1 1 1 1 1 1 1 1 1 1 1 1 1 1 1 1 1 1 1 1 1 1 1 1 1 1 1 1 1 1 1 1 1 1 1 1 1 1 1 1 1 1 1 1 1 1 1 1 1 1 1 1 1 1 1 1 1 1 1 1 1 1 1 1 1 1 1 1 1 1 1 1 1 1 1 1 1 1 1 1 1 1 1 1 1 1 1 1 1 1 1 1 1 1 1 1 1 1 1 1 1 1 1 1 1 1 1 1 1 1 1 1 1 1 1 1 1 1 1 1 1 1 1 1 1 1 1 1 1 1 1 1 1 1 1 1 1 1 1 1 1 1 1 1 1 1 1 1 1 1 1 1 1 1 1 1 1 1 1 1 1 1 1 1 1 1 1 1 1 1 1 1 1 1 1 1 1 1 1 1 1 1 1 1 1 1 1 1 1 1 1 1 1 1 1 1 1 1 1 1 1 1 1 1 1 1 1 1 1 1 1 1 1 1 1 1 1 1 1 1 1 1 1 1 1 1 1 1 1 1 1 1 1 1 1 1 1 1 1 1 1 1 1 1 1 1 1 1 1 1 1 1 1 1 1 1 1 1 1 1 1 1 1 1 1 1 1 1 1 1 1 1 1 1 1 1 1 1 1 1 1 1 1 1 1 1 1 1 1 1 1 1 1 1 1 1 1 1 1 1 1 1 1 1 1 1 1 1 1 1 1 1 1 1 1 1 1 1 1 1 1 1 1 1 1 1 1 1 1 1 1 1 1 1 1 1 1 1 1 1 1 1 1 1 1 1 1 1 1 1 1 1 1 1 1 1 1 1 1 1 1 1 1 1 1 1 1 1 1 1 1 1 1 1 1 1 1 1 1 1 1 1 1 1 1 1 1 1 1 1 1 1 1 1 1 1 1 1 1 1 1 1 1 1 1 1 1 1 1 1 1 1 1 1 1 1 1 1 1 1 1 1 1 1 1 1 1 1 1 1 1 1 1 1 1 1 1 1 1 1 1 1 1 1 1 1 1 1 1 1 1 1 1 1 1 1 1 1 1 1 1 1 1 1</vcount>
          <v>6 1 6 2 6 3 6 4 6 5 6 6 6 7 6 8 6 9 6 10 6 11 6 12 6 13 6 14 6 15 6 16 6 17 6 18 6 19 6 20 6 21 6 22 6 23 6 24 6 25 6 26 6 27 6 28 6 29 6 30 6 31 6 32 6 33 6 34 6 35 6 36 6 37 6 38 6 39 6 40 6 41 6 42 6 43 6 44 6 45 6 46 6 47 6 48 6 49 6 50 6 51 6 52 6 53 6 54 6 55 6 56 6 57 6 58 6 59 6 60 6 61 6 62 6 63 6 64 6 65 6 66 6 67 6 68 6 69 6 70 6 71 6 72 6 73 6 74 6 75 6 76 6 77 6 78 6 79 6 80 6 81 6 82 6 83 6 84 6 85 6 86 6 87 6 88 6 89 6 90 6 91 6 92 6 93 6 94 6 95 6 96 6 97 6 98 6 99 6 100 6 101 6 102 6 103 6 104 6 105 6 106 6 107 6 108 6 109 6 110 6 111 6 112 6 113 6 114 6 115 6 116 6 117 6 118 6 119 6 120 6 121 6 122 6 123 6 124 6 125 6 126 6 127 6 128 6 129 6 130 6 131 6 132 6 133 6 134 6 135 6 136 6 137 6 138 6 139 6 140 6 141 6 142 6 143 6 144 6 145 6 146 6 147 6 148 6 149 6 150 6 151 6 152 6 153 6 154 6 155 6 156 6 157 6 158 6 159 6 160 6 161 6 162 6 163 6 164 6 165 6 166 6 167 6 168 6 169 6 170 6 171 6 172 6 173 6 174 6 175 6 176 6 177 6 178 6 179 6 180 6 181 6 182 6 183 6 184 6 185 6 186 6 187 6 188 6 189 6 190 6 191 6 192 6 193 6 194 6 195 6 196 6 197 6 198 6 199 6 200 6 201 6 202 6 203 6 204 6 205 6 206 6 207 6 208 6 209 6 210 6 211 6 212 6 213 6 214 6 215 6 216 6 217 6 218 6 219 6 220 6 221 6 222 6 223 6 224 6 225 6 226 6 227 6 228 6 229 6 230 6 231 6 232 6 233 6 234 6 235 6 236 6 237 6 238 6 239 6 240 6 241 6 242 0 243 0 244 0 245 0 246 0 247 0 248 0 249 0 250 0 251 0 252 0 253 0 254 0 255 0 256 0 257 0 258 0 259 0 260 0 261 0 262 0 263 0 264 0 265 0 266 0 267 0 268 0 269 0 270 0 271 0 272 0 273 0 274 0 275 0 276 0 277 0 278 0 279 0 280 0 281 0 282 0 283 0 284 0 285 0 286 0 287 0 288 0 289 0 290 0 291 0 292 0 293 0 294 0 295 0 296 0 297 0 298 0 299 0 300 0 301 0 302 0 303 0 304 0 305 0 306 0 307 0 308 0 309 0 310 0 311 0 312 0 313 0 314 0 315 0 316 0 317 0 318 0 319 0 320 0 321 0 322 0 323 0 324 0 325 0 326 0 327 0 328 0 329 0 330 0 331 0 332 0 333 0 334 0 335 0 336 0 337 0 338 0 339 0 340 0 341 0 342 0 343 0 344 0 345 0 346 0 347 0 348 0 349 0 350 0 351 0 352 0 353 0 354 0 355 0 356 0 357 0 358 0 359 0 360 0 361 0 362 0 363 0 364 0 365 0 366 0 367 0 368 0 369 0 370 0 371 0 372 0 373 0 374 0 375 0 376 0 377 0 378 0 379 0 380 0 381 0 382 0 383 0 384 6 385 6 386 6 387 6 388 6 389 6 390 6 391 6 392 6 393 6 394 6 395 6 396 6 397 6 398 6 399 6 400 6 401 6 402 6 403 6 404 6 405 6 406 6 407 6 408 6 409 6 410 6 411 6 412 6 413 6 414 6 415 6 416 6 417 6 418 6 419 6 420 6 421 6 422 6 423 6 424 6 425 6 426 6 427 6 428 6 429 6 430 6 431 6 432 6 433 6 434 6 435 6 436 6 437 6 438 6 439 6 440 6 441 6 442 6 443 6 444 6 445 6 446 6 447 6 448 6 449 6 450 6 451 6 452 6 453 6 454 6 455 6 456 6 457 6 458 6 459 6 460 6 461 6 462 6 463 6 464 6 465 6 466 6 467 6 468 6 469 6 470 6 471 6 472 6 473 6 474 6 475 6 476 6 477 6 478 6 479 6 480 6 481 6 482 6 483 6 484 6 485 6 486 6 487 6 488 6 489 6 490 6 491 6 492 6 493 6 494 6 495 6 496 6 497 6 498 6 499 6 500 6 501 6 502 6 503 6 504 6 505 6 506 6 507 6 508 6 509 6 510 6 511 6 512 6 513 6 514 6 515 6 516 6 517 6 518 6 519 6 520 6 521 6 522 6 523 6 524 6 525 6 526 6 527 6 528 6 529 6 530 6 531 6 532 6 533 6 534 6 535 6 536 6 537 6 538 6 539 6 540 6 541 6 542 6 543 6 544 6 545 6 546 6 547 6 548 6 549 6 550 6 551 6 552 6 553 6 554 6 555 6 556 6 557 6 558 6 559 6 560 6 561 6 562 6 563 6 564 6 565 6 566 6 567 6 568 1 569 1 570 1 571 1 572 1 573 1 574 1 575 1 576 1 577 1 578 1 579 1 580 1 581 1 582 1 583 1 584 1 585 1 586 1 587 1 588 1 589 1 590 1 591 1 592 1 593 1 594 1 595 1 596 1 597 1 598 1 599 1 600 1 601 1 602 1 603 1 604 1 605 1 606 1 607 1 608 1 609 1 610 1 611 1 612 1 613 1 614 1 615 1 616 1 617 1 618 1 619 1 620 1 621 1 622 1 623 1 624 1 625 1 626 1 627 1 628 1 629 1 630 1 631 1 632 1 633 1 634 1 635 1 636 1 637 1 638 1 639 1 640 1 641 1 642 1 643 1 644 1 645 1 646 1 647 1 648 1 649 1 650 1 651 1 652 1 653 1 654 1 655 1 656 1 657 1 658 1 659 1 660 1 661 1 662 1 663 1 664 1 665 1 666 1 667 1 668 1 669 1 670 1 671 1 672 1 673 1 674 1 675 1 676 1 677 1 678 1 679 1 680 1 681 1 682 1 683 1 684 1 685 1 686 1 687 1 688 1 689 1 690 1 691 1 692 1 693 1 694 1 695 1 696 1 697 1 698 1 699 1 700 1 701 1 702 1 703 1 704 1 705 1 706 1 707 1 708 1 709 1 710 1 711 1 712 1 713 1 714 1 715 1 716 1 717 1 718 1 719 1 720 1 721 1 722 1 723 1 724 1 725 1 726 1 727 1 728 1 729 1 730 1 731 1 732 1 733 1 734 1 735 1 736 1 737 1 738 1 739 1 740 1 741 1 742 1 743 1 744 1 745 1 746 1 747 1 748 1 749 1 750 1 751 1 752 1 753 1 754 1 755 1 756 1 757 1 758 1 759 1 760 1 761 1 762 1 763 1 764 1 765 1 766 1 767 1 768 1 769 1 770 1 771 1 772 1 773 1 774 1 775 1 776 1 777 1 778 1 779 1 780 1 781 1 782 1 783 1 784 1 785 1 786 1 787 1 788 1 789 1 790 1 791 1 792 1 793 1 794 1 795 1 796 1 797 1 798 1 799 1 800 1 801 1 802 1 803 1 804 1 805 1 806 1 807 1 808 1 809 1 810 1 811 1 812 1 813 1 814 1 815 1 816 1 817 1 818 1 819 1 820 1 821 1 822 1 823 1 824 1 825 1 826 1 827 1 828 1 829 1 830 1 831 1 832 1 833 1 834 1 835 1 836 1 837 1 838 1 839 1 840 1 841 1 842 1 843 1 844 1 845 1 846 1 847 1 848 1 849 1 850 1 851 1 852 1 853 1 854 1 855 1 856 1 857 1 858 1 859 1 860 1 861 1 862 1 863 1 864 1 865 1 866 1 867 1 868 1 869 1 870 1 871 1 872 1 873 1 874 1 875 1 876 1 877 1 878 1 879 1 880 1 881 1 882 1 883 1 884 1 885 1 886 1 887 1 888 1 889 1 890 1 891 1 892 1 893 1 894 1 895 1 896 1 897 1 898 1 899 1 900 1 901 1 902 1 903 1 904 1 905 1 906 1 907 1 908 1 909 1 910 1 911 1 912 1 913 1 914 1 915 1 916 1 917 1 918 1 919 1 920 1 921 1 922 1 923 1 924 1 925 1 926 1 927 1 928 1 929 1 930 1 931 1 932 1 933 1 934 1 935 1 936 1 937 1 938 1 939 1 940 1 941 1 942 1 943 1 944 1 945 1 946 1 947 1 948 1 949 1 950 1 951 1 952 1 953 1 954 1 955 1 956 1 957 1 958 1 959 1 960 1 961 1 962 1 963 1 964 1 965 1 966 1 967 1 968 1 969 1 970 1 971 1 972 1 973 1 974 1 975 1 976 1 977 1 978 1 979 1 980 1 981 1 982 1 983 1 984 1 985 1 986 1 987 1 988 1 989 1 990 1 991 1 992 1 993 1 994 1 995 1 996 1 997 1 998 1 999 1 1000 1 1001 1 1002 1 1003 1 1004 1 1005 1 1006 1 1007 1 1008 1 1009 1 1010 1 1011 1 1012 1 1013 1 1014 1 1015 1 1016 1 1017 1 1018 1 1019 1 1020 1 1021 1 1022 1 1023 1 1024 1 1025 1 1026 1 1027 1 1028 1 1029 1 1030 1 1031 1 1032 1 1033 1 1034 1 1035 1 1036 1 1037 1 1038 1 1039 1 1040 1 1041 1 1042 1 1043 1 1044 1 1045 1 1046 1 1047 1 1048 1 1049 1 1050 1 1051 1 1052 1 1053 1 1054 1 1055 1 1056 1 1057 1 1058 1 1059 1 1060 1 1061 1 1062 1 1063 1 1064 1 1065 1 1066 1 1067 1 1068 1 1069 1 1070 1 1071 1 1072 1 1073 1 1074 1 1075 4 1076 4 1077 4 1078 4 1079 4 1080 4 1081 4 1082 4 1083 4 1084 4 1085 4 1086 4 1087 4 1088 4 1089 4 1090 4 1091 4 1092 4 1093 4 1094 4 1095 4 1096 4 1097 4 1098 4 1099 4 1100 4 1101 4 1102 4 1103 4 1104 4 1105 4 1106 4 1107 4 1108 4 1109 4 1110 4 1111 4 1112 4 1113 4 1114 4 1115 4 1116 4 1117 4 1118 4 1119 4 1120 4 1121 4 1122 4 1123 4 1124 4 1125 4 1126 4 1127 4 1128 4 1129 4 1130 4 1131 4 1132 4 1133 4 1134 4 1135 4 1136 4 1137 4 1138 4 1139 4 1140 4 1141 4 1142 4 1143 4 1144 4 1145 4 1146 4 1147 4 1148 4 1149 4 1150 4 1151 4 1152 4 1153 4 1154 4 1155 4 1156 4 1157 4 1158 4 1159 4 1160 4 1161 4 1162 4 1163 4 1164 4 1165 4 1166 4 1167 4 1168 4 1169 4 1170 4 1171 4 1172 4 1173 4 1174 4 1175 4 1176 4 1177 4 1178 4 1179 4 1180 4 1181 4 1182 4 1183 4 1184 4 1185 4 1186 4 1187 4 1188 4 1189 4 1190 4 1191 4 1192 4 1193 4 1194 4 1195 4 1196 4 1197 4 1198 4 1199 4 1200 4 1201 4 1202 4 1203 4 1204 4 1205 4 1206 4 1207 4 1208 4 1209 4 1210 4 1211 4 1212 4 1213 4 1214 4 1215 4 1216 4 1217 4 1218 4 1219 4 1220 4 1221 4 1222 4 1223 4 1224 4 1225 4 1226 4 1227 4 1228 4 1229 4 1230 4 1231 4 1232 4 1233 4 1234 4 1235 4 1236 4 1237 4 1238 4 1239 4 1240 4 1241 4 1242 4 1243 4 1244 4 1245 4 1246 4 1247 4 1248 4 1249 4 1250 4 1251 4 1252 4 1253 4 1254 4 1255 4 1256 4 1257 4 1258 4 1259 4 1260 4 1261 4 1262 4 1263 4 1264 4 1265 4 1266 4 1267 4 1268 4 1269 4 1270 4 1271 4 1272 4 1273 4 1274 4 1275 4 1276 4 1277 4 1278 4 1279 4 1280 4 1281 4 1282 4 1283 4 1284 4 1285 4 1286 4 1287 4 1288 4 1289 4 1290 4 1291 4 1292 4 1293 4 1294 4 1295 4 1296 4 1297 4 1298 4 1299 4 1300 4 1301 4 1302 4 1303 4 1304 4 1305 4 1306 4 1307 4 1308 4 1309 4 1310 4 1311 4 1312 4 1313 4 1314 4 1315 4 1316 4 1317 4 1318 4 1319 4 1320 4 1321 4 1322 4 1323 4 1324 4 1325 4 1326 4 1327 4 1328 4 1329 4 1330 4 1331 4 1332 4 1333 4 1334 4 1335 4 1336 4 1337 4 1338 4 1339 4 1340 4 1341 4 1342 4 1343 4 1344 4 1345 4 1346 4 1347 4 1348 4 1349 4 1350 4 1351 4 1352 4 1353 4 1354 4 1355 4 1356 4 1357 4 1358 4 1359 4 1360 4 1361 4 1362 4 1363 4 1364 4 1365 4 1366 4 1367 4 1368 4 1369 4 1370 4 1371 4 1372 4 1373 4 1374 4 1375 4 1376 4 1377 4 1378 4 1379 4 1380 4 1381 4 1382 4 1383 4 1384 4 1385 4 1386 4 1387 4 1388 4 1389 4 1390 4 1391 4 1392 4 1393 4 1394 4 1395 4 1396 4 1397 4 1398 4 1399 4 1400 4 1401 4 1402 4 1403 4 1404 4 1405 4 1406 4 1407 4 1408 4 1409 4 1410 4 1411 4 1412 4 1413 4 1414 4 1415 4 1416 4 1417 4 1418 4 1419 4 1420 4 1421 4 1422 4 1423 4 1424 4 1425 4 1426 4 1427 4 1428 4 1429 4 1430 4 1431 4 1432 4 1433 4 1434 4 1435 4 1436 4 1437 4 1438 4 1439 4 1440 4 1441 4 1442 4 1443 4 1444 4 1445 4 1446 4 1447 4 1448 4 1449 4 1450 4 1451 4 1452 4 1453 4 1454 4 1455 4 1456 4 1457 4 1458 4 1459 4 1460 4 1461 4 1462 4 1463 4 1464 4 1465 4 1466 4 1467 4 1468 4 1469 4 1470 4 1471 4 1472 4 1473 4 1474 4 1475 4 1476 4 1477 4 1478 4 1479 4 1480 4 1481 4 1482 4 1483 4 1484 4 1485 4 1486 4 1487 4 1488 4 1489 4 1490 4 1491 4 1492 4 1493 4 1494 4 1495 4 1496 4 1497 4 1498 4 1499 4 1500 4 1501 4 1502 4 1503 4 1504 4 1505 4 1506 4 1507 4 1508 4 1509 4 1510 4 1511 4 1512 4 1513 4 1514 4 1515 4 1516 4 1517 4 1518 4 1519 4 1520 4 1521 4 1522 4 1523 4 1524 4 1525 4 1526 4 1527 4 1528 4 1529 4 1530 4 1531 4 1532 4 1533 4 1534 4 1535 4 1536 4 1537 4 1538 4 1539 4 1540 4 1541 4 1542 4 1543 4 1544 4 1545 4 1546 4 1547 4 1548 4 1549 4 1550 4 1551 4 1552 4 1553 4 1554 4 1555 4 1556 4 1557 4 1558 4 1559 4 1560 4 1561 4 1562 4 1563 4 1564 4 1565 4 1566 4 1567 4 1568 4 1569 4 1570 4 1571 4 1572 4 1573 4 1574 4 1575 4 1576 4 1577 4 1578 4 1579 4 1580 4 1581 4 1582</v>
        </vertex_weights>
      </skin>
    </controller>
  </library_controllers>
  <library_animations>
    <animation id="parent_joint-anim" name="parent_joint"><animation><source id="parent_joint-Matrix-animation-input"><float_array id="parent_joint-Matrix-animation-input-array" count="100">

0.041667 0.083333 0.125000 0.166667 0.208333 0.250000 0.291667 0.333333 0.375000 0.416667 0.458333 0.500000 0.541667 0.583333 0.625000 0.666667
0.708333 0.750000 0.791667 0.833333 0.875000 0.916667 0.958333 1.000000 1.041667 1.083333 1.125000 1.166667 1.208333 1.250000 1.291667 1.333333
1.375000 1.416667 1.458333 1.500000 1.541667 1.583333 1.625000 1.666667 1.708333 1.750000 1.791667 1.833333 1.875000 1.916667 1.958333 2.000000
2.041667 2.083333 2.125000 2.166667 2.208333 2.250000 2.291667 2.333333 2.375000 2.416667 2.458333 2.500000 2.541667 2.583333 2.625000 2.666667
2.708333 2.750000 2.791667 2.833333 2.875000 2.916667 2.958333 3.000000 3.041667 3.083333 3.125000 3.166667 3.208333 3.250000 3.291667 3.333333
3.375000 3.416667 3.458333 3.500000 3.541667 3.583333 3.625000 3.666667 3.708333 3.750000 3.791667 3.833333 3.875000 3.916667 3.958333 4.000000
4.041667 4.083333 4.125000 4.166667</float_array><technique_common><accessor source="#parent_joint-Matrix-animation-input-array" count="100"><param name="TIME" type="float"/></accessor></technique_common></source><source id="parent_joint-Matrix-animation-output-transform"><float_array id="parent_joint-Matrix-animation-output-transform-array" count="1600">

0.267719 0.000000 -0.963497 0.000000 0.000000 1.000000 0.000000 1.623966 0.963497 0.000000 0.267719 -0.020477 0.000000 0.000000 0.000000 1.000000
0.267719 0.000000 -0.963497 0.000000 0.000000 1.000000 0.000000 1.624430 0.963497 0.000000 0.267719 -0.020477 0.000000 0.000000 0.000000 1.000000
0.267719 0.000000 -0.963497 0.000000 0.000000 1.000000 0.000000 1.625795 0.963497 0.000000 0.267719 -0.020477 0.000000 0.000000 0.000000 1.000000
0.267719 0.000000 -0.963497 0.000000 0.000000 1.000000 0.000000 1.628022 0.963497 0.000000 0.267719 -0.020477 0.000000 0.000000 0.000000 1.000000
0.267719 0.000000 -0.963497 0.000000 0.000000 1.000000 0.000000 1.631075 0.963497 0.000000 0.267719 -0.020477 0.000000 0.000000 0.000000 1.000000
0.267719 0.000000 -0.963497 0.000000 0.000000 1.000000 0.000000 1.634914 0.963497 0.000000 0.267719 -0.020477 0.000000 0.000000 0.000000 1.000000
0.267719 0.000000 -0.963497 0.000000 0.000000 1.000000 0.000000 1.639500 0.963497 0.000000 0.267719 -0.020477 0.000000 0.000000 0.000000 1.000000
0.267719 0.000000 -0.963497 0.000000 0.000000 1.000000 0.000000 1.644796 0.963497 0.000000 0.267719 -0.020477 0.000000 0.000000 0.000000 1.000000
0.267719 0.000000 -0.963497 0.000000 0.000000 1.000000 0.000000 1.650764 0.963497 0.000000 0.267719 -0.020477 0.000000 0.000000 0.000000 1.000000
0.267719 0.000000 -0.963497 0.000000 0.000000 1.000000 0.000000 1.657364 0.963497 0.000000 0.267719 -0.020477 0.000000 0.000000 0.000000 1.000000
0.267719 0.000000 -0.963497 0.000000 0.000000 1.000000 0.000000 1.664559 0.963497 0.000000 0.267719 -0.020477 0.000000 0.000000 0.000000 1.000000
0.267719 0.000000 -0.963497 0.000000 0.000000 1.000000 0.000000 1.672310 0.963497 0.000000 0.267719 -0.020477 0.000000 0.000000 0.000000 1.000000
0.267719 0.000000 -0.963497 0.000000 0.000000 1.000000 0.000000 1.680578 0.963497 0.000000 0.267719 -0.020477 0.000000 0.000000 0.000000 1.000000
0.267719 0.000000 -0.963497 0.000000 0.000000 1.000000 0.000000 1.689326 0.963497 0.000000 0.267719 -0.020477 0.000000 0.000000 0.000000 1.000000
0.267719 0.000000 -0.963497 0.000000 0.000000 1.000000 0.000000 1.698515 0.963497 0.000000 0.267719 -0.020477 0.000000 0.000000 0.000000 1.000000
0.267719 0.000000 -0.963497 0.000000 0.000000 1.000000 0.000000 1.708107 0.963497 0.000000 0.267719 -0.020477 0.000000 0.000000 0.000000 1.000000
0.267719 0.000000 -0.963497 0.000000 0.000000 1.000000 0.000000 1.718064 0.963497 0.000000 0.267719 -0.020477 0.000000 0.000000 0.000000 1.000000
0.267719 0.000000 -0.963497 0.000000 0.000000 1.000000 0.000000 1.728346 0.963497 0.000000 0.267719 -0.020477 0.000000 0.000000 0.000000 1.000000
0.267719 0.000000 -0.963497 0.000000 0.000000 1.000000 0.000000 1.738916 0.963497 0.000000 0.267719 -0.020477 0.000000 0.000000 0.000000 1.000000
0.267719 0.000000 -0.963497 0.000000 0.000000 1.000000 0.000000 1.749735 0.963497 0.000000 0.267719 -0.020477 0.000000 0.000000 0.000000 1.000000
0.267719 0.000000 -0.963497 0.000000 0.000000 1.000000 0.000000 1.760765 0.963497 0.000000 0.267719 -0.020477 0.000000 0.000000 0.000000 1.000000
0.267719 0.000000 -0.963497 0.000000 0.000000 1.000000 0.000000 1.771968 0.963497 0.000000 0.267719 -0.020477 0.000000 0.000000 0.000000 1.000000
0.267719 0.000000 -0.963497 0.000000 0.000000 1.000000 0.000000 1.783305 0.963497 0.000000 0.267719 -0.020477 0.000000 0.000000 0.000000 1.000000
0.267719 0.000000 -0.963497 0.000000 0.000000 1.000000 0.000000 1.794738 0.963497 0.000000 0.267719 -0.020477 0.000000 0.000000 0.000000 1.000000
0.267719 0.000000 -0.963497 0.000000 0.000000 1.000000 0.000000 1.806228 0.963497 0.000000 0.267719 -0.020477 0.000000 0.000000 0.000000 1.000000
0.267719 0.000000 -0.963497 0.000000 0.000000 1.000000 0.000000 1.817738 0.963497 0.000000 0.267719 -0.020477 0.000000 0.000000 0.000000 1.000000
0.267719 0.000000 -0.963497 0.000000 0.000000 1.000000 0.000000 1.829229 0.963497 0.000000 0.267719 -0.020477 0.000000 0.000000 0.000000 1.000000
0.267719 0.000000 -0.963497 0.000000 0.000000 1.000000 0.000000 1.840661 0.963497 0.000000 0.267719 -0.020477 0.000000 0.000000 0.000000 1.000000
0.267719 0.000000 -0.963497 0.000000 0.000000 1.000000 0.000000 1.851998 0.963497 0.000000 0.267719 -0.020477 0.000000 0.000000 0.000000 1.000000
0.267719 0.000000 -0.963497 0.000000 0.000000 1.000000 0.000000 1.863201 0.963497 0.000000 0.267719 -0.020477 0.000000 0.000000 0.000000 1.000000
0.267719 0.000000 -0.963497 0.000000 0.000000 1.000000 0.000000 1.874231 0.963497 0.000000 0.267719 -0.020477 0.000000 0.000000 0.000000 1.000000
0.267719 0.000000 -0.963497 0.000000 0.000000 1.000000 0.000000 1.885051 0.963497 0.000000 0.267719 -0.020477 0.000000 0.000000 0.000000 1.000000
0.267719 0.000000 -0.963497 0.000000 0.000000 1.000000 0.000000 1.895621 0.963497 0.000000 0.267719 -0.020477 0.000000 0.000000 0.000000 1.000000
0.267719 0.000000 -0.963497 0.000000 0.000000 1.000000 0.000000 1.905903 0.963497 0.000000 0.267719 -0.020477 0.000000 0.000000 0.000000 1.000000
0.267719 0.000000 -0.963497 0.000000 0.000000 1.000000 0.000000 1.915859 0.963497 0.000000 0.267719 -0.020477 0.000000 0.000000 0.000000 1.000000
0.267719 0.000000 -0.963497 0.000000 0.000000 1.000000 0.000000 1.925451 0.963497 0.000000 0.267719 -0.020477 0.000000 0.000000 0.000000 1.000000
0.267719 0.000000 -0.963497 0.000000 0.000000 1.000000 0.000000 1.934640 0.963497 0.000000 0.267719 -0.020477 0.000000 0.000000 0.000000 1.000000
0.267719 0.000000 -0.963497 0.000000 0.000000 1.000000 0.000000 1.943388 0.963497 0.000000 0.267719 -0.020477 0.000000 0.000000 0.000000 1.000000
0.267719 0.000000 -0.963497 0.000000 0.000000 1.000000 0.000000 1.951657 0.963497 0.000000 0.267719 -0.020477 0.000000 0.000000 0.000000 1.000000
0.267719 0.000000 -0.963497 0.000000 0.000000 1.000000 0.000000 1.959408 0.963497 0.000000 0.267719 -0.020477 0.000000 0.000000 0.000000 1.000000
0.267719 0.000000 -0.963497 0.000000 0.000000 1.000000 0.000000 1.966603 0.963497 0.000000 0.267719 -0.020477 0.000000 0.000000 0.000000 1.000000
0.267719 0.000000 -0.963497 0.000000 0.000000 1.000000 0.000000 1.973203 0.963497 0.000000 0.267719 -0.020477 0.000000 0.000000 0.000000 1.000000
0.267719 0.000000 -0.963497 0.000000 0.000000 1.000000 0.000000 1.979170 0.963497 0.000000 0.267719 -0.020477 0.000000 0.000000 0.000000 1.000000
0.267719 0.000000 -0.963497 0.000000 0.000000 1.000000 0.000000 1.984466 0.963497 0.000000 0.267719 -0.020477 0.000000 0.000000 0.000000 1.000000
0.267719 0.000000 -0.963497 0.000000 0.000000 1.000000 0.000000 1.989053 0.963497 0.000000 0.267719 -0.020477 0.000000 0.000000 0.000000 1.000000
0.267719 0.000000 -0.963497 0.000000 0.000000 1.000000 0.000000 1.992892 0.963497 0.000000 0.267719 -0.020477 0.000000 0.000000 0.000000 1.000000
0.267719 0.000000 -0.963497 0.000000 0.000000 1.000000 0.000000 1.995944 0.963497 0.000000 0.267719 -0.020477 0.000000 0.000000 0.000000 1.000000
0.267719 0.000000 -0.963497 0.000000 0.000000 1.000000 0.000000 1.998172 0.963497 0.000000 0.267719 -0.020477 0.000000 0.000000 0.000000 1.000000
0.267719 0.000000 -0.963497 0.000000 0.000000 1.000000 0.000000 1.999537 0.963497 0.000000 0.267719 -0.020477 0.000000 0.000000 0.000000 1.000000
0.267719 0.000000 -0.963497 0.000000 0.000000 1.000000 0.000000 2.000000 0.963497 0.000000 0.267719 -0.020477 0.000000 0.000000 0.000000 1.000000
0.267719 0.000000 -0.963497 0.000000 0.000000 1.000000 0.000000 1.999555 0.963497 0.000000 0.267719 -0.020477 0.000000 0.000000 0.000000 1.000000
0.267719 0.000000 -0.963497 0.000000 0.000000 1.000000 0.000000 1.998243 0.963497 0.000000 0.267719 -0.020477 0.000000 0.000000 0.000000 1.000000
0.267719 0.000000 -0.963497 0.000000 0.000000 1.000000 0.000000 1.996101 0.963497 0.000000 0.267719 -0.020477 0.000000 0.000000 0.000000 1.000000
0.267719 0.000000 -0.963497 0.000000 0.000000 1.000000 0.000000 1.993165 0.963497 0.000000 0.267719 -0.020477 0.000000 0.000000 0.000000 1.000000
0.267719 0.000000 -0.963497 0.000000 0.000000 1.000000 0.000000 1.989471 0.963497 0.000000 0.267719 -0.020477 0.000000 0.000000 0.000000 1.000000
0.267719 0.000000 -0.963497 0.000000 0.000000 1.000000 0.000000 1.985055 0.963497 0.000000 0.267719 -0.020477 0.000000 0.000000 0.000000 1.000000
0.267719 0.000000 -0.963497 0.000000 0.000000 1.000000 0.000000 1.979953 0.963497 0.000000 0.267719 -0.020477 0.000000 0.000000 0.000000 1.000000
0.267719 0.000000 -0.963497 0.000000 0.000000 1.000000 0.000000 1.974201 0.963497 0.000000 0.267719 -0.020477 0.000000 0.000000 0.000000 1.000000
0.267719 0.000000 -0.963497 0.000000 0.000000 1.000000 0.000000 1.967836 0.963497 0.000000 0.267719 -0.020477 0.000000 0.000000 0.000000 1.000000
0.267719 0.000000 -0.963497 0.000000 0.000000 1.000000 0.000000 1.960892 0.963497 0.000000 0.267719 -0.020477 0.000000 0.000000 0.000000 1.000000
0.267719 0.000000 -0.963497 0.000000 0.000000 1.000000 0.000000 1.953408 0.963497 0.000000 0.267719 -0.020477 0.000000 0.000000 0.000000 1.000000
0.267719 0.000000 -0.963497 0.000000 0.000000 1.000000 0.000000 1.945418 0.963497 0.000000 0.267719 -0.020477 0.000000 0.000000 0.000000 1.000000
0.267719 0.000000 -0.963497 0.000000 0.000000 1.000000 0.000000 1.936959 0.963497 0.000000 0.267719 -0.020477 0.000000 0.000000 0.000000 1.000000
0.267719 0.000000 -0.963497 0.000000 0.000000 1.000000 0.000000 1.928066 0.963497 0.000000 0.267719 -0.020477 0.000000 0.000000 0.000000 1.000000
0.267719 0.000000 -0.963497 0.000000 0.000000 1.000000 0.000000 1.918777 0.963497 0.000000 0.267719 -0.020477 0.000000 0.000000 0.000000 1.000000
0.267719 0.000000 -0.963497 0.000000 0.000000 1.000000 0.000000 1.909126 0.963497 0.000000 0.267719 -0.020477 0.000000 0.000000 0.000000 1.000000
0.267719 0.000000 -0.963497 0.000000 0.000000 1.000000 0.000000 1.899151 0.963497 0.000000 0.267719 -0.020477 0.000000 0.000000 0.000000 1.000000
0.267719 0.000000 -0.963497 0.000000 0.000000 1.000000 0.000000 1.888887 0.963497 0.000000 0.267719 -0.020477 0.000000 0.000000 0.000000 1.000000
0.267719 0.000000 -0.963497 0.000000 0.000000 1.000000 0.000000 1.878370 0.963497 0.000000 0.267719 -0.020477 0.000000 0.000000 0.000000 1.000000
0.267719 0.000000 -0.963497 0.000000 0.000000 1.000000 0.000000 1.867636 0.963497 0.000000 0.267719 -0.020477 0.000000 0.000000 0.000000 1.000000
0.267719 0.000000 -0.963497 0.000000 0.000000 1.000000 0.000000 1.856722 0.963497 0.000000 0.267719 -0.020477 0.000000 0.000000 0.000000 1.000000
0.267719 0.000000 -0.963497 0.000000 0.000000 1.000000 0.000000 1.845664 0.963497 0.000000 0.267719 -0.020477 0.000000 0.000000 0.000000 1.000000
0.267719 0.000000 -0.963497 0.000000 0.000000 1.000000 0.000000 1.834497 0.963497 0.000000 0.267719 -0.020477 0.000000 0.000000 0.000000 1.000000
0.267719 0.000000 -0.963497 0.000000 0.000000 1.000000 0.000000 1.823258 0.963497 0.000000 0.267719 -0.020477 0.000000 0.000000 0.000000 1.000000
0.267719 0.000000 -0.963497 0.000000 0.000000 1.000000 0.000000 1.811983 0.963497 0.000000 0.267719 -0.020477 0.000000 0.000000 0.000000 1.000000
0.267719 0.000000 -0.963497 0.000000 0.000000 1.000000 0.000000 1.800708 0.963497 0.000000 0.267719 -0.020477 0.000000 0.000000 0.000000 1.000000
0.267719 0.000000 -0.963497 0.000000 0.000000 1.000000 0.000000 1.789469 0.963497 0.000000 0.267719 -0.020477 0.000000 0.000000 0.000000 1.000000
0.267719 0.000000 -0.963497 0.000000 0.000000 1.000000 0.000000 1.778303 0.963497 0.000000 0.267719 -0.020477 0.000000 0.000000 0.000000 1.000000
0.267719 0.000000 -0.963497 0.000000 0.000000 1.000000 0.000000 1.767244 0.963497 0.000000 0.267719 -0.020477 0.000000 0.000000 0.000000 1.000000
0.267719 0.000000 -0.963497 0.000000 0.000000 1.000000 0.000000 1.756330 0.963497 0.000000 0.267719 -0.020477 0.000000 0.000000 0.000000 1.000000
0.267719 0.000000 -0.963497 0.000000 0.000000 1.000000 0.000000 1.745597 0.963497 0.000000 0.267719 -0.020477 0.000000 0.000000 0.000000 1.000000
0.267719 0.000000 -0.963497 0.000000 0.000000 1.000000 0.000000 1.735080 0.963497 0.000000 0.267719 -0.020477 0.000000 0.000000 0.000000 1.000000
0.267719 0.000000 -0.963497 0.000000 0.000000 1.000000 0.000000 1.724816 0.963497 0.000000 0.267719 -0.020477 0.000000 0.000000 0.000000 1.000000
0.267719 0.000000 -0.963497 0.000000 0.000000 1.000000 0.000000 1.714840 0.963497 0.000000 0.267719 -0.020477 0.000000 0.000000 0.000000 1.000000
0.267719 0.000000 -0.963497 0.000000 0.000000 1.000000 0.000000 1.705190 0.963497 0.000000 0.267719 -0.020477 0.000000 0.000000 0.000000 1.000000
0.267719 0.000000 -0.963497 0.000000 0.000000 1.000000 0.000000 1.695900 0.963497 0.000000 0.267719 -0.020477 0.000000 0.000000 0.000000 1.000000
0.267719 0.000000 -0.963497 0.000000 0.000000 1.000000 0.000000 1.687008 0.963497 0.000000 0.267719 -0.020477 0.000000 0.000000 0.000000 1.000000
0.267719 0.000000 -0.963497 0.000000 0.000000 1.000000 0.000000 1.678548 0.963497 0.000000 0.267719 -0.020477 0.000000 0.000000 0.000000 1.000000
0.267719 0.000000 -0.963497 0.000000 0.000000 1.000000 0.000000 1.670559 0.963497 0.000000 0.267719 -0.020477 0.000000 0.000000 0.000000 1.000000
0.267719 0.000000 -0.963497 0.000000 0.000000 1.000000 0.000000 1.663074 0.963497 0.000000 0.267719 -0.020477 0.000000 0.000000 0.000000 1.000000
0.267719 0.000000 -0.963497 0.000000 0.000000 1.000000 0.000000 1.656131 0.963497 0.000000 0.267719 -0.020477 0.000000 0.000000 0.000000 1.000000
0.267719 0.000000 -0.963497 0.000000 0.000000 1.000000 0.000000 1.649765 0.963497 0.000000 0.267719 -0.020477 0.000000 0.000000 0.000000 1.000000
0.267719 0.000000 -0.963497 0.000000 0.000000 1.000000 0.000000 1.644014 0.963497 0.000000 0.267719 -0.020477 0.000000 0.000000 0.000000 1.000000
0.267719 0.000000 -0.963497 0.000000 0.000000 1.000000 0.000000 1.638911 0.963497 0.000000 0.267719 -0.020477 0.000000 0.000000 0.000000 1.000000
0.267719 0.000000 -0.963497 0.000000 0.000000 1.000000 0.000000 1.634495 0.963497 0.000000 0.267719 -0.020477 0.000000 0.000000 0.000000 1.000000
0.267719 0.000000 -0.963497 0.000000 0.000000 1.000000 0.000000 1.630801 0.963497 0.000000 0.267719 -0.020477 0.000000 0.000000 0.000000 1.000000
0.267719 0.000000 -0.963497 0.000000 0.000000 1.000000 0.000000 1.627865 0.963497 0.000000 0.267719 -0.020477 0.000000 0.000000 0.000000 1.000000
0.267719 0.000000 -0.963497 0.000000 0.000000 1.000000 0.000000 1.625723 0.963497 0.000000 0.267719 -0.020477 0.000000 0.000000 0.000000 1.000000
0.267719 0.000000 -0.963497 0.000000 0.000000 1.000000 0.000000 1.624412 0.963497 0.000000 0.267719 -0.020477 0.000000 0.000000 0.000000 1.000000
0.267719 0.000000 -0.963497 0.000000 0.000000 1.000000 0.000000 1.623966 0.963497 0.000000 0.267719 -0.020477 0.000000 0.000000 0.000000 1.000000</float_array><technique_common><accessor source="#parent_joint-Matrix-animation-output-transform-array" count="100" stride="16"><param type="float4x4"/></accessor></technique_common></source><source id="parent_joint-Interpolations"><Name_array id="parent_joint-Interpolations-array" count="100">
 LINEAR LINEAR LINEAR LINEAR LINEAR LINEAR LINEAR LINEAR LINEAR LINEAR LINEAR
LINEAR LINEAR LINEAR LINEAR LINEAR LINEAR LINEAR LINEAR LINEAR LINEAR LINEAR LINEAR
LINEAR LINEAR LINEAR LINEAR LINEAR LINEAR LINEAR LINEAR LINEAR LINEAR LINEAR LINEAR
LINEAR LINEAR LINEAR LINEAR LINEAR LINEAR LINEAR LINEAR LINEAR LINEAR LINEAR LINEAR
LINEAR LINEAR LINEAR LINEAR LINEAR LINEAR LINEAR LINEAR LINEAR LINEAR LINEAR LINEAR
LINEAR LINEAR LINEAR LINEAR LINEAR LINEAR LINEAR LINEAR LINEAR LINEAR LINEAR LINEAR
LINEAR LINEAR LINEAR LINEAR LINEAR LINEAR LINEAR LINEAR LINEAR LINEAR LINEAR LINEAR
LINEAR LINEAR LINEAR LINEAR LINEAR LINEAR LINEAR LINEAR LINEAR LINEAR LINEAR LINEAR
LINEAR LINEAR LINEAR LINEAR LINEAR</Name_array><technique_common><accessor source="#parent_joint-Interpolations-array" count="100"><param type="name"/></accessor></technique_common></source><sampler id="parent_joint-Matrix-animation-transform"><input semantic="INPUT" source="#parent_joint-Matrix-animation-input"/><input semantic="OUTPUT" source="#parent_joint-Matrix-animation-output-transform"/><input semantic="INTERPOLATION" source="#parent_joint-Interpolations"/></sampler><channel source="#parent_joint-Matrix-animation-transform" target="parent_joint/matrix"/></animation></animation>
    <animation id="shoulder_right-anim" name="shoulder_right"><animation><source id="shoulder_right-Matrix-animation-input"><float_array id="shoulder_right-Matrix-animation-input-array" count="100">

0.041667 0.083333 0.125000 0.166667 0.208333 0.250000 0.291667 0.333333 0.375000 0.416667 0.458333 0.500000 0.541667 0.583333 0.625000 0.666667
0.708333 0.750000 0.791667 0.833333 0.875000 0.916667 0.958333 1.000000 1.041667 1.083333 1.125000 1.166667 1.208333 1.250000 1.291667 1.333333
1.375000 1.416667 1.458333 1.500000 1.541667 1.583333 1.625000 1.666667 1.708333 1.750000 1.791667 1.833333 1.875000 1.916667 1.958333 2.000000
2.041667 2.083333 2.125000 2.166667 2.208333 2.250000 2.291667 2.333333 2.375000 2.416667 2.458333 2.500000 2.541667 2.583333 2.625000 2.666667
2.708333 2.750000 2.791667 2.833333 2.875000 2.916667 2.958333 3.000000 3.041667 3.083333 3.125000 3.166667 3.208333 3.250000 3.291667 3.333333
3.375000 3.416667 3.458333 3.500000 3.541667 3.583333 3.625000 3.666667 3.708333 3.750000 3.791667 3.833333 3.875000 3.916667 3.958333 4.000000
4.041667 4.083333 4.125000 4.166667</float_array><technique_common><accessor source="#shoulder_right-Matrix-animation-input-array" count="100"><param name="TIME" type="float"/></accessor></technique_common></source><source id="shoulder_right-Matrix-animation-output-transform"><float_array id="shoulder_right-Matrix-animation-output-transform-array" count="1600">

0.916151 0.000000 -0.400833 -0.166635 0.000000 1.000000 0.000000 -0.405098 0.400833 0.000000 0.916151 0.524605 0.000000 0.000000 0.000000 1.000000
0.916151 0.000000 -0.400833 -0.166635 0.000000 1.000000 0.000000 -0.405018 0.400833 0.000000 0.916151 0.524605 0.000000 0.000000 0.000000 1.000000
0.916151 0.000000 -0.400833 -0.166635 0.000000 1.000000 0.000000 -0.404783 0.400833 0.000000 0.916151 0.524605 0.000000 0.000000 0.000000 1.000000
0.916151 0.000000 -0.400833 -0.166635 0.000000 1.000000 0.000000 -0.404399 0.400833 0.000000 0.916151 0.524605 0.000000 0.000000 0.000000 1.000000
0.916151 0.000000 -0.400833 -0.166635 0.000000 1.000000 0.000000 -0.403873 0.400833 0.000000 0.916151 0.524605 0.000000 0.000000 0.000000 1.000000
0.916151 0.000000 -0.400833 -0.166635 0.000000 1.000000 0.000000 -0.403212 0.400833 0.000000 0.916151 0.524605 0.000000 0.000000 0.000000 1.000000
0.916151 0.000000 -0.400833 -0.166635 0.000000 1.000000 0.000000 -0.402422 0.400833 0.000000 0.916151 0.524605 0.000000 0.000000 0.000000 1.000000
0.916151 0.000000 -0.400833 -0.166635 0.000000 1.000000 0.000000 -0.401509 0.400833 0.000000 0.916151 0.524605 0.000000 0.000000 0.000000 1.000000
0.916151 0.000000 -0.400833 -0.166635 0.000000 1.000000 0.000000 -0.400481 0.400833 0.000000 0.916151 0.524605 0.000000 0.000000 0.000000 1.000000
0.916151 0.000000 -0.400833 -0.166635 0.000000 1.000000 0.000000 -0.399344 0.400833 0.000000 0.916151 0.524605 0.000000 0.000000 0.000000 1.000000
0.916151 0.000000 -0.400833 -0.166635 0.000000 1.000000 0.000000 -0.398104 0.400833 0.000000 0.916151 0.524605 0.000000 0.000000 0.000000 1.000000
0.916151 0.000000 -0.400833 -0.166635 0.000000 1.000000 0.000000 -0.396769 0.400833 0.000000 0.916151 0.524605 0.000000 0.000000 0.000000 1.000000
0.916151 0.000000 -0.400833 -0.166635 0.000000 1.000000 0.000000 -0.395344 0.400833 0.000000 0.916151 0.524605 0.000000 0.000000 0.000000 1.000000
0.916151 0.000000 -0.400833 -0.166635 0.000000 1.000000 0.000000 -0.393837 0.400833 0.000000 0.916151 0.524605 0.000000 0.000000 0.000000 1.000000
0.916151 0.000000 -0.400833 -0.166635 0.000000 1.000000 0.000000 -0.392254 0.400833 0.000000 0.916151 0.524605 0.000000 0.000000 0.000000 1.000000
0.916151 0.000000 -0.400833 -0.166635 0.000000 1.000000 0.000000 -0.390601 0.400833 0.000000 0.916151 0.524605 0.000000 0.000000 0.000000 1.000000
0.916151 0.000000 -0.400833 -0.166635 0.000000 1.000000 0.000000 -0.388886 0.400833 0.000000 0.916151 0.524605 0.000000 0.000000 0.000000 1.000000
0.916151 0.000000 -0.400833 -0.166635 0.000000 1.000000 0.000000 -0.387114 0.400833 0.000000 0.916151 0.524605 0.000000 0.000000 0.000000 1.000000
0.916151 0.000000 -0.400833 -0.166635 0.000000 1.000000 0.000000 -0.385293 0.400833 0.000000 0.916151 0.524605 0.000000 0.000000 0.000000 1.000000
0.916151 0.000000 -0.400833 -0.166635 0.000000 1.000000 0.000000 -0.383429 0.400833 0.000000 0.916151 0.524605 0.000000 0.000000 0.000000 1.000000
0.916151 0.000000 -0.400833 -0.166635 0.000000 1.000000 0.000000 -0.381529 0.400833 0.000000 0.916151 0.524605 0.000000 0.000000 0.000000 1.000000
0.916151 0.000000 -0.400833 -0.166635 0.000000 1.000000 0.000000 -0.379599 0.400833 0.000000 0.916151 0.524605 0.000000 0.000000 0.000000 1.000000
0.916151 0.000000 -0.400833 -0.166635 0.000000 1.000000 0.000000 -0.377646 0.400833 0.000000 0.916151 0.524605 0.000000 0.000000 0.000000 1.000000
0.916151 0.000000 -0.400833 -0.166635 0.000000 1.000000 0.000000 -0.375676 0.400833 0.000000 0.916151 0.524605 0.000000 0.000000 0.000000 1.000000
0.916151 0.000000 -0.400833 -0.166635 0.000000 1.000000 0.000000 -0.373696 0.400833 0.000000 0.916151 0.524605 0.000000 0.000000 0.000000 1.000000
0.916151 0.000000 -0.400833 -0.166635 0.000000 1.000000 0.000000 -0.371713 0.400833 0.000000 0.916151 0.524605 0.000000 0.000000 0.000000 1.000000
0.916151 0.000000 -0.400833 -0.166635 0.000000 1.000000 0.000000 -0.369733 0.400833 0.000000 0.916151 0.524605 0.000000 0.000000 0.000000 1.000000
0.916151 0.000000 -0.400833 -0.166635 0.000000 1.000000 0.000000 -0.367764 0.400833 0.000000 0.916151 0.524605 0.000000 0.000000 0.000000 1.000000
0.916151 0.000000 -0.400833 -0.166635 0.000000 1.000000 0.000000 -0.365810 0.400833 0.000000 0.916151 0.524605 0.000000 0.000000 0.000000 1.000000
0.916151 0.000000 -0.400833 -0.166635 0.000000 1.000000 0.000000 -0.363880 0.400833 0.000000 0.916151 0.524605 0.000000 0.000000 0.000000 1.000000
0.916151 0.000000 -0.400833 -0.166635 0.000000 1.000000 0.000000 -0.361980 0.400833 0.000000 0.916151 0.524605 0.000000 0.000000 0.000000 1.000000
0.916151 0.000000 -0.400833 -0.166635 0.000000 1.000000 0.000000 -0.360116 0.400833 0.000000 0.916151 0.524605 0.000000 0.000000 0.000000 1.000000
0.916151 0.000000 -0.400833 -0.166635 0.000000 1.000000 0.000000 -0.358295 0.400833 0.000000 0.916151 0.524605 0.000000 0.000000 0.000000 1.000000
0.916151 0.000000 -0.400833 -0.166635 0.000000 1.000000 0.000000 -0.356523 0.400833 0.000000 0.916151 0.524605 0.000000 0.000000 0.000000 1.000000
0.916151 0.000000 -0.400833 -0.166635 0.000000 1.000000 0.000000 -0.354808 0.400833 0.000000 0.916151 0.524605 0.000000 0.000000 0.000000 1.000000
0.916151 0.000000 -0.400833 -0.166635 0.000000 1.000000 0.000000 -0.353155 0.400833 0.000000 0.916151 0.524605 0.000000 0.000000 0.000000 1.000000
0.916151 0.000000 -0.400833 -0.166635 0.000000 1.000000 0.000000 -0.351572 0.400833 0.000000 0.916151 0.524605 0.000000 0.000000 0.000000 1.000000
0.916151 0.000000 -0.400833 -0.166635 0.000000 1.000000 0.000000 -0.350065 0.400833 0.000000 0.916151 0.524605 0.000000 0.000000 0.000000 1.000000
0.916151 0.000000 -0.400833 -0.166635 0.000000 1.000000 0.000000 -0.348640 0.400833 0.000000 0.916151 0.524605 0.000000 0.000000 0.000000 1.000000
0.916151 0.000000 -0.400833 -0.166635 0.000000 1.000000 0.000000 -0.347305 0.400833 0.000000 0.916151 0.524605 0.000000 0.000000 0.000000 1.000000
0.916151 0.000000 -0.400833 -0.166635 0.000000 1.000000 0.000000 -0.346065 0.400833 0.000000 0.916151 0.524605 0.000000 0.000000 0.000000 1.000000
0.916151 0.000000 -0.400833 -0.166635 0.000000 1.000000 0.000000 -0.344928 0.400833 0.000000 0.916151 0.524605 0.000000 0.000000 0.000000 1.000000
0.916151 0.000000 -0.400833 -0.166635 0.000000 1.000000 0.000000 -0.343900 0.400833 0.000000 0.916151 0.524605 0.000000 0.000000 0.000000 1.000000
0.916151 0.000000 -0.400833 -0.166635 0.000000 1.000000 0.000000 -0.342987 0.400833 0.000000 0.916151 0.524605 0.000000 0.000000 0.000000 1.000000
0.916151 0.000000 -0.400833 -0.166635 0.000000 1.000000 0.000000 -0.342197 0.400833 0.000000 0.916151 0.524605 0.000000 0.000000 0.000000 1.000000
0.916151 0.000000 -0.400833 -0.166635 0.000000 1.000000 0.000000 -0.341536 0.400833 0.000000 0.916151 0.524605 0.000000 0.000000 0.000000 1.000000
0.916151 0.000000 -0.400833 -0.166635 0.000000 1.000000 0.000000 -0.341010 0.400833 0.000000 0.916151 0.524605 0.000000 0.000000 0.000000 1.000000
0.916151 0.000000 -0.400833 -0.166635 0.000000 1.000000 0.000000 -0.340626 0.400833 0.000000 0.916151 0.524605 0.000000 0.000000 0.000000 1.000000
0.916151 0.000000 -0.400833 -0.166635 0.000000 1.000000 0.000000 -0.340391 0.400833 0.000000 0.916151 0.524605 0.000000 0.000000 0.000000 1.000000
0.916151 0.000000 -0.400833 -0.166635 0.000000 1.000000 0.000000 -0.340311 0.400833 0.000000 0.916151 0.524605 0.000000 0.000000 0.000000 1.000000
0.916151 0.000000 -0.400833 -0.166635 0.000000 1.000000 0.000000 -0.340388 0.400833 0.000000 0.916151 0.524605 0.000000 0.000000 0.000000 1.000000
0.916151 0.000000 -0.400833 -0.166635 0.000000 1.000000 0.000000 -0.340614 0.400833 0.000000 0.916151 0.524605 0.000000 0.000000 0.000000 1.000000
0.916151 0.000000 -0.400833 -0.166635 0.000000 1.000000 0.000000 -0.340983 0.400833 0.000000 0.916151 0.524605 0.000000 0.000000 0.000000 1.000000
0.916151 0.000000 -0.400833 -0.166635 0.000000 1.000000 0.000000 -0.341489 0.400833 0.000000 0.916151 0.524605 0.000000 0.000000 0.000000 1.000000
0.916151 0.000000 -0.400833 -0.166635 0.000000 1.000000 0.000000 -0.342125 0.400833 0.000000 0.916151 0.524605 0.000000 0.000000 0.000000 1.000000
0.916151 0.000000 -0.400833 -0.166635 0.000000 1.000000 0.000000 -0.342886 0.400833 0.000000 0.916151 0.524605 0.000000 0.000000 0.000000 1.000000
0.916151 0.000000 -0.400833 -0.166635 0.000000 1.000000 0.000000 -0.343765 0.400833 0.000000 0.916151 0.524605 0.000000 0.000000 0.000000 1.000000
0.916151 0.000000 -0.400833 -0.166635 0.000000 1.000000 0.000000 -0.344756 0.400833 0.000000 0.916151 0.524605 0.000000 0.000000 0.000000 1.000000
0.916151 0.000000 -0.400833 -0.166635 0.000000 1.000000 0.000000 -0.345853 0.400833 0.000000 0.916151 0.524605 0.000000 0.000000 0.000000 1.000000
0.916151 0.000000 -0.400833 -0.166635 0.000000 1.000000 0.000000 -0.347049 0.400833 0.000000 0.916151 0.524605 0.000000 0.000000 0.000000 1.000000
0.916151 0.000000 -0.400833 -0.166635 0.000000 1.000000 0.000000 -0.348338 0.400833 0.000000 0.916151 0.524605 0.000000 0.000000 0.000000 1.000000
0.916151 0.000000 -0.400833 -0.166635 0.000000 1.000000 0.000000 -0.349715 0.400833 0.000000 0.916151 0.524605 0.000000 0.000000 0.000000 1.000000
0.916151 0.000000 -0.400833 -0.166635 0.000000 1.000000 0.000000 -0.351172 0.400833 0.000000 0.916151 0.524605 0.000000 0.000000 0.000000 1.000000
0.916151 0.000000 -0.400833 -0.166635 0.000000 1.000000 0.000000 -0.352705 0.400833 0.000000 0.916151 0.524605 0.000000 0.000000 0.000000 1.000000
0.916151 0.000000 -0.400833 -0.166635 0.000000 1.000000 0.000000 -0.354305 0.400833 0.000000 0.916151 0.524605 0.000000 0.000000 0.000000 1.000000
0.916151 0.000000 -0.400833 -0.166635 0.000000 1.000000 0.000000 -0.355968 0.400833 0.000000 0.916151 0.524605 0.000000 0.000000 0.000000 1.000000
0.916151 0.000000 -0.400833 -0.166635 0.000000 1.000000 0.000000 -0.357686 0.400833 0.000000 0.916151 0.524605 0.000000 0.000000 0.000000 1.000000
0.916151 0.000000 -0.400833 -0.166635 0.000000 1.000000 0.000000 -0.359455 0.400833 0.000000 0.916151 0.524605 0.000000 0.000000 0.000000 1.000000
0.916151 0.000000 -0.400833 -0.166635 0.000000 1.000000 0.000000 -0.361267 0.400833 0.000000 0.916151 0.524605 0.000000 0.000000 0.000000 1.000000
0.916151 0.000000 -0.400833 -0.166635 0.000000 1.000000 0.000000 -0.363116 0.400833 0.000000 0.916151 0.524605 0.000000 0.000000 0.000000 1.000000
0.916151 0.000000 -0.400833 -0.166635 0.000000 1.000000 0.000000 -0.364996 0.400833 0.000000 0.916151 0.524605 0.000000 0.000000 0.000000 1.000000
0.916151 0.000000 -0.400833 -0.166635 0.000000 1.000000 0.000000 -0.366902 0.400833 0.000000 0.916151 0.524605 0.000000 0.000000 0.000000 1.000000
0.916151 0.000000 -0.400833 -0.166635 0.000000 1.000000 0.000000 -0.368826 0.400833 0.000000 0.916151 0.524605 0.000000 0.000000 0.000000 1.000000
0.916151 0.000000 -0.400833 -0.166635 0.000000 1.000000 0.000000 -0.370762 0.400833 0.000000 0.916151 0.524605 0.000000 0.000000 0.000000 1.000000
0.916151 0.000000 -0.400833 -0.166635 0.000000 1.000000 0.000000 -0.372705 0.400833 0.000000 0.916151 0.524605 0.000000 0.000000 0.000000 1.000000
0.916151 0.000000 -0.400833 -0.166635 0.000000 1.000000 0.000000 -0.374647 0.400833 0.000000 0.916151 0.524605 0.000000 0.000000 0.000000 1.000000
0.916151 0.000000 -0.400833 -0.166635 0.000000 1.000000 0.000000 -0.376583 0.400833 0.000000 0.916151 0.524605 0.000000 0.000000 0.000000 1.000000
0.916151 0.000000 -0.400833 -0.166635 0.000000 1.000000 0.000000 -0.378507 0.400833 0.000000 0.916151 0.524605 0.000000 0.000000 0.000000 1.000000
0.916151 0.000000 -0.400833 -0.166635 0.000000 1.000000 0.000000 -0.380413 0.400833 0.000000 0.916151 0.524605 0.000000 0.000000 0.000000 1.000000
0.916151 0.000000 -0.400833 -0.166635 0.000000 1.000000 0.000000 -0.382293 0.400833 0.000000 0.916151 0.524605 0.000000 0.000000 0.000000 1.000000
0.916151 0.000000 -0.400833 -0.166635 0.000000 1.000000 0.000000 -0.384142 0.400833 0.000000 0.916151 0.524605 0.000000 0.000000 0.000000 1.000000
0.916151 0.000000 -0.400833 -0.166635 0.000000 1.000000 0.000000 -0.385954 0.400833 0.000000 0.916151 0.524605 0.000000 0.000000 0.000000 1.000000
0.916151 0.000000 -0.400833 -0.166635 0.000000 1.000000 0.000000 -0.387723 0.400833 0.000000 0.916151 0.524605 0.000000 0.000000 0.000000 1.000000
0.916151 0.000000 -0.400833 -0.166635 0.000000 1.000000 0.000000 -0.389441 0.400833 0.000000 0.916151 0.524605 0.000000 0.000000 0.000000 1.000000
0.916151 0.000000 -0.400833 -0.166635 0.000000 1.000000 0.000000 -0.391104 0.400833 0.000000 0.916151 0.524605 0.000000 0.000000 0.000000 1.000000
0.916151 0.000000 -0.400833 -0.166635 0.000000 1.000000 0.000000 -0.392705 0.400833 0.000000 0.916151 0.524605 0.000000 0.000000 0.000000 1.000000
0.916151 0.000000 -0.400833 -0.166635 0.000000 1.000000 0.000000 -0.394237 0.400833 0.000000 0.916151 0.524605 0.000000 0.000000 0.000000 1.000000
0.916151 0.000000 -0.400833 -0.166635 0.000000 1.000000 0.000000 -0.395694 0.400833 0.000000 0.916151 0.524605 0.000000 0.000000 0.000000 1.000000
0.916151 0.000000 -0.400833 -0.166635 0.000000 1.000000 0.000000 -0.397071 0.400833 0.000000 0.916151 0.524605 0.000000 0.000000 0.000000 1.000000
0.916151 0.000000 -0.400833 -0.166635 0.000000 1.000000 0.000000 -0.398360 0.400833 0.000000 0.916151 0.524605 0.000000 0.000000 0.000000 1.000000
0.916151 0.000000 -0.400833 -0.166635 0.000000 1.000000 0.000000 -0.399556 0.400833 0.000000 0.916151 0.524605 0.000000 0.000000 0.000000 1.000000
0.916151 0.000000 -0.400833 -0.166635 0.000000 1.000000 0.000000 -0.400653 0.400833 0.000000 0.916151 0.524605 0.000000 0.000000 0.000000 1.000000
0.916151 0.000000 -0.400833 -0.166635 0.000000 1.000000 0.000000 -0.401644 0.400833 0.000000 0.916151 0.524605 0.000000 0.000000 0.000000 1.000000
0.916151 0.000000 -0.400833 -0.166635 0.000000 1.000000 0.000000 -0.402523 0.400833 0.000000 0.916151 0.524605 0.000000 0.000000 0.000000 1.000000
0.916151 0.000000 -0.400833 -0.166635 0.000000 1.000000 0.000000 -0.403284 0.400833 0.000000 0.916151 0.524605 0.000000 0.000000 0.000000 1.000000
0.916151 0.000000 -0.400833 -0.166635 0.000000 1.000000 0.000000 -0.403920 0.400833 0.000000 0.916151 0.524605 0.000000 0.000000 0.000000 1.000000
0.916151 0.000000 -0.400833 -0.166635 0.000000 1.000000 0.000000 -0.404426 0.400833 0.000000 0.916151 0.524605 0.000000 0.000000 0.000000 1.000000
0.916151 0.000000 -0.400833 -0.166635 0.000000 1.000000 0.000000 -0.404795 0.400833 0.000000 0.916151 0.524605 0.000000 0.000000 0.000000 1.000000
0.916151 0.000000 -0.400833 -0.166635 0.000000 1.000000 0.000000 -0.405021 0.400833 0.000000 0.916151 0.524605 0.000000 0.000000 0.000000 1.000000
0.916151 0.000000 -0.400833 -0.166635 0.000000 1.000000 0.000000 -0.405098 0.400833 0.000000 0.916151 0.524605 0.000000 0.000000 0.000000 1.000000</float_array><technique_common><accessor source="#shoulder_right-Matrix-animation-output-transform-array" count="100" stride="16"><param type="float4x4"/></accessor></technique_common></source><source id="shoulder_right-Interpolations"><Name_array id="shoulder_right-Interpolations-array" count="100">
 LINEAR LINEAR LINEAR LINEAR LINEAR LINEAR LINEAR LINEAR LINEAR LINEAR LINEAR
LINEAR LINEAR LINEAR LINEAR LINEAR LINEAR LINEAR LINEAR LINEAR LINEAR LINEAR LINEAR
LINEAR LINEAR LINEAR LINEAR LINEAR LINEAR LINEAR LINEAR LINEAR LINEAR LINEAR LINEAR
LINEAR LINEAR LINEAR LINEAR LINEAR LINEAR LINEAR LINEAR LINEAR LINEAR LINEAR LINEAR
LINEAR LINEAR LINEAR LINEAR LINEAR LINEAR LINEAR LINEAR LINEAR LINEAR LINEAR LINEAR
LINEAR LINEAR LINEAR LINEAR LINEAR LINEAR LINEAR LINEAR LINEAR LINEAR LINEAR LINEAR
LINEAR LINEAR LINEAR LINEAR LINEAR LINEAR LINEAR LINEAR LINEAR LINEAR LINEAR LINEAR
LINEAR LINEAR LINEAR LINEAR LINEAR LINEAR LINEAR LINEAR LINEAR LINEAR LINEAR LINEAR
LINEAR LINEAR LINEAR LINEAR LINEAR</Name_array><technique_common><accessor source="#shoulder_right-Interpolations-array" count="100"><param type="name"/></accessor></technique_common></source><sampler id="shoulder_right-Matrix-animation-transform"><input semantic="INPUT" source="#shoulder_right-Matrix-animation-input"/><input semantic="OUTPUT" source="#shoulder_right-Matrix-animation-output-transform"/><input semantic="INTERPOLATION" source="#shoulder_right-Interpolations"/></sampler><channel source="#shoulder_right-Matrix-animation-transform" target="shoulder_right/matrix"/></animation></animation>
    <animation id="shoulder_left-anim" name="shoulder_left"><animation><source id="shoulder_left-Matrix-animation-input"><float_array id="shoulder_left-Matrix-animation-input-array" count="100">

0.041667 0.083333 0.125000 0.166667 0.208333 0.250000 0.291667 0.333333 0.375000 0.416667 0.458333 0.500000 0.541667 0.583333 0.625000 0.666667
0.708333 0.750000 0.791667 0.833333 0.875000 0.916667 0.958333 1.000000 1.041667 1.083333 1.125000 1.166667 1.208333 1.250000 1.291667 1.333333
1.375000 1.416667 1.458333 1.500000 1.541667 1.583333 1.625000 1.666667 1.708333 1.750000 1.791667 1.833333 1.875000 1.916667 1.958333 2.000000
2.041667 2.083333 2.125000 2.166667 2.208333 2.250000 2.291667 2.333333 2.375000 2.416667 2.458333 2.500000 2.541667 2.583333 2.625000 2.666667
2.708333 2.750000 2.791667 2.833333 2.875000 2.916667 2.958333 3.000000 3.041667 3.083333 3.125000 3.166667 3.208333 3.250000 3.291667 3.333333
3.375000 3.416667 3.458333 3.500000 3.541667 3.583333 3.625000 3.666667 3.708333 3.750000 3.791667 3.833333 3.875000 3.916667 3.958333 4.000000
4.041667 4.083333 4.125000 4.166667</float_array><technique_common><accessor source="#shoulder_left-Matrix-animation-input-array" count="100"><param name="TIME" type="float"/></accessor></technique_common></source><source id="shoulder_left-Matrix-animation-output-transform"><float_array id="shoulder_left-Matrix-animation-output-transform-array" count="1600">

0.916151 0.000000 -0.400833 0.127891 0.000000 1.000000 0.000000 -0.405098 0.400833 0.000000 0.916151 -0.535371 0.000000 0.000000 0.000000 1.000000
0.916151 0.000000 -0.400833 0.127891 0.000000 1.000000 0.000000 -0.405018 0.400833 0.000000 0.916151 -0.535371 0.000000 0.000000 0.000000 1.000000
0.916151 0.000000 -0.400833 0.127891 0.000000 1.000000 0.000000 -0.404783 0.400833 0.000000 0.916151 -0.535371 0.000000 0.000000 0.000000 1.000000
0.916151 0.000000 -0.400833 0.127891 0.000000 1.000000 0.000000 -0.404399 0.400833 0.000000 0.916151 -0.535371 0.000000 0.000000 0.000000 1.000000
0.916151 0.000000 -0.400833 0.127891 0.000000 1.000000 0.000000 -0.403873 0.400833 0.000000 0.916151 -0.535371 0.000000 0.000000 0.000000 1.000000
0.916151 0.000000 -0.400833 0.127891 0.000000 1.000000 0.000000 -0.403212 0.400833 0.000000 0.916151 -0.535371 0.000000 0.000000 0.000000 1.000000
0.916151 0.000000 -0.400833 0.127891 0.000000 1.000000 0.000000 -0.402422 0.400833 0.000000 0.916151 -0.535371 0.000000 0.000000 0.000000 1.000000
0.916151 0.000000 -0.400833 0.127891 0.000000 1.000000 0.000000 -0.401509 0.400833 0.000000 0.916151 -0.535371 0.000000 0.000000 0.000000 1.000000
0.916151 0.000000 -0.400833 0.127891 0.000000 1.000000 0.000000 -0.400481 0.400833 0.000000 0.916151 -0.535371 0.000000 0.000000 0.000000 1.000000
0.916151 0.000000 -0.400833 0.127891 0.000000 1.000000 0.000000 -0.399344 0.400833 0.000000 0.916151 -0.535371 0.000000 0.000000 0.000000 1.000000
0.916151 0.000000 -0.400833 0.127891 0.000000 1.000000 0.000000 -0.398104 0.400833 0.000000 0.916151 -0.535371 0.000000 0.000000 0.000000 1.000000
0.916151 0.000000 -0.400833 0.127891 0.000000 1.000000 0.000000 -0.396769 0.400833 0.000000 0.916151 -0.535371 0.000000 0.000000 0.000000 1.000000
0.916151 0.000000 -0.400833 0.127891 0.000000 1.000000 0.000000 -0.395344 0.400833 0.000000 0.916151 -0.535371 0.000000 0.000000 0.000000 1.000000
0.916151 0.000000 -0.400833 0.127891 0.000000 1.000000 0.000000 -0.393837 0.400833 0.000000 0.916151 -0.535371 0.000000 0.000000 0.000000 1.000000
0.916151 0.000000 -0.400833 0.127891 0.000000 1.000000 0.000000 -0.392254 0.400833 0.000000 0.916151 -0.535371 0.000000 0.000000 0.000000 1.000000
0.916151 0.000000 -0.400833 0.127891 0.000000 1.000000 0.000000 -0.390601 0.400833 0.000000 0.916151 -0.535371 0.000000 0.000000 0.000000 1.000000
0.916151 0.000000 -0.400833 0.127891 0.000000 1.000000 0.000000 -0.388886 0.400833 0.000000 0.916151 -0.535371 0.000000 0.000000 0.000000 1.000000
0.916151 0.000000 -0.400833 0.127891 0.000000 1.000000 0.000000 -0.387114 0.400833 0.000000 0.916151 -0.535371 0.000000 0.000000 0.000000 1.000000
0.916151 0.000000 -0.400833 0.127891 0.000000 1.000000 0.000000 -0.385293 0.400833 0.000000 0.916151 -0.535371 0.000000 0.000000 0.000000 1.000000
0.916151 0.000000 -0.400833 0.127891 0.000000 1.000000 0.000000 -0.383429 0.400833 0.000000 0.916151 -0.535371 0.000000 0.000000 0.000000 1.000000
0.916151 0.000000 -0.400833 0.127891 0.000000 1.000000 0.000000 -0.381529 0.400833 0.000000 0.916151 -0.535371 0.000000 0.000000 0.000000 1.000000
0.916151 0.000000 -0.400833 0.127891 0.000000 1.000000 0.000000 -0.379599 0.400833 0.000000 0.916151 -0.535371 0.000000 0.000000 0.000000 1.000000
0.916151 0.000000 -0.400833 0.127891 0.000000 1.000000 0.000000 -0.377646 0.400833 0.000000 0.916151 -0.535371 0.000000 0.000000 0.000000 1.000000
0.916151 0.000000 -0.400833 0.127891 0.000000 1.000000 0.000000 -0.375676 0.400833 0.000000 0.916151 -0.535371 0.000000 0.000000 0.000000 1.000000
0.916151 0.000000 -0.400833 0.127891 0.000000 1.000000 0.000000 -0.373696 0.400833 0.000000 0.916151 -0.535371 0.000000 0.000000 0.000000 1.000000
0.916151 0.000000 -0.400833 0.127891 0.000000 1.000000 0.000000 -0.371713 0.400833 0.000000 0.916151 -0.535371 0.000000 0.000000 0.000000 1.000000
0.916151 0.000000 -0.400833 0.127891 0.000000 1.000000 0.000000 -0.369733 0.400833 0.000000 0.916151 -0.535371 0.000000 0.000000 0.000000 1.000000
0.916151 0.000000 -0.400833 0.127891 0.000000 1.000000 0.000000 -0.367764 0.400833 0.000000 0.916151 -0.535371 0.000000 0.000000 0.000000 1.000000
0.916151 0.000000 -0.400833 0.127891 0.000000 1.000000 0.000000 -0.365810 0.400833 0.000000 0.916151 -0.535371 0.000000 0.000000 0.000000 1.000000
0.916151 0.000000 -0.400833 0.127891 0.000000 1.000000 0.000000 -0.363880 0.400833 0.000000 0.916151 -0.535371 0.000000 0.000000 0.000000 1.000000
0.916151 0.000000 -0.400833 0.127891 0.000000 1.000000 0.000000 -0.361980 0.400833 0.000000 0.916151 -0.535371 0.000000 0.000000 0.000000 1.000000
0.916151 0.000000 -0.400833 0.127891 0.000000 1.000000 0.000000 -0.360116 0.400833 0.000000 0.916151 -0.535371 0.000000 0.000000 0.000000 1.000000
0.916151 0.000000 -0.400833 0.127891 0.000000 1.000000 0.000000 -0.358295 0.400833 0.000000 0.916151 -0.535371 0.000000 0.000000 0.000000 1.000000
0.916151 0.000000 -0.400833 0.127891 0.000000 1.000000 0.000000 -0.356523 0.400833 0.000000 0.916151 -0.535371 0.000000 0.000000 0.000000 1.000000
0.916151 0.000000 -0.400833 0.127891 0.000000 1.000000 0.000000 -0.354808 0.400833 0.000000 0.916151 -0.535371 0.000000 0.000000 0.000000 1.000000
0.916151 0.000000 -0.400833 0.127891 0.000000 1.000000 0.000000 -0.353155 0.400833 0.000000 0.916151 -0.535371 0.000000 0.000000 0.000000 1.000000
0.916151 0.000000 -0.400833 0.127891 0.000000 1.000000 0.000000 -0.351572 0.400833 0.000000 0.916151 -0.535371 0.000000 0.000000 0.000000 1.000000
0.916151 0.000000 -0.400833 0.127891 0.000000 1.000000 0.000000 -0.350065 0.400833 0.000000 0.916151 -0.535371 0.000000 0.000000 0.000000 1.000000
0.916151 0.000000 -0.400833 0.127891 0.000000 1.000000 0.000000 -0.348640 0.400833 0.000000 0.916151 -0.535371 0.000000 0.000000 0.000000 1.000000
0.916151 0.000000 -0.400833 0.127891 0.000000 1.000000 0.000000 -0.347305 0.400833 0.000000 0.916151 -0.535371 0.000000 0.000000 0.000000 1.000000
0.916151 0.000000 -0.400833 0.127891 0.000000 1.000000 0.000000 -0.346065 0.400833 0.000000 0.916151 -0.535371 0.000000 0.000000 0.000000 1.000000
0.916151 0.000000 -0.400833 0.127891 0.000000 1.000000 0.000000 -0.344928 0.400833 0.000000 0.916151 -0.535371 0.000000 0.000000 0.000000 1.000000
0.916151 0.000000 -0.400833 0.127891 0.000000 1.000000 0.000000 -0.343900 0.400833 0.000000 0.916151 -0.535371 0.000000 0.000000 0.000000 1.000000
0.916151 0.000000 -0.400833 0.127891 0.000000 1.000000 0.000000 -0.342987 0.400833 0.000000 0.916151 -0.535371 0.000000 0.000000 0.000000 1.000000
0.916151 0.000000 -0.400833 0.127891 0.000000 1.000000 0.000000 -0.342197 0.400833 0.000000 0.916151 -0.535371 0.000000 0.000000 0.000000 1.000000
0.916151 0.000000 -0.400833 0.127891 0.000000 1.000000 0.000000 -0.341536 0.400833 0.000000 0.916151 -0.535371 0.000000 0.000000 0.000000 1.000000
0.916151 0.000000 -0.400833 0.127891 0.000000 1.000000 0.000000 -0.341010 0.400833 0.000000 0.916151 -0.535371 0.000000 0.000000 0.000000 1.000000
0.916151 0.000000 -0.400833 0.127891 0.000000 1.000000 0.000000 -0.340626 0.400833 0.000000 0.916151 -0.535371 0.000000 0.000000 0.000000 1.000000
0.916151 0.000000 -0.400833 0.127891 0.000000 1.000000 0.000000 -0.340391 0.400833 0.000000 0.916151 -0.535371 0.000000 0.000000 0.000000 1.000000
0.916151 0.000000 -0.400833 0.127891 0.000000 1.000000 0.000000 -0.340311 0.400833 0.000000 0.916151 -0.535371 0.000000 0.000000 0.000000 1.000000
0.916151 0.000000 -0.400833 0.127891 0.000000 1.000000 0.000000 -0.340388 0.400833 0.000000 0.916151 -0.535371 0.000000 0.000000 0.000000 1.000000
0.916151 0.000000 -0.400833 0.127891 0.000000 1.000000 0.000000 -0.340614 0.400833 0.000000 0.916151 -0.535371 0.000000 0.000000 0.000000 1.000000
0.916151 0.000000 -0.400833 0.127891 0.000000 1.000000 0.000000 -0.340983 0.400833 0.000000 0.916151 -0.535371 0.000000 0.000000 0.000000 1.000000
0.916151 0.000000 -0.400833 0.127891 0.000000 1.000000 0.000000 -0.341489 0.400833 0.000000 0.916151 -0.535371 0.000000 0.000000 0.000000 1.000000
0.916151 0.000000 -0.400833 0.127891 0.000000 1.000000 0.000000 -0.342125 0.400833 0.000000 0.916151 -0.535371 0.000000 0.000000 0.000000 1.000000
0.916151 0.000000 -0.400833 0.127891 0.000000 1.000000 0.000000 -0.342886 0.400833 0.000000 0.916151 -0.535371 0.000000 0.000000 0.000000 1.000000
0.916151 0.000000 -0.400833 0.127891 0.000000 1.000000 0.000000 -0.343765 0.400833 0.000000 0.916151 -0.535371 0.000000 0.000000 0.000000 1.000000
0.916151 0.000000 -0.400833 0.127891 0.000000 1.000000 0.000000 -0.344756 0.400833 0.000000 0.916151 -0.535371 0.000000 0.000000 0.000000 1.000000
0.916151 0.000000 -0.400833 0.127891 0.000000 1.000000 0.000000 -0.345853 0.400833 0.000000 0.916151 -0.535371 0.000000 0.000000 0.000000 1.000000
0.916151 0.000000 -0.400833 0.127891 0.000000 1.000000 0.000000 -0.347049 0.400833 0.000000 0.916151 -0.535371 0.000000 0.000000 0.000000 1.000000
0.916151 0.000000 -0.400833 0.127891 0.000000 1.000000 0.000000 -0.348338 0.400833 0.000000 0.916151 -0.535371 0.000000 0.000000 0.000000 1.000000
0.916151 0.000000 -0.400833 0.127891 0.000000 1.000000 0.000000 -0.349715 0.400833 0.000000 0.916151 -0.535371 0.000000 0.000000 0.000000 1.000000
0.916151 0.000000 -0.400833 0.127891 0.000000 1.000000 0.000000 -0.351172 0.400833 0.000000 0.916151 -0.535371 0.000000 0.000000 0.000000 1.000000
0.916151 0.000000 -0.400833 0.127891 0.000000 1.000000 0.000000 -0.352705 0.400833 0.000000 0.916151 -0.535371 0.000000 0.000000 0.000000 1.000000
0.916151 0.000000 -0.400833 0.127891 0.000000 1.000000 0.000000 -0.354305 0.400833 0.000000 0.916151 -0.535371 0.000000 0.000000 0.000000 1.000000
0.916151 0.000000 -0.400833 0.127891 0.000000 1.000000 0.000000 -0.355968 0.400833 0.000000 0.916151 -0.535371 0.000000 0.000000 0.000000 1.000000
0.916151 0.000000 -0.400833 0.127891 0.000000 1.000000 0.000000 -0.357686 0.400833 0.000000 0.916151 -0.535371 0.000000 0.000000 0.000000 1.000000
0.916151 0.000000 -0.400833 0.127891 0.000000 1.000000 0.000000 -0.359455 0.400833 0.000000 0.916151 -0.535371 0.000000 0.000000 0.000000 1.000000
0.916151 0.000000 -0.400833 0.127891 0.000000 1.000000 0.000000 -0.361267 0.400833 0.000000 0.916151 -0.535371 0.000000 0.000000 0.000000 1.000000
0.916151 0.000000 -0.400833 0.127891 0.000000 1.000000 0.000000 -0.363116 0.400833 0.000000 0.916151 -0.535371 0.000000 0.000000 0.000000 1.000000
0.916151 0.000000 -0.400833 0.127891 0.000000 1.000000 0.000000 -0.364996 0.400833 0.000000 0.916151 -0.535371 0.000000 0.000000 0.000000 1.000000
0.916151 0.000000 -0.400833 0.127891 0.000000 1.000000 0.000000 -0.366902 0.400833 0.000000 0.916151 -0.535371 0.000000 0.000000 0.000000 1.000000
0.916151 0.000000 -0.400833 0.127891 0.000000 1.000000 0.000000 -0.368826 0.400833 0.000000 0.916151 -0.535371 0.000000 0.000000 0.000000 1.000000
0.916151 0.000000 -0.400833 0.127891 0.000000 1.000000 0.000000 -0.370762 0.400833 0.000000 0.916151 -0.535371 0.000000 0.000000 0.000000 1.000000
0.916151 0.000000 -0.400833 0.127891 0.000000 1.000000 0.000000 -0.372705 0.400833 0.000000 0.916151 -0.535371 0.000000 0.000000 0.000000 1.000000
0.916151 0.000000 -0.400833 0.127891 0.000000 1.000000 0.000000 -0.374647 0.400833 0.000000 0.916151 -0.535371 0.000000 0.000000 0.000000 1.000000
0.916151 0.000000 -0.400833 0.127891 0.000000 1.000000 0.000000 -0.376583 0.400833 0.000000 0.916151 -0.535371 0.000000 0.000000 0.000000 1.000000
0.916151 0.000000 -0.400833 0.127891 0.000000 1.000000 0.000000 -0.378507 0.400833 0.000000 0.916151 -0.535371 0.000000 0.000000 0.000000 1.000000
0.916151 0.000000 -0.400833 0.127891 0.000000 1.000000 0.000000 -0.380413 0.400833 0.000000 0.916151 -0.535371 0.000000 0.000000 0.000000 1.000000
0.916151 0.000000 -0.400833 0.127891 0.000000 1.000000 0.000000 -0.382293 0.400833 0.000000 0.916151 -0.535371 0.000000 0.000000 0.000000 1.000000
0.916151 0.000000 -0.400833 0.127891 0.000000 1.000000 0.000000 -0.384142 0.400833 0.000000 0.916151 -0.535371 0.000000 0.000000 0.000000 1.000000
0.916151 0.000000 -0.400833 0.127891 0.000000 1.000000 0.000000 -0.385954 0.400833 0.000000 0.916151 -0.535371 0.000000 0.000000 0.000000 1.000000
0.916151 0.000000 -0.400833 0.127891 0.000000 1.000000 0.000000 -0.387723 0.400833 0.000000 0.916151 -0.535371 0.000000 0.000000 0.000000 1.000000
0.916151 0.000000 -0.400833 0.127891 0.000000 1.000000 0.000000 -0.389441 0.400833 0.000000 0.916151 -0.535371 0.000000 0.000000 0.000000 1.000000
0.916151 0.000000 -0.400833 0.127891 0.000000 1.000000 0.000000 -0.391104 0.400833 0.000000 0.916151 -0.535371 0.000000 0.000000 0.000000 1.000000
0.916151 0.000000 -0.400833 0.127891 0.000000 1.000000 0.000000 -0.392705 0.400833 0.000000 0.916151 -0.535371 0.000000 0.000000 0.000000 1.000000
0.916151 0.000000 -0.400833 0.127891 0.000000 1.000000 0.000000 -0.394237 0.400833 0.000000 0.916151 -0.535371 0.000000 0.000000 0.000000 1.000000
0.916151 0.000000 -0.400833 0.127891 0.000000 1.000000 0.000000 -0.395694 0.400833 0.000000 0.916151 -0.535371 0.000000 0.000000 0.000000 1.000000
0.916151 0.000000 -0.400833 0.127891 0.000000 1.000000 0.000000 -0.397071 0.400833 0.000000 0.916151 -0.535371 0.000000 0.000000 0.000000 1.000000
0.916151 0.000000 -0.400833 0.127891 0.000000 1.000000 0.000000 -0.398360 0.400833 0.000000 0.916151 -0.535371 0.000000 0.000000 0.000000 1.000000
0.916151 0.000000 -0.400833 0.127891 0.000000 1.000000 0.000000 -0.399556 0.400833 0.000000 0.916151 -0.535371 0.000000 0.000000 0.000000 1.000000
0.916151 0.000000 -0.400833 0.127891 0.000000 1.000000 0.000000 -0.400653 0.400833 0.000000 0.916151 -0.535371 0.000000 0.000000 0.000000 1.000000
0.916151 0.000000 -0.400833 0.127891 0.000000 1.000000 0.000000 -0.401644 0.400833 0.000000 0.916151 -0.535371 0.000000 0.000000 0.000000 1.000000
0.916151 0.000000 -0.400833 0.127891 0.000000 1.000000 0.000000 -0.402523 0.400833 0.000000 0.916151 -0.535371 0.000000 0.000000 0.000000 1.000000
0.916151 0.000000 -0.400833 0.127891 0.000000 1.000000 0.000000 -0.403284 0.400833 0.000000 0.916151 -0.535371 0.000000 0.000000 0.000000 1.000000
0.916151 0.000000 -0.400833 0.127891 0.000000 1.000000 0.000000 -0.403920 0.400833 0.000000 0.916151 -0.535371 0.000000 0.000000 0.000000 1.000000
0.916151 0.000000 -0.400833 0.127891 0.000000 1.000000 0.000000 -0.404426 0.400833 0.000000 0.916151 -0.535371 0.000000 0.000000 0.000000 1.000000
0.916151 0.000000 -0.400833 0.127891 0.000000 1.000000 0.000000 -0.404795 0.400833 0.000000 0.916151 -0.535371 0.000000 0.000000 0.000000 1.000000
0.916151 0.000000 -0.400833 0.127891 0.000000 1.000000 0.000000 -0.405021 0.400833 0.000000 0.916151 -0.535371 0.000000 0.000000 0.000000 1.000000
0.916151 0.000000 -0.400833 0.127891 0.000000 1.000000 0.000000 -0.405098 0.400833 0.000000 0.916151 -0.535371 0.000000 0.000000 0.000000 1.000000</float_array><technique_common><accessor source="#shoulder_left-Matrix-animation-output-transform-array" count="100" stride="16"><param type="float4x4"/></accessor></technique_common></source><source id="shoulder_left-Interpolations"><Name_array id="shoulder_left-Interpolations-array" count="100">
 LINEAR LINEAR LINEAR LINEAR LINEAR LINEAR LINEAR LINEAR LINEAR LINEAR LINEAR
LINEAR LINEAR LINEAR LINEAR LINEAR LINEAR LINEAR LINEAR LINEAR LINEAR LINEAR LINEAR
LINEAR LINEAR LINEAR LINEAR LINEAR LINEAR LINEAR LINEAR LINEAR LINEAR LINEAR LINEAR
LINEAR LINEAR LINEAR LINEAR LINEAR LINEAR LINEAR LINEAR LINEAR LINEAR LINEAR LINEAR
LINEAR LINEAR LINEAR LINEAR LINEAR LINEAR LINEAR LINEAR LINEAR LINEAR LINEAR LINEAR
LINEAR LINEAR LINEAR LINEAR LINEAR LINEAR LINEAR LINEAR LINEAR LINEAR LINEAR LINEAR
LINEAR LINEAR LINEAR LINEAR LINEAR LINEAR LINEAR LINEAR LINEAR LINEAR LINEAR LINEAR
LINEAR LINEAR LINEAR LINEAR LINEAR LINEAR LINEAR LINEAR LINEAR LINEAR LINEAR LINEAR
LINEAR LINEAR LINEAR LINEAR LINEAR</Name_array><technique_common><accessor source="#shoulder_left-Interpolations-array" count="100"><param type="name"/></accessor></technique_common></source><sampler id="shoulder_left-Matrix-animation-transform"><input semantic="INPUT" source="#shoulder_left-Matrix-animation-input"/><input semantic="OUTPUT" source="#shoulder_left-Matrix-animation-output-transform"/><input semantic="INTERPOLATION" source="#shoulder_left-Interpolations"/></sampler><channel source="#shoulder_left-Matrix-animation-transform" target="shoulder_left/matrix"/></animation></animation>
  </library_animations>
  <library_visual_scenes>
    <visual_scene id="stan" name="stan">
      <node name="parent_joint" id="parent_joint" sid="parent_joint" type="JOINT"><matrix sid="matrix">0.267719 0.000000 -0.963497 0.000000 0.000000 1.000000 0.000000 1.623966 0.963497 0.000000 0.267719 -0.020477 0.000000 0.000000 0.000000 1.000000</matrix><extra><technique profile="FCOLLADA"><visibility>1.000000</visibility></technique></extra><node name="shoulder_right" id="shoulder_right" sid="shoulder_right" type="JOINT"><matrix sid="matrix">0.916151 0.000000 -0.400833 -0.166635 0.000000 1.000000 0.000000 -0.405098 0.400833 0.000000 0.916151 0.524605 0.000000 0.000000 0.000000 1.000000</matrix><extra><technique profile="FCOLLADA"><visibility>1.000000</visibility></technique></extra><node name="handrightt" id="handrightt" sid="handrightt" type="JOINT"><matrix sid="matrix">-0.140930 0.000000 0.990019 0.102609 0.000000 1.000000 0.000000 -0.748602 -0.990019 0.000000 -0.140930 0.187302 0.000000 0.000000 0.000000 1.000000</matrix><extra><technique profile="FCOLLADA"><visibility>1.000000</visibility></technique></extra></node></node><node name="end" id="end" sid="end" type="JOINT"><matrix sid="matrix">0.267719 0.000000 0.963497 0.015004 0.000000 1.000000 0.000000 -1.611890 -0.963497 0.000000 0.267719 0.004169 0.000000 0.000000 0.000000 1.000000</matrix><extra><technique profile="FCOLLADA"><visibility>1.000000</visibility></technique></extra></node><node name="shoulder_left" id="shoulder_left" sid="shoulder_left" type="JOINT"><matrix sid="matrix">0.916151 0.000000 -0.400833 0.127891 0.000000 1.000000 0.000000 -0.405098 0.400833 0.000000 0.916151 -0.535371 0.000000 0.000000 0.000000 1.000000</matrix><extra><technique profile="FCOLLADA"><visibility>1.000000</visibility></technique></extra><node name="hand_left" id="hand_left" sid="hand_left" type="JOINT"><matrix sid="matrix">-0.140930 0.000000 0.990019 0.046267 0.000000 1.000000 0.000000 -0.748602 -0.990019 0.000000 -0.140930 -0.208494 0.000000 0.000000 0.000000 1.000000</matrix><extra><technique profile="FCOLLADA"><visibility>1.000000</visibility></technique></extra></node></node><node name="head" id="head" sid="head" type="JOINT"><matrix sid="matrix">-0.079026 0.000000 0.996873 0.226376 0.000000 1.000000 0.000000 0.579000 -0.996873 0.000000 -0.079026 0.062901 0.000000 0.000000 0.000000 1.000000</matrix><extra><technique profile="FCOLLADA"><visibility>1.000000</visibility></technique></extra></node></node>
      <node name="stanMesh" id="stanMesh" sid="stanMesh"><instance_controller url="#stanMeshController"><skeleton>#parent_joint</skeleton><bind_material><technique_common><instance_material symbol="lambert8" target="#lambert8"/></technique_common></bind_material></instance_controller><extra><technique profile="FCOLLADA"><visibility>1.000000</visibility></technique></extra></node>
      <extra><technique profile="MAX3D"><frame_rate>24.000000</frame_rate></technique><technique profile="FCOLLADA"><start_time>0.041667</start_time><end_time>4.166667</end_time></technique></extra>
    </visual_scene>
  </library_visual_scenes>
  <scene>
    <instance_visual_scene url="#stan"></instance_visual_scene>
  </scene>
</COLLADA>
